Date,ID,Metric,CallPct,PutPct,TotalVol
2026-02-27,AUD,NOTIONAL,5%,95%,32540442.0
2026-02-27,AUD,OPEN INT.,35%,65%,381746277.0
2026-02-27,AUD,≤ 1W,34%,66%,688038516.0
2026-02-27,AUD,> 1W,84%,16%,208907800.0
2026-02-27,CAD,NOTIONAL,61%,39%,52632505.0
2026-02-27,CAD,OPEN INT.,36%,64%,214523110.0
2026-02-27,CAD,≤ 1W,50%,50%,221536290.0
2026-02-27,CAD,> 1W,58%,42%,19288154.0
2026-02-27,CHF,NOTIONAL,77%,23%,4887346.0
2026-02-27,CHF,OPEN INT.,58%,42%,21009585.0
2026-02-27,CHF,≤ 1W,93%,7%,585754614.0
2026-02-27,CHF,> 1W,69%,31%,120031505.0
2026-02-27,EUR,NOTIONAL,23%,77%,1428753203.0
2026-02-27,EUR,OPEN INT.,32%,68%,2741339202.0
2026-02-27,EUR,≤ 1W,45%,55%,2011942800.0
2026-02-27,EUR,> 1W,40%,60%,2997826147.0
2026-02-27,GBP,NOTIONAL,1%,99%,99862537.0
2026-02-27,GBP,OPEN INT.,39%,61%,570426920.0
2026-02-27,GBP,≤ 1W,65%,35%,39171670.0
2026-02-27,GBP,> 1W,5%,95%,177366359.0
2026-02-27,JPY,NOTIONAL,49%,51%,110986975.0
2026-02-27,JPY,OPEN INT.,52%,48%,590114140.0
2026-02-27,JPY,≤ 1W,52%,48%,575048760.0
2026-02-27,JPY,> 1W,67%,33%,491227550.0
2026-03-02,AUD,NOTIONAL,34%,66%,38808796.0
2026-03-02,AUD,OPEN INT.,35%,65%,410445640.0
2026-03-02,AUD,≤ 1W,79%,21%,447543042.0
2026-03-02,AUD,> 1W,37%,63%,434262369.0
2026-03-02,CAD,NOTIONAL,3%,97%,52605635.0
2026-03-02,CAD,OPEN INT.,30%,70%,265223125.0
2026-03-02,CAD,≤ 1W,17%,83%,92261065.0
2026-03-02,CAD,> 1W,31%,69%,90816215.0
2026-03-02,CHF,NOTIONAL,21%,79%,4504326.0
2026-03-02,CHF,OPEN INT.,52%,48%,23325970.0
2026-03-02,CHF,≤ 1W,65%,35%,195133794.0
2026-03-02,CHF,> 1W,95%,5%,832741117.0
2026-03-02,EUR,NOTIONAL,25%,75%,1262898576.0
2026-03-02,EUR,OPEN INT.,31%,69%,3726273116.0
2026-03-02,EUR,≤ 1W,44%,56%,5854223380.0
2026-03-02,EUR,> 1W,37%,63%,4522722047.0
2026-03-02,GBP,NOTIONAL,41%,59%,15005124.0
2026-03-02,GBP,OPEN INT.,40%,60%,580673096.0
2026-03-02,GBP,≤ 1W,28%,72%,148123194.0
2026-03-02,GBP,> 1W,51%,49%,141691539.0
2026-03-02,JPY,NOTIONAL,77%,23%,136991195.0
2026-03-02,JPY,OPEN INT.,56%,44%,709271118.0
2026-03-02,JPY,≤ 1W,75%,25%,711575496.0
2026-03-02,JPY,> 1W,70%,30%,591615033.0
2026-03-03,AUD,NOTIONAL,75%,25%,692138280.0
2026-03-03,AUD,OPEN INT.,51%,49%,861783360.0
2026-03-03,AUD,≤ 1W,70%,30%,539929095.0
2026-03-03,AUD,> 1W,67%,33%,1019081455.0
2026-03-03,CAD,NOTIONAL,29%,71%,126208507.0
2026-03-03,CAD,OPEN INT.,30%,70%,386276453.0
2026-03-03,CAD,≤ 1W,52%,48%,136022152.0
2026-03-03,CAD,> 1W,36%,64%,351133311.0
2026-03-03,CHF,NOTIONAL,43%,57%,7438776.0
2026-03-03,CHF,OPEN INT.,58%,42%,26197426.0
2026-03-03,CHF,≤ 1W,66%,34%,4624594.0
2026-03-03,CHF,> 1W,95%,5%,914804767.0
2026-03-03,EUR,NOTIONAL,61%,39%,834158353.0
2026-03-03,EUR,OPEN INT.,39%,61%,4237577666.0
2026-03-03,EUR,≤ 1W,21%,79%,3701688349.0
2026-03-03,EUR,> 1W,30%,70%,6839530493.0
2026-03-03,GBP,NOTIONAL,25%,75%,134162285.0
2026-03-03,GBP,OPEN INT.,37%,63%,707951799.0
2026-03-03,GBP,≤ 1W,51%,49%,210322088.0
2026-03-03,GBP,> 1W,33%,67%,365882914.0
2026-03-03,JPY,NOTIONAL,97%,3%,76322166.0
2026-03-03,JPY,OPEN INT.,59%,41%,763420025.0
2026-03-03,JPY,≤ 1W,77%,23%,275120641.0
2026-03-03,JPY,> 1W,78%,22%,336852045.0
2026-03-04,AUD,NOTIONAL,74%,26%,44289420.0
2026-03-04,AUD,OPEN INT.,53%,47%,631886800.0
2026-03-04,AUD,≤ 1W,57%,43%,55275179.0
2026-03-04,AUD,> 1W,40%,60%,148099720.0
2026-03-04,CAD,NOTIONAL,37%,63%,49500600.0
2026-03-04,CAD,OPEN INT.,16%,84%,253923255.0
2026-03-04,CAD,≤ 1W,58%,42%,57649620.0
2026-03-04,CAD,> 1W,78%,22%,104087548.0
2026-03-04,CHF,NOTIONAL,92%,8%,1947300.0
2026-03-04,CHF,OPEN INT.,61%,39%,27586750.0
2026-03-04,CHF,≤ 1W,96%,4%,68618900.0
2026-03-04,CHF,> 1W,63%,37%,7943175.0
2026-03-04,EUR,NOTIONAL,58%,42%,532227752.0
2026-03-04,EUR,OPEN INT.,42%,58%,3973008638.0
2026-03-04,EUR,≤ 1W,62%,38%,1422907164.0
2026-03-04,EUR,> 1W,70%,30%,3674340519.0
2026-03-04,GBP,NOTIONAL,32%,68%,1839125.0
2026-03-04,GBP,OPEN INT.,38%,62%,586036000.0
2026-03-04,GBP,≤ 1W,59%,41%,101648814.0
2026-03-04,GBP,> 1W,59%,41%,120023251.0
2026-03-04,JPY,NOTIONAL,45%,55%,179544309.0
2026-03-04,JPY,OPEN INT.,54%,46%,624590315.0
2026-03-04,JPY,≤ 1W,50%,50%,315844182.0
2026-03-04,JPY,> 1W,58%,42%,402395818.0
2026-03-05,AUD,NOTIONAL,38%,62%,67132980.0
2026-03-05,AUD,OPEN INT.,51%,49%,673440900.0
2026-03-05,AUD,≤ 1W,50%,50%,203632050.0
2026-03-05,AUD,> 1W,28%,72%,225933980.0
2026-03-05,CAD,NOTIONAL,35%,65%,14010805.0
2026-03-05,CAD,OPEN INT.,17%,83%,265251680.0
2026-03-05,CAD,≤ 1W,47%,53%,182517700.0
2026-03-05,CAD,> 1W,52%,48%,142234120.0
2026-03-05,CHF,NOTIONAL,60%,40%,1603050.0
2026-03-05,CHF,OPEN INT.,61%,39%,28213680.0
2026-03-05,CHF,≤ 1W,57%,43%,1117769.0
2026-03-05,CHF,> 1W,50%,50%,3526710.0
2026-03-05,EUR,NOTIONAL,17%,83%,1625454604.0
2026-03-05,EUR,OPEN INT.,35%,65%,5304964093.0
2026-03-05,EUR,≤ 1W,39%,61%,1562062782.0
2026-03-05,EUR,> 1W,31%,69%,5140734740.0
2026-03-05,GBP,NOTIONAL,2%,98%,129532818.0
2026-03-05,GBP,OPEN INT.,31%,69%,713806737.0
2026-03-05,GBP,≤ 1W,3%,97%,180182496.0
2026-03-05,GBP,> 1W,40%,60%,364910547.0
2026-03-05,JPY,NOTIONAL,31%,69%,173009250.0
2026-03-05,JPY,OPEN INT.,49%,51%,784292625.0
2026-03-05,JPY,≤ 1W,29%,71%,340859802.0
2026-03-05,JPY,> 1W,44%,56%,310201899.0
2026-03-06,AUD,NOTIONAL,57%,43%,123253640.0
2026-03-06,AUD,OPEN INT.,53%,47%,776090830.0
2026-03-06,AUD,≤ 1W,41%,59%,267530280.0
2026-03-06,AUD,> 1W,37%,63%,653499180.0
2026-03-06,CAD,NOTIONAL,62%,38%,172159680.0
2026-03-06,CAD,OPEN INT.,34%,66%,432210240.0
2026-03-06,CAD,≤ 1W,78%,22%,132159555.0
2026-03-06,CAD,> 1W,55%,45%,642576643.0
2026-03-06,CHF,NOTIONAL,68%,32%,38533240.0
2026-03-06,CHF,OPEN INT.,69%,31%,63246540.0
2026-03-06,CHF,≤ 1W,66%,34%,39628488.0
2026-03-06,CHF,> 1W,37%,63%,7479028.0
2026-03-06,EUR,NOTIONAL,42%,58%,2194584959.0
2026-03-06,EUR,OPEN INT.,37%,63%,7158953795.0
2026-03-06,EUR,≤ 1W,41%,59%,2644638640.0
2026-03-06,EUR,> 1W,27%,73%,4970919515.0
2026-03-06,GBP,NOTIONAL,32%,68%,244894404.0
2026-03-06,GBP,OPEN INT.,32%,68%,949976826.0
2026-03-06,GBP,≤ 1W,53%,47%,245728230.0
2026-03-06,GBP,> 1W,21%,79%,303929726.0
2026-03-06,JPY,NOTIONAL,45%,55%,817743850.0
2026-03-06,JPY,OPEN INT.,47%,53%,1578794200.0
2026-03-06,JPY,≤ 1W,44%,56%,738187944.0
2026-03-06,JPY,> 1W,20%,80%,1355697690.0
2026-03-09,AUD,NOTIONAL,85%,15%,81611800.0
2026-03-09,AUD,OPEN INT.,56%,44%,853757925.0
2026-03-09,AUD,≤ 1W,87%,13%,107009955.0
2026-03-09,AUD,> 1W,42%,58%,402658825.0
2026-03-09,CAD,NOTIONAL,16%,84%,2292450.0
2026-03-09,CAD,OPEN INT.,34%,66%,433716750.0
2026-03-09,CAD,≤ 1W,35%,65%,3993300.0
2026-03-09,CAD,> 1W,61%,39%,562099775.0
2026-03-09,CHF,NOTIONAL,27%,73%,64603089.0
2026-03-09,CHF,OPEN INT.,47%,53%,120786726.0
2026-03-09,CHF,≤ 1W,62%,38%,11981525.0
2026-03-09,CHF,> 1W,53%,47%,423441191.0
2026-03-09,EUR,NOTIONAL,8%,92%,1104363454.0
2026-03-09,EUR,OPEN INT.,34%,66%,7956621716.0
2026-03-09,EUR,≤ 1W,50%,50%,243960229.0
2026-03-09,EUR,> 1W,27%,73%,4907990051.0
2026-03-09,GBP,NOTIONAL,84%,16%,94015577.0
2026-03-09,GBP,OPEN INT.,36%,64%,1046383314.0
2026-03-09,GBP,≤ 1W,52%,48%,40149001.0
2026-03-09,GBP,> 1W,30%,70%,624704497.0
2026-03-09,JPY,NOTIONAL,64%,36%,64222071.0
2026-03-09,JPY,OPEN INT.,48%,52%,1608894134.0
2026-03-09,JPY,≤ 1W,81%,19%,97089127.0
2026-03-09,JPY,> 1W,72%,28%,575758287.0
2026-03-10,AUD,NOTIONAL,33%,67%,229243420.0
2026-03-10,AUD,OPEN INT.,51%,49%,1056643280.0
2026-03-10,AUD,≤ 1W,24%,76%,201238240.0
2026-03-10,AUD,> 1W,69%,31%,224157430.0
2026-03-10,CAD,NOTIONAL,3%,97%,27810840.0
2026-03-10,CAD,OPEN INT.,32%,68%,458361105.0
2026-03-10,CAD,≤ 1W,26%,74%,36834570.0
2026-03-10,CAD,> 1W,39%,61%,78550945.0
2026-03-10,CHF,NOTIONAL,93%,7%,9577545.0
2026-03-10,CHF,OPEN INT.,51%,49%,131163653.0
2026-03-10,CHF,≤ 1W,75%,25%,2597300.0
2026-03-10,CHF,> 1W,92%,8%,19654484.0
2026-03-10,EUR,NOTIONAL,13%,87%,1720899275.0
2026-03-10,EUR,OPEN INT.,30%,70%,9215985650.0
2026-03-10,EUR,≤ 1W,34%,66%,943874350.0
2026-03-10,EUR,> 1W,28%,72%,3129865572.0
2026-03-10,GBP,NOTIONAL,27%,73%,35083263.0
2026-03-10,GBP,OPEN INT.,36%,64%,1073816415.0
2026-03-10,GBP,≤ 1W,33%,67%,24759720.0
2026-03-10,GBP,> 1W,46%,54%,171047101.0
2026-03-10,JPY,NOTIONAL,39%,61%,66671623.0
2026-03-10,JPY,OPEN INT.,48%,52%,1650581682.0
2026-03-10,JPY,≤ 1W,23%,77%,50143446.0
2026-03-10,JPY,> 1W,76%,24%,283306241.0
2026-03-11,AUD,NOTIONAL,44%,56%,56632095.0
2026-03-11,AUD,OPEN INT.,52%,48%,886902885.0
2026-03-11,AUD,≤ 1W,42%,58%,68129910.0
2026-03-11,AUD,> 1W,85%,15%,563813832.0
2026-03-11,CAD,NOTIONAL,60%,40%,30294900.0
2026-03-11,CAD,OPEN INT.,34%,66%,423315810.0
2026-03-11,CAD,≤ 1W,61%,39%,30294900.0
2026-03-11,CAD,> 1W,49%,51%,71308235.0
2026-03-11,CHF,NOTIONAL,67%,33%,1943476.0
2026-03-11,CHF,OPEN INT.,51%,49%,130860653.0
2026-03-11,CHF,≤ 1W,43%,57%,1133694.0
2026-03-11,CHF,> 1W,56%,44%,2591301.0
2026-03-11,EUR,NOTIONAL,28%,72%,598516446.0
2026-03-11,EUR,OPEN INT.,29%,71%,8098062621.0
2026-03-11,EUR,≤ 1W,30%,70%,712872465.0
2026-03-11,EUR,> 1W,17%,83%,2198617072.0
2026-03-11,GBP,NOTIONAL,11%,89%,38906400.0
2026-03-11,GBP,OPEN INT.,28%,72%,826677150.0
2026-03-11,GBP,≤ 1W,11%,89%,80160600.0
2026-03-11,GBP,> 1W,45%,55%,177845426.0
2026-03-11,JPY,NOTIONAL,58%,42%,326928132.0
2026-03-11,JPY,OPEN INT.,48%,52%,1576994103.0
2026-03-11,JPY,≤ 1W,78%,22%,232489277.0
2026-03-11,JPY,> 1W,44%,56%,751931606.0
2026-03-12,AUD,NOTIONAL,73%,27%,60465600.0
2026-03-12,AUD,OPEN INT.,53%,47%,916531200.0
2026-03-12,AUD,≤ 1W,34%,66%,31753280.0
2026-03-12,AUD,> 1W,56%,44%,161597595.0
2026-03-12,CAD,NOTIONAL,51%,49%,14447160.0
2026-03-12,CAD,OPEN INT.,34%,66%,433341090.0
2026-03-12,CAD,≤ 1W,7%,93%,36412740.0
2026-03-12,CAD,> 1W,81%,19%,361557320.0
2026-03-12,CHF,NOTIONAL,64%,36%,12536550.0
2026-03-12,CHF,OPEN INT.,51%,49%,131473050.0
2026-03-12,CHF,≤ 1W,57%,43%,6429000.0
2026-03-12,CHF,> 1W,54%,46%,17365676.0
2026-03-12,EUR,NOTIONAL,25%,75%,1191526703.0
2026-03-12,EUR,OPEN INT.,30%,70%,8393360667.0
2026-03-12,EUR,≤ 1W,52%,48%,973306851.0
2026-03-12,EUR,> 1W,33%,67%,5138660341.0
2026-03-12,GBP,NOTIONAL,43%,57%,13090857.0
2026-03-12,GBP,OPEN INT.,28%,72%,834062646.0
2026-03-12,GBP,≤ 1W,32%,68%,24680850.0
2026-03-12,GBP,> 1W,35%,65%,173097727.0
2026-03-12,JPY,NOTIONAL,37%,63%,198147015.0
2026-03-12,JPY,OPEN INT.,47%,53%,1721752904.0
2026-03-12,JPY,≤ 1W,16%,84%,192614390.0
2026-03-12,JPY,> 1W,66%,34%,739613968.0
2026-03-13,AUD,NOTIONAL,67%,33%,109495225.0
2026-03-13,AUD,OPEN INT.,62%,38%,811384105.0
2026-03-13,AUD,≤ 1W,44%,56%,175472220.0
2026-03-13,AUD,> 1W,76%,24%,807048615.0
2026-03-13,CAD,NOTIONAL,80%,20%,86706450.0
2026-03-13,CAD,OPEN INT.,39%,61%,401995980.0
2026-03-13,CAD,≤ 1W,76%,24%,86852790.0
2026-03-13,CAD,> 1W,87%,13%,432257590.0
2026-03-13,CHF,NOTIONAL,40%,60%,21085351.0
2026-03-13,CHF,OPEN INT.,39%,61%,98558039.0
2026-03-13,CHF,≤ 1W,51%,49%,15175063.0
2026-03-13,CHF,> 1W,88%,12%,136611891.0
2026-03-13,EUR,NOTIONAL,43%,57%,1796665370.0
2026-03-13,EUR,OPEN INT.,31%,69%,6301876556.0
2026-03-13,EUR,≤ 1W,29%,71%,2230338247.0
2026-03-13,EUR,> 1W,39%,61%,6399454584.0
2026-03-13,GBP,NOTIONAL,39%,61%,104521144.0
2026-03-13,GBP,OPEN INT.,43%,57%,521778159.0
2026-03-13,GBP,≤ 1W,43%,57%,118424194.0
2026-03-13,GBP,> 1W,38%,62%,222609252.0
2026-03-13,JPY,NOTIONAL,35%,65%,153405902.0
2026-03-13,JPY,OPEN INT.,40%,60%,943083290.0
2026-03-13,JPY,≤ 1W,57%,43%,158456302.0
2026-03-13,JPY,> 1W,62%,38%,298650020.0
2026-03-16,AUD,NOTIONAL,68%,32%,327448845.0
2026-03-16,AUD,OPEN INT.,49%,51%,805446447.0
2026-03-16,AUD,≤ 1W,35%,65%,92547570.0
2026-03-16,AUD,> 1W,86%,14%,637730469.0
2026-03-16,CAD,NOTIONAL,35%,65%,14846798.0
2026-03-16,CAD,OPEN INT.,39%,61%,413652372.0
2026-03-16,CAD,≤ 1W,72%,28%,41012442.0
2026-03-16,CAD,> 1W,80%,20%,179190562.0
2026-03-16,CHF,NOTIONAL,85%,15%,3208376.0
2026-03-16,CHF,OPEN INT.,39%,61%,99138790.0
2026-03-16,CHF,≤ 1W,86%,14%,1122932.0
2026-03-16,CHF,> 1W,58%,42%,8341775.0
2026-03-16,EUR,NOTIONAL,60%,40%,485688434.0
2026-03-16,EUR,OPEN INT.,33%,67%,6583359445.0
2026-03-16,EUR,≤ 1W,53%,47%,492185458.0
2026-03-16,EUR,> 1W,27%,73%,2284160488.0
2026-03-16,GBP,NOTIONAL,77%,23%,112201392.0
2026-03-16,GBP,OPEN INT.,49%,51%,631621460.0
2026-03-16,GBP,≤ 1W,58%,42%,55310546.0
2026-03-16,GBP,> 1W,48%,52%,507692573.0
2026-03-16,JPY,NOTIONAL,54%,46%,63497276.0
2026-03-16,JPY,OPEN INT.,42%,58%,967917228.0
2026-03-16,JPY,≤ 1W,54%,46%,63814365.0
2026-03-16,JPY,> 1W,64%,36%,592244857.0
2026-03-17,AUD,NOTIONAL,51%,49%,35550960.0
2026-03-17,AUD,OPEN INT.,48%,52%,819091280.0
2026-03-17,AUD,≤ 1W,16%,84%,12630880.0
2026-03-17,AUD,> 1W,57%,43%,71028350.0
2026-03-17,CAD,NOTIONAL,5%,95%,23382700.0
2026-03-17,CAD,OPEN INT.,37%,63%,432836500.0
2026-03-17,CAD,≤ 1W,5%,95%,32911700.0
2026-03-17,CAD,> 1W,72%,28%,29173400.0
2026-03-17,CHF,NOTIONAL,57%,43%,5938084.0
2026-03-17,CHF,OPEN INT.,40%,60%,104638667.0
2026-03-17,CHF,≤ 1W,52%,48%,4333197.0
2026-03-17,CHF,> 1W,95%,5%,90048698.0
2026-03-17,EUR,NOTIONAL,26%,74%,377678189.0
2026-03-17,EUR,OPEN INT.,32%,68%,6833528762.0
2026-03-17,EUR,≤ 1W,39%,61%,272582610.0
2026-03-17,EUR,> 1W,55%,45%,2334989197.0
2026-03-17,GBP,NOTIONAL,93%,7%,81657778.0
2026-03-17,GBP,OPEN INT.,54%,46%,708395823.0
2026-03-17,GBP,≤ 1W,65%,35%,114771300.0
2026-03-17,GBP,> 1W,49%,51%,251062097.0
2026-03-17,JPY,NOTIONAL,24%,76%,27034906.0
2026-03-17,JPY,OPEN INT.,42%,58%,984593848.0
2026-03-17,JPY,≤ 1W,17%,83%,26162814.0
2026-03-17,JPY,> 1W,63%,37%,496274232.0
2026-03-18,AUD,NOTIONAL,29%,71%,128121265.0
2026-03-18,AUD,OPEN INT.,50%,50%,795774630.0
2026-03-18,AUD,≤ 1W,32%,68%,136925640.0
2026-03-18,AUD,> 1W,40%,60%,318688395.0
2026-03-18,CAD,NOTIONAL,17%,83%,73732540.0
2026-03-18,CAD,OPEN INT.,29%,71%,386894480.0
2026-03-18,CAD,≤ 1W,17%,83%,73878980.0
2026-03-18,CAD,> 1W,70%,30%,39260160.0
2026-03-18,CHF,NOTIONAL,25%,75%,24979695.0
2026-03-18,CHF,OPEN INT.,35%,65%,121055448.0
2026-03-18,CHF,≤ 1W,12%,88%,16973382.0
2026-03-18,CHF,> 1W,11%,89%,57327445.0
2026-03-18,EUR,NOTIONAL,41%,59%,1110770544.0
2026-03-18,EUR,OPEN INT.,36%,64%,6231063941.0
2026-03-18,EUR,≤ 1W,42%,58%,939882767.0
2026-03-18,EUR,> 1W,53%,47%,2933527439.0
2026-03-18,GBP,NOTIONAL,82%,18%,90621189.0
2026-03-18,GBP,OPEN INT.,63%,37%,441809440.0
2026-03-18,GBP,≤ 1W,59%,41%,56980878.0
2026-03-18,GBP,> 1W,76%,24%,168446515.0
2026-03-18,JPY,NOTIONAL,68%,32%,159002632.0
2026-03-18,JPY,OPEN INT.,44%,56%,983104521.0
2026-03-18,JPY,≤ 1W,59%,41%,125499351.0
2026-03-18,JPY,> 1W,83%,17%,746474992.0
2026-03-19,AUD,NOTIONAL,57%,43%,32642610.0
2026-03-19,AUD,OPEN INT.,50%,50%,824473195.0
2026-03-19,AUD,≤ 1W,44%,56%,49599810.0
2026-03-19,AUD,> 1W,69%,31%,1520438160.0
2026-03-19,CAD,NOTIONAL,13%,87%,14846405.0
2026-03-19,CAD,OPEN INT.,28%,72%,398658885.0
2026-03-19,CAD,≤ 1W,43%,57%,6435880.0
2026-03-19,CAD,> 1W,61%,39%,78636600.0
2026-03-19,CHF,NOTIONAL,82%,18%,2718620.0
2026-03-19,CHF,OPEN INT.,36%,64%,121378334.0
2026-03-19,CHF,≤ 1W,75%,25%,639675.0
2026-03-19,CHF,> 1W,89%,11%,178000059.0
2026-03-19,EUR,NOTIONAL,30%,70%,1661892788.0
2026-03-19,EUR,OPEN INT.,35%,65%,7520075702.0
2026-03-19,EUR,≤ 1W,46%,54%,1274643002.0
2026-03-19,EUR,> 1W,35%,65%,4366116098.0
2026-03-19,GBP,NOTIONAL,45%,55%,128029407.0
2026-03-19,GBP,OPEN INT.,60%,40%,555464846.0
2026-03-19,GBP,≤ 1W,45%,55%,105643125.0
2026-03-19,GBP,> 1W,20%,80%,255969830.0
2026-03-19,JPY,NOTIONAL,91%,9%,350781050.0
2026-03-19,JPY,OPEN INT.,55%,45%,1274406000.0
2026-03-19,JPY,≤ 1W,88%,12%,297042000.0
2026-03-19,JPY,> 1W,86%,14%,773596347.0
2026-03-20,AUD,NOTIONAL,46%,54%,92916540.0
2026-03-20,AUD,OPEN INT.,47%,53%,765738720.0
2026-03-20,AUD,≤ 1W,33%,67%,164336940.0
2026-03-20,AUD,> 1W,14%,86%,184905510.0
2026-03-20,CAD,NOTIONAL,35%,65%,80212640.0
2026-03-20,CAD,OPEN INT.,23%,77%,250436000.0
2026-03-20,CAD,≤ 1W,33%,67%,130299840.0
2026-03-20,CAD,> 1W,84%,16%,77220790.0
2026-03-20,CHF,NOTIONAL,55%,45%,18395690.0
2026-03-20,CHF,OPEN INT.,37%,63%,93258139.0
2026-03-20,CHF,≤ 1W,54%,46%,18235727.0
2026-03-20,CHF,> 1W,31%,69%,5769589.0
2026-03-20,EUR,NOTIONAL,36%,64%,1353083552.0
2026-03-20,EUR,OPEN INT.,36%,64%,5344252702.0
2026-03-20,EUR,≤ 1W,48%,52%,1258928288.0
2026-03-20,EUR,> 1W,29%,71%,2107077155.0
2026-03-20,GBP,NOTIONAL,16%,84%,308177644.0
2026-03-20,GBP,OPEN INT.,34%,66%,621684490.0
2026-03-20,GBP,≤ 1W,38%,62%,225325237.0
2026-03-20,GBP,> 1W,4%,96%,457394976.0
2026-03-20,JPY,NOTIONAL,49%,51%,367516208.0
2026-03-20,JPY,OPEN INT.,56%,44%,1171611006.0
2026-03-20,JPY,≤ 1W,44%,56%,384584257.0
2026-03-20,JPY,> 1W,58%,42%,734577128.0
2026-03-23,AUD,NOTIONAL,67%,33%,66831352.0
2026-03-23,AUD,OPEN INT.,46%,54%,786602205.0
2026-03-23,AUD,≤ 1W,62%,38%,98492003.0
2026-03-23,AUD,> 1W,20%,80%,489932779.0
2026-03-23,CAD,NOTIONAL,93%,7%,25324778.0
2026-03-23,CAD,OPEN INT.,21%,79%,244537813.0
2026-03-23,CAD,≤ 1W,86%,14%,29057621.0
2026-03-23,CAD,> 1W,60%,40%,25763936.0
2026-03-23,CHF,NOTIONAL,100%,0%,7053531.0
2026-03-23,CHF,OPEN INT.,35%,65%,91214968.0
2026-03-23,CHF,≤ 1W,100%,0%,4969533.0
2026-03-23,CHF,> 1W,54%,46%,577107003.0
2026-03-23,EUR,NOTIONAL,61%,39%,729852255.0
2026-03-23,EUR,OPEN INT.,38%,62%,5818002552.0
2026-03-23,EUR,≤ 1W,58%,42%,1027237210.0
2026-03-23,EUR,> 1W,41%,59%,2399021746.0
2026-03-23,GBP,NOTIONAL,13%,87%,192025895.0
2026-03-23,GBP,OPEN INT.,31%,69%,761146720.0
2026-03-23,GBP,≤ 1W,47%,53%,114159438.0
2026-03-23,GBP,> 1W,23%,77%,372820247.0
2026-03-23,JPY,NOTIONAL,67%,33%,221762394.0
2026-03-23,JPY,OPEN INT.,58%,42%,1359893723.0
2026-03-23,JPY,≤ 1W,71%,29%,112668963.0
2026-03-23,JPY,> 1W,64%,36%,586943321.0
2026-03-30,AUD,NOTIONAL,72%,28%,46071270.0
2026-03-30,AUD,OPEN INT.,22%,78%,491267385.0
2026-03-30,AUD,≤ 1W,41%,59%,210806820.0
2026-03-30,AUD,> 1W,77%,23%,637449220.0
2026-03-30,CAD,NOTIONAL,8%,92%,41128559.0
2026-03-30,CAD,OPEN INT.,27%,73%,106891036.0
2026-03-30,CAD,≤ 1W,37%,63%,32557108.0
2026-03-30,CAD,> 1W,73%,27%,161777134.0
2026-03-30,CHF,NOTIONAL,60%,40%,1575226.0
2026-03-30,CHF,OPEN INT.,45%,55%,101602014.0
2026-03-30,CHF,≤ 1W,76%,24%,5198243.0
2026-03-30,CHF,> 1W,26%,74%,11341623.0
2026-03-30,EUR,NOTIONAL,6%,94%,1356059918.0
2026-03-30,EUR,OPEN INT.,29%,71%,5356659530.0
2026-03-30,EUR,≤ 1W,24%,76%,2278456728.0
2026-03-30,EUR,> 1W,22%,78%,3475199559.0
2026-03-30,GBP,NOTIONAL,20%,80%,30565765.0
2026-03-30,GBP,OPEN INT.,22%,78%,527856717.0
2026-03-30,GBP,≤ 1W,52%,48%,107845239.0
2026-03-30,GBP,> 1W,18%,82%,103472294.0
2026-03-30,JPY,NOTIONAL,28%,72%,34441064.0
2026-03-30,JPY,OPEN INT.,49%,51%,906186129.0
2026-03-30,JPY,≤ 1W,70%,30%,497858565.0
2026-03-30,JPY,> 1W,54%,46%,390647054.0
2026-03-31,AUD,NOTIONAL,59%,41%,20372200.0
2026-03-31,AUD,OPEN INT.,24%,76%,512608600.0
2026-03-31,AUD,≤ 1W,10%,90%,289340300.0
2026-03-31,AUD,> 1W,91%,9%,369583100.0
2026-03-31,CAD,NOTIONAL,17%,83%,6840000.0
2026-03-31,CAD,OPEN INT.,27%,73%,112824000.0
2026-03-31,CAD,≤ 1W,46%,54%,21024000.0
2026-03-31,CAD,> 1W,87%,13%,146745655.0
2026-03-31,CHF,NOTIONAL,60%,40%,4724250.0
2026-03-31,CHF,OPEN INT.,45%,55%,105980675.0
2026-03-31,CHF,≤ 1W,65%,35%,3149500.0
2026-03-31,CHF,> 1W,95%,5%,102408775.0
2026-03-31,EUR,NOTIONAL,83%,17%,479060429.0
2026-03-31,EUR,OPEN INT.,33%,67%,5757124590.0
2026-03-31,EUR,≤ 1W,51%,49%,1528127452.0
2026-03-31,EUR,> 1W,47%,53%,2480233052.0
2026-03-31,GBP,NOTIONAL,41%,59%,34387604.0
2026-03-31,GBP,OPEN INT.,23%,77%,558137204.0
2026-03-31,GBP,≤ 1W,24%,76%,99112341.0
2026-03-31,GBP,> 1W,41%,59%,379887938.0
2026-03-31,JPY,NOTIONAL,54%,46%,33886900.0
2026-03-31,JPY,OPEN INT.,49%,51%,928960275.0
2026-03-31,JPY,≤ 1W,75%,25%,271966125.0
2026-03-31,JPY,> 1W,65%,35%,374107357.0
2026-04-02,AUD,NOTIONAL,17%,83%,13039110.0
2026-04-02,AUD,OPEN INT.,30%,70%,391035320.0
2026-04-02,AUD,≤ 1W,49%,51%,27733980.0
2026-04-02,AUD,> 1W,16%,84%,141315100.0
2026-04-02,CAD,NOTIONAL,81%,19%,22413770.0
2026-04-02,CAD,OPEN INT.,32%,68%,166553770.0
2026-04-02,CAD,≤ 1W,86%,14%,58809120.0
2026-04-02,CAD,> 1W,78%,22%,56522445.0
2026-04-02,CHF,NOTIONAL,70%,30%,1576500.0
2026-04-02,CHF,OPEN INT.,45%,55%,107202000.0
2026-04-02,CHF,≤ 1W,55%,45%,229696050.0
2026-04-02,CHF,> 1W,47%,53%,346707413.0
2026-04-02,EUR,NOTIONAL,51%,49%,791985164.0
2026-04-02,EUR,OPEN INT.,28%,72%,5557496177.0
2026-04-02,EUR,≤ 1W,55%,45%,1200854375.0
2026-04-02,EUR,> 1W,52%,48%,2192091487.0
2026-04-02,GBP,NOTIONAL,11%,89%,34953022.0
2026-04-02,GBP,OPEN INT.,17%,83%,486863328.0
2026-04-02,GBP,≤ 1W,3%,97%,162039882.0
2026-04-02,GBP,> 1W,20%,80%,146167691.0
2026-04-02,JPY,NOTIONAL,45%,55%,256669312.0
2026-04-02,JPY,OPEN INT.,48%,52%,1055274846.0
2026-04-02,JPY,≤ 1W,49%,51%,131722251.0
2026-04-02,JPY,> 1W,35%,65%,452916732.0
2026-04-03,AUD,NOTIONAL,45%,55%,31379075.0
2026-04-03,AUD,OPEN INT.,31%,69%,418341690.0
2026-04-03,AUD,≤ 1W,45%,55%,32551480.0
2026-04-03,AUD,> 1W,21%,79%,1655160.0
2026-04-03,CAD,NOTIONAL,46%,54%,35768096.0
2026-04-03,CAD,OPEN INT.,35%,65%,199855136.0
2026-04-03,CAD,≤ 1W,44%,56%,37639264.0
2026-04-03,CAD,> 1W,42%,58%,17776096.0
2026-04-03,CHF,NOTIONAL,51%,49%,10566905.0
2026-04-03,CHF,OPEN INT.,46%,54%,117813105.0
2026-04-03,CHF,≤ 1W,56%,44%,12144055.0
2026-04-03,CHF,> 1W,0%,100%,157715.0
2026-04-03,EUR,NOTIONAL,22%,78%,534380968.0
2026-04-03,EUR,OPEN INT.,27%,73%,6011858203.0
2026-04-03,EUR,≤ 1W,23%,77%,528449831.0
2026-04-03,EUR,> 1W,17%,83%,432683670.0
2026-04-03,GBP,NOTIONAL,48%,52%,4955588.0
2026-04-03,GBP,OPEN INT.,18%,82%,491594281.0
2026-04-03,GBP,≤ 1W,38%,62%,8507093.0
2026-04-03,GBP,> 1W,1%,99%,11645631.0
2026-04-03,JPY,NOTIONAL,51%,49%,86082360.0
2026-04-03,JPY,OPEN INT.,48%,52%,1130737520.0
2026-04-03,JPY,≤ 1W,52%,48%,68424440.0
2026-04-03,JPY,> 1W,8%,92%,483622050.0
2026-04-06,AUD,NOTIONAL,36%,64%,7685307.0
2026-04-06,AUD,OPEN INT.,31%,69%,425876787.0
2026-04-06,AUD,≤ 1W,55%,45%,26240823.0
2026-04-06,AUD,> 1W,50%,50%,103163130.0
2026-04-06,CAD,NOTIONAL,42%,58%,1730976.0
2026-04-06,CAD,OPEN INT.,35%,65%,201009588.0
2026-04-06,CAD,≤ 1W,85%,15%,24233664.0
2026-04-06,CAD,> 1W,62%,38%,56700432.0
2026-04-06,CHF,NOTIONAL,72%,28%,13117840.0
2026-04-06,CHF,OPEN INT.,47%,53%,127385277.0
2026-04-06,CHF,≤ 1W,68%,32%,9798868.0
2026-04-06,CHF,> 1W,62%,38%,17568267.0
2026-04-06,EUR,NOTIONAL,37%,63%,315469952.0
2026-04-06,EUR,OPEN INT.,28%,72%,6260976722.0
2026-04-06,EUR,≤ 1W,21%,79%,679507199.0
2026-04-06,EUR,> 1W,35%,65%,854820755.0
2026-04-06,GBP,NOTIONAL,71%,29%,22119615.0
2026-04-06,GBP,OPEN INT.,20%,80%,515047365.0
2026-04-06,GBP,≤ 1W,67%,33%,61056765.0
2026-04-06,GBP,> 1W,42%,58%,126338625.0
2026-04-06,JPY,NOTIONAL,80%,20%,255118154.0
2026-04-06,JPY,OPEN INT.,54%,46%,1350486380.0
2026-04-06,JPY,≤ 1W,37%,63%,76235867.0
2026-04-06,JPY,> 1W,59%,41%,514739549.0
2026-04-07,AUD,NOTIONAL,26%,74%,201009072.0
2026-04-07,AUD,OPEN INT.,29%,71%,617424560.0
2026-04-07,AUD,≤ 1W,24%,76%,285731904.0
2026-04-07,AUD,> 1W,44%,56%,386236440.0
2026-04-07,CAD,NOTIONAL,71%,29%,55784502.0
2026-04-07,CAD,OPEN INT.,42%,58%,250021237.0
2026-04-07,CAD,≤ 1W,69%,31%,58595349.0
2026-04-07,CAD,> 1W,71%,29%,94415630.0
2026-04-07,CHF,NOTIONAL,86%,14%,2203567.0
2026-04-07,CHF,OPEN INT.,47%,53%,127806772.0
2026-04-07,CHF,≤ 1W,89%,11%,1416578.0
2026-04-07,CHF,> 1W,74%,26%,14323176.0
2026-04-07,EUR,NOTIONAL,50%,50%,560576284.0
2026-04-07,EUR,OPEN INT.,29%,71%,6553348445.0
2026-04-07,EUR,≤ 1W,61%,39%,650187288.0
2026-04-07,EUR,> 1W,43%,57%,2207794747.0
2026-04-07,GBP,NOTIONAL,14%,86%,33512485.0
2026-04-07,GBP,OPEN INT.,20%,80%,547784313.0
2026-04-07,GBP,≤ 1W,24%,76%,40794210.0
2026-04-07,GBP,> 1W,38%,62%,151675023.0
2026-04-07,JPY,NOTIONAL,85%,15%,387906455.0
2026-04-07,JPY,OPEN INT.,60%,40%,1608950735.0
2026-04-07,JPY,≤ 1W,43%,57%,112448050.0
2026-04-07,JPY,> 1W,83%,17%,630967240.0
2026-04-09,AUD,NOTIONAL,57%,43%,54522108.0
2026-04-09,AUD,OPEN INT.,21%,79%,762323324.0
2026-04-09,AUD,≤ 1W,51%,49%,36277630.0
2026-04-09,AUD,> 1W,72%,28%,221751372.0
2026-04-09,CAD,NOTIONAL,76%,24%,39672269.0
2026-04-09,CAD,OPEN INT.,62%,38%,339426360.0
2026-04-09,CAD,≤ 1W,92%,8%,56208425.0
2026-04-09,CAD,> 1W,60%,40%,166176211.0
2026-04-09,CHF,NOTIONAL,34%,66%,97117230.0
2026-04-09,CHF,OPEN INT.,43%,57%,228839450.0
2026-04-09,CHF,≤ 1W,100%,0%,32372410.0
2026-04-09,CHF,> 1W,4%,96%,68891040.0
2026-04-09,EUR,NOTIONAL,57%,43%,1095068847.0
2026-04-09,EUR,OPEN INT.,27%,73%,7938185592.0
2026-04-09,EUR,≤ 1W,33%,67%,524283466.0
2026-04-09,EUR,> 1W,53%,47%,2322459936.0
2026-04-09,GBP,NOTIONAL,44%,56%,24070332.0
2026-04-09,GBP,OPEN INT.,20%,80%,515541209.0
2026-04-09,GBP,≤ 1W,38%,62%,22896170.0
2026-04-09,GBP,> 1W,38%,62%,707936120.0
2026-04-09,JPY,NOTIONAL,19%,81%,181542000.0
2026-04-09,JPY,OPEN INT.,58%,42%,1682937000.0
2026-04-09,JPY,≤ 1W,12%,88%,159264000.0
2026-04-09,JPY,> 1W,49%,51%,458517706.0
2026-04-10,AUD,NOTIONAL,39%,61%,44690616.0
2026-04-10,AUD,OPEN INT.,38%,62%,221897394.0
2026-04-10,AUD,≤ 1W,42%,58%,56499687.0
2026-04-10,AUD,> 1W,30%,70%,173994579.0
2026-04-10,CAD,NOTIONAL,56%,44%,57050238.0
2026-04-10,CAD,OPEN INT.,65%,35%,200837161.0
2026-04-10,CAD,≤ 1W,53%,47%,55671161.0
2026-04-10,CAD,> 1W,79%,21%,188942897.0
2026-04-10,CHF,NOTIONAL,72%,28%,58375820.0
2026-04-10,CHF,OPEN INT.,49%,51%,153696335.0
2026-04-10,CHF,≤ 1W,71%,29%,57416217.0
2026-04-10,CHF,> 1W,67%,33%,10555630.0
2026-04-10,EUR,NOTIONAL,52%,48%,1235357614.0
2026-04-10,EUR,OPEN INT.,26%,74%,6312203961.0
2026-04-10,EUR,≤ 1W,53%,47%,1339308796.0
2026-04-10,EUR,> 1W,27%,73%,1887012394.0
2026-04-10,GBP,NOTIONAL,64%,36%,27423325.0
2026-04-10,GBP,OPEN INT.,22%,78%,409751564.0
2026-04-10,GBP,≤ 1W,27%,73%,37938402.0
2026-04-10,GBP,> 1W,30%,70%,765160425.0
2026-04-10,JPY,NOTIONAL,54%,46%,732779093.0
2026-04-10,JPY,OPEN INT.,67%,33%,1615477116.0
2026-04-10,JPY,≤ 1W,55%,45%,694884892.0
2026-04-10,JPY,> 1W,31%,69%,349179266.0
2026-04-13,AUD,NOTIONAL,75%,25%,52875750.0
2026-04-13,AUD,OPEN INT.,43%,57%,254720113.0
2026-04-13,AUD,≤ 1W,81%,19%,56330299.0
2026-04-13,AUD,> 1W,74%,26%,238021729.0
2026-04-13,CAD,NOTIONAL,71%,29%,16093446.0
2026-04-13,CAD,OPEN INT.,66%,34%,215231717.0
2026-04-13,CAD,≤ 1W,39%,61%,23705211.0
2026-04-13,CAD,> 1W,67%,33%,56182075.0
2026-04-13,CHF,NOTIONAL,94%,6%,72259164.0
2026-04-13,CHF,OPEN INT.,63%,37%,224115064.0
2026-04-13,CHF,≤ 1W,40%,60%,797563.0
2026-04-13,CHF,> 1W,81%,19%,93961428.0
2026-04-13,EUR,NOTIONAL,65%,35%,319136121.0
2026-04-13,EUR,OPEN INT.,27%,73%,6489834729.0
2026-04-13,EUR,≤ 1W,68%,32%,412455923.0
2026-04-13,EUR,> 1W,53%,47%,1761493551.0
2026-04-13,GBP,NOTIONAL,81%,19%,103227216.0
2026-04-13,GBP,OPEN INT.,34%,66%,500248500.0
2026-04-13,GBP,≤ 1W,69%,31%,46233688.0
2026-04-13,GBP,> 1W,75%,25%,331033581.0
2026-04-13,JPY,NOTIONAL,49%,51%,50166140.0
2026-04-13,JPY,OPEN INT.,67%,33%,1623036036.0
2026-04-13,JPY,≤ 1W,45%,55%,102301121.0
2026-04-13,JPY,> 1W,36%,64%,443576416.0
2026-04-14,AUD,NOTIONAL,60%,40%,24529608.0
2026-04-14,AUD,OPEN INT.,44%,56%,274032801.0
2026-04-14,AUD,≤ 1W,59%,41%,25670520.0
2026-04-14,AUD,> 1W,40%,60%,209072124.0
2026-04-14,CAD,NOTIONAL,70%,30%,130886652.0
2026-04-14,CAD,OPEN INT.,66%,34%,331812984.0
2026-04-14,CAD,≤ 1W,74%,26%,153722506.0
2026-04-14,CAD,> 1W,24%,76%,561564322.0
2026-04-14,CHF,NOTIONAL,73%,27%,2418094.0
2026-04-14,CHF,OPEN INT.,63%,37%,226978400.0
2026-04-14,CHF,≤ 1W,73%,27%,2418094.0
2026-04-14,CHF,> 1W,84%,16%,118668102.0
2026-04-14,EUR,NOTIONAL,59%,41%,573176921.0
2026-04-14,EUR,OPEN INT.,29%,71%,7020862604.0
2026-04-14,EUR,≤ 1W,62%,38%,483539447.0
2026-04-14,EUR,> 1W,62%,38%,2317914093.0
2026-04-14,GBP,NOTIONAL,26%,74%,21361727.0
2026-04-14,GBP,OPEN INT.,33%,67%,524464259.0
2026-04-14,GBP,≤ 1W,17%,83%,26363083.0
2026-04-14,GBP,> 1W,59%,41%,262989391.0
2026-04-14,JPY,NOTIONAL,60%,40%,51653118.0
2026-04-14,JPY,OPEN INT.,67%,33%,1665002214.0
2026-04-14,JPY,≤ 1W,72%,28%,67473368.0
2026-04-14,JPY,> 1W,71%,29%,204713971.0
2026-04-15,AUD,NOTIONAL,39%,61%,123863040.0
2026-04-15,AUD,OPEN INT.,43%,57%,340766720.0
2026-04-15,AUD,≤ 1W,45%,55%,167802880.0
2026-04-15,AUD,> 1W,64%,36%,966465905.0
2026-04-15,CAD,NOTIONAL,69%,31%,150066375.0
2026-04-15,CAD,OPEN INT.,68%,32%,306485925.0
2026-04-15,CAD,≤ 1W,86%,14%,166131875.0
2026-04-15,CAD,> 1W,62%,38%,106858575.0
2026-04-15,CHF,NOTIONAL,15%,85%,5311970.0
2026-04-15,CHF,OPEN INT.,62%,38%,230507252.0
2026-04-15,CHF,≤ 1W,25%,75%,643875.0
2026-04-15,CHF,> 1W,41%,59%,21831896.0
2026-04-15,EUR,NOTIONAL,26%,74%,1504608745.0
2026-04-15,EUR,OPEN INT.,33%,67%,5971540771.0
2026-04-15,EUR,≤ 1W,58%,42%,749863508.0
2026-04-15,EUR,> 1W,33%,67%,3600125752.0
2026-04-15,GBP,NOTIONAL,32%,68%,85346526.0
2026-04-15,GBP,OPEN INT.,36%,64%,531591778.0
2026-04-15,GBP,≤ 1W,44%,56%,79577577.0
2026-04-15,GBP,> 1W,25%,75%,563162035.0
2026-04-15,JPY,NOTIONAL,41%,59%,240830102.0
2026-04-15,JPY,OPEN INT.,62%,38%,1653178542.0
2026-04-15,JPY,≤ 1W,39%,61%,208672015.0
2026-04-15,JPY,> 1W,82%,18%,451753578.0
2026-04-16,AUD,NOTIONAL,38%,62%,46413235.0
2026-04-16,AUD,OPEN INT.,43%,57%,381389495.0
2026-04-16,AUD,≤ 1W,42%,58%,74089540.0
2026-04-16,AUD,> 1W,68%,32%,155277235.0
2026-04-16,CAD,NOTIONAL,57%,43%,196388280.0
2026-04-16,CAD,OPEN INT.,64%,36%,501799860.0
2026-04-16,CAD,≤ 1W,81%,19%,59194530.0
2026-04-16,CAD,> 1W,48%,52%,168757475.0
2026-04-16,CHF,NOTIONAL,22%,78%,138056875.0
2026-04-16,CHF,OPEN INT.,47%,53%,362800625.0
2026-04-16,CHF,≤ 1W,94%,6%,2729031.0
2026-04-16,CHF,> 1W,20%,80%,152183626.0
2026-04-16,EUR,NOTIONAL,29%,71%,1000624050.0
2026-04-16,EUR,OPEN INT.,32%,68%,6370359250.0
2026-04-16,EUR,≤ 1W,25%,75%,1575277850.0
2026-04-16,EUR,> 1W,35%,65%,1402060185.0
2026-04-16,GBP,NOTIONAL,10%,90%,217849102.0
2026-04-16,GBP,OPEN INT.,29%,71%,727714093.0
2026-04-16,GBP,≤ 1W,18%,82%,214720056.0
2026-04-16,GBP,> 1W,17%,83%,550522967.0
2026-04-16,JPY,NOTIONAL,89%,11%,78032100.0
2026-04-16,JPY,OPEN INT.,63%,37%,1704476700.0
2026-04-16,JPY,≤ 1W,85%,15%,102254400.0
2026-04-16,JPY,> 1W,65%,35%,333197758.0
2026-04-17,AUD,NOTIONAL,36%,64%,71818895.0
2026-04-17,AUD,OPEN INT.,41%,59%,317890455.0
2026-04-17,AUD,≤ 1W,27%,73%,137226675.0
2026-04-17,AUD,> 1W,72%,28%,248808890.0
2026-04-17,CAD,NOTIONAL,47%,53%,119088125.0
2026-04-17,CAD,OPEN INT.,48%,52%,394200015.0
2026-04-17,CAD,≤ 1W,54%,46%,83105190.0
2026-04-17,CAD,> 1W,55%,45%,145912559.0
2026-04-17,CHF,NOTIONAL,68%,32%,10178595.0
2026-04-17,CHF,OPEN INT.,38%,62%,297764295.0
2026-04-17,CHF,≤ 1W,68%,32%,9532335.0
2026-04-17,CHF,> 1W,47%,53%,56063055.0
2026-04-17,EUR,NOTIONAL,46%,54%,1484442856.0
2026-04-17,EUR,OPEN INT.,39%,61%,4318797224.0
2026-04-17,EUR,≤ 1W,41%,59%,1520337656.0
2026-04-17,EUR,> 1W,44%,56%,3124403352.0
2026-04-17,GBP,NOTIONAL,51%,49%,78302129.0
2026-04-17,GBP,OPEN INT.,34%,66%,449961526.0
2026-04-17,GBP,≤ 1W,54%,46%,145915125.0
2026-04-17,GBP,> 1W,29%,71%,275457217.0
2026-04-17,JPY,NOTIONAL,52%,48%,863141672.0
2026-04-17,JPY,OPEN INT.,62%,38%,1613547768.0
2026-04-17,JPY,≤ 1W,62%,38%,1095837426.0
2026-04-17,JPY,> 1W,72%,28%,464037657.0
2026-04-20,AUD,NOTIONAL,56%,44%,59233048.0
2026-04-20,AUD,OPEN INT.,44%,56%,371442064.0
2026-04-20,AUD,≤ 1W,45%,55%,49563808.0
2026-04-20,AUD,> 1W,52%,48%,120113448.0
2026-04-20,CAD,NOTIONAL,59%,41%,8941380.0
2026-04-20,CAD,OPEN INT.,48%,52%,400969590.0
2026-04-20,CAD,≤ 1W,18%,82%,27044010.0
2026-04-20,CAD,> 1W,43%,57%,40530070.0
2026-04-20,CHF,NOTIONAL,0%,100%,52086174.0
2026-04-20,CHF,OPEN INT.,33%,67%,345413567.0
2026-04-20,CHF,≤ 1W,0%,100%,51441143.0
2026-04-20,CHF,> 1W,36%,64%,19844386.0
2026-04-20,EUR,NOTIONAL,70%,30%,485875017.0
2026-04-20,EUR,OPEN INT.,42%,58%,4703730752.0
2026-04-20,EUR,≤ 1W,46%,54%,304133253.0
2026-04-20,EUR,> 1W,44%,56%,2054656116.0
2026-04-20,GBP,NOTIONAL,46%,54%,155195125.0
2026-04-20,GBP,OPEN INT.,38%,62%,586612200.0
2026-04-20,GBP,≤ 1W,35%,65%,130330075.0
2026-04-20,GBP,> 1W,19%,81%,296348582.0
2026-04-20,JPY,NOTIONAL,43%,57%,117105373.0
2026-04-20,JPY,OPEN INT.,61%,39%,1717941342.0
2026-04-20,JPY,≤ 1W,76%,24%,133099480.0
2026-04-20,JPY,> 1W,63%,37%,322970125.0
2026-04-21,AUD,NOTIONAL,14%,86%,92547175.0
2026-04-21,AUD,OPEN INT.,39%,61%,440081470.0
2026-04-21,AUD,≤ 1W,20%,80%,107340430.0
2026-04-21,AUD,> 1W,10%,90%,265477355.0
2026-04-21,CAD,NOTIONAL,24%,76%,5879600.0
2026-04-21,CAD,OPEN INT.,48%,52%,407015310.0
2026-04-21,CAD,≤ 1W,70%,30%,14772495.0
2026-04-21,CAD,> 1W,46%,54%,47200670.0
2026-04-21,CHF,NOTIONAL,33%,67%,966226.0
2026-04-21,CHF,OPEN INT.,33%,67%,345747514.0
2026-04-21,CHF,≤ 1W,100%,0%,322075.0
2026-04-21,CHF,> 1W,60%,40%,21424977.0
2026-04-21,EUR,NOTIONAL,18%,82%,721678782.0
2026-04-21,EUR,OPEN INT.,39%,61%,5294665165.0
2026-04-21,EUR,≤ 1W,32%,68%,591320495.0
2026-04-21,EUR,> 1W,30%,70%,1690442312.0
2026-04-21,GBP,NOTIONAL,67%,33%,152488215.0
2026-04-21,GBP,OPEN INT.,44%,56%,702863491.0
2026-04-21,GBP,≤ 1W,31%,69%,156032492.0
2026-04-21,GBP,> 1W,26%,74%,547990060.0
2026-04-21,JPY,NOTIONAL,38%,62%,79179332.0
2026-04-21,JPY,OPEN INT.,61%,39%,1748971092.0
2026-04-21,JPY,≤ 1W,49%,51%,88731373.0
2026-04-21,JPY,> 1W,43%,57%,569847017.0
2026-04-22,AUD,NOTIONAL,28%,72%,118269984.0
2026-04-22,AUD,OPEN INT.,38%,62%,414660864.0
2026-04-22,AUD,≤ 1W,38%,62%,109965312.0
2026-04-22,AUD,> 1W,77%,23%,464057455.0
2026-04-22,CAD,NOTIONAL,47%,53%,63521100.0
2026-04-22,CAD,OPEN INT.,50%,50%,406065600.0
2026-04-22,CAD,≤ 1W,49%,51%,68288850.0
2026-04-22,CAD,> 1W,44%,56%,17925510.0
2026-04-22,CHF,NOTIONAL,60%,40%,2411007.0
2026-04-22,CHF,OPEN INT.,33%,67%,347184901.0
2026-04-22,CHF,≤ 1W,0%,100%,0.0
2026-04-22,CHF,> 1W,25%,75%,22197144.0
2026-04-22,EUR,NOTIONAL,41%,59%,873491133.0
2026-04-22,EUR,OPEN INT.,38%,62%,4456961719.0
2026-04-22,EUR,≤ 1W,35%,65%,996745383.0
2026-04-22,EUR,> 1W,31%,69%,2873570835.0
2026-04-22,GBP,NOTIONAL,14%,86%,90645600.0
2026-04-22,GBP,OPEN INT.,49%,51%,553495200.0
2026-04-22,GBP,≤ 1W,39%,61%,91574000.0
2026-04-22,GBP,> 1W,19%,81%,452148636.0
2026-04-22,JPY,NOTIONAL,57%,43%,151710281.0
2026-04-22,JPY,OPEN INT.,55%,45%,1375885202.0
2026-04-22,JPY,≤ 1W,53%,47%,118654322.0
2026-04-22,JPY,> 1W,55%,45%,349017343.0
2026-04-23,AUD,NOTIONAL,19%,81%,15186900.0
2026-04-23,AUD,OPEN INT.,37%,63%,425589700.0
2026-04-23,AUD,≤ 1W,43%,57%,19322300.0
2026-04-23,AUD,> 1W,87%,13%,399350040.0
2026-04-23,CAD,NOTIONAL,28%,72%,116693622.0
2026-04-23,CAD,OPEN INT.,46%,54%,508382760.0
2026-04-23,CAD,≤ 1W,3%,97%,93032580.0
2026-04-23,CAD,> 1W,61%,39%,69095607.0
2026-04-23,CHF,NOTIONAL,78%,22%,5116800.0
2026-04-23,CHF,OPEN INT.,33%,67%,345703800.0
2026-04-23,CHF,≤ 1W,45%,55%,1758900.0
2026-04-23,CHF,> 1W,100%,0%,692497200.0
2026-04-23,EUR,NOTIONAL,59%,41%,618830470.0
2026-04-23,EUR,OPEN INT.,40%,60%,4922228814.0
2026-04-23,EUR,≤ 1W,63%,37%,619123408.0
2026-04-23,EUR,> 1W,63%,37%,4283882524.0
2026-04-23,GBP,NOTIONAL,32%,68%,37721600.0
2026-04-23,GBP,OPEN INT.,48%,52%,588052800.0
2026-04-23,GBP,≤ 1W,50%,50%,72580400.0
2026-04-23,GBP,> 1W,47%,53%,132264252.0
2026-04-23,JPY,NOTIONAL,22%,78%,39179529.0
2026-04-23,JPY,OPEN INT.,55%,45%,1384107288.0
2026-04-23,JPY,≤ 1W,64%,36%,98106168.0
2026-04-23,JPY,> 1W,64%,36%,344362587.0
2026-04-24,AUD,NOTIONAL,53%,47%,107118540.0
2026-04-24,AUD,OPEN INT.,40%,60%,367590240.0
2026-04-24,AUD,≤ 1W,37%,63%,55310040.0
2026-04-24,AUD,> 1W,43%,57%,236585230.0
2026-04-24,CAD,NOTIONAL,35%,65%,56753550.0
2026-04-24,CAD,OPEN INT.,51%,49%,429611175.0
2026-04-24,CAD,≤ 1W,45%,55%,49714350.0
2026-04-24,CAD,> 1W,29%,71%,25166630.0
2026-04-24,CHF,NOTIONAL,71%,29%,9921938.0
2026-04-24,CHF,OPEN INT.,37%,63%,129465282.0
2026-04-24,CHF,≤ 1W,72%,28%,9761907.0
2026-04-24,CHF,> 1W,35%,65%,12023919.0
2026-04-24,EUR,NOTIONAL,45%,55%,416066628.0
2026-04-24,EUR,OPEN INT.,39%,61%,3349233565.0
2026-04-24,EUR,≤ 1W,29%,71%,572862377.0
2026-04-24,EUR,> 1W,31%,69%,1821969981.0
2026-04-24,GBP,NOTIONAL,51%,49%,24602233.0
2026-04-24,GBP,OPEN INT.,54%,46%,403611864.0
2026-04-24,GBP,≤ 1W,56%,44%,34240220.0
2026-04-24,GBP,> 1W,55%,45%,154134016.0
2026-04-24,JPY,NOTIONAL,61%,39%,138116540.0
2026-04-24,JPY,OPEN INT.,49%,51%,542544440.0
2026-04-24,JPY,≤ 1W,68%,32%,167724190.0
2026-04-24,JPY,> 1W,81%,19%,341496934.0
2026-04-27,AUD,NOTIONAL,22%,78%,8185200.0
2026-04-27,AUD,OPEN INT.,40%,60%,373503600.0
2026-04-27,AUD,≤ 1W,31%,69%,10411000.0
2026-04-27,AUD,> 1W,52%,48%,56076055.0
2026-04-27,CAD,NOTIONAL,16%,84%,5596260.0
2026-04-27,CAD,OPEN INT.,51%,49%,435551025.0
2026-04-27,CAD,≤ 1W,38%,62%,13548840.0
2026-04-27,CAD,> 1W,22%,78%,109079415.0
2026-04-27,CHF,NOTIONAL,48%,52%,3683881.0
2026-04-27,CHF,OPEN INT.,38%,62%,127654495.0
2026-04-27,CHF,≤ 1W,48%,52%,3683881.0
2026-04-27,CHF,> 1W,25%,75%,3855527.0
2026-04-27,EUR,NOTIONAL,25%,75%,360926579.0
2026-04-27,EUR,OPEN INT.,38%,62%,3617194981.0
2026-04-27,EUR,≤ 1W,26%,74%,476634528.0
2026-04-27,EUR,> 1W,15%,85%,1242411830.0
2026-04-27,GBP,NOTIONAL,12%,88%,2706400.0
2026-04-27,GBP,OPEN INT.,54%,46%,406129150.0
2026-04-27,GBP,≤ 1W,53%,47%,20974600.0
2026-04-27,GBP,> 1W,9%,91%,155627236.0
2026-04-27,JPY,NOTIONAL,96%,4%,43422934.0
2026-04-27,JPY,OPEN INT.,52%,48%,578841091.0
2026-04-27,JPY,≤ 1W,84%,16%,90234589.0
2026-04-27,JPY,> 1W,70%,30%,328282711.0
2026-04-28,AUD,NOTIONAL,42%,58%,55453230.0
2026-04-28,AUD,OPEN INT.,41%,59%,414896195.0
2026-04-28,AUD,≤ 1W,58%,42%,94786335.0
2026-04-28,AUD,> 1W,51%,49%,243916280.0
2026-04-28,CAD,NOTIONAL,41%,59%,4686720.0
2026-04-28,CAD,OPEN INT.,50%,50%,436450800.0
2026-04-28,CAD,≤ 1W,37%,63%,7615920.0
2026-04-28,CAD,> 1W,35%,65%,17961755.0
2026-04-28,CHF,NOTIONAL,67%,33%,77283720.0
2026-04-28,CHF,OPEN INT.,48%,52%,199093040.0
2026-04-28,CHF,≤ 1W,95%,5%,6837860.0
2026-04-28,CHF,> 1W,82%,18%,833505189.0
2026-04-28,EUR,NOTIONAL,6%,94%,462365643.0
2026-04-28,EUR,OPEN INT.,36%,64%,3860569943.0
2026-04-28,EUR,≤ 1W,12%,88%,431736667.0
2026-04-28,EUR,> 1W,28%,72%,1863877963.0
2026-04-28,GBP,NOTIONAL,18%,82%,68150254.0
2026-04-28,GBP,OPEN INT.,49%,51%,469545138.0
2026-04-28,GBP,≤ 1W,12%,88%,27664954.0
2026-04-28,GBP,> 1W,29%,71%,210860939.0
2026-04-28,JPY,NOTIONAL,58%,42%,100790682.0
2026-04-28,JPY,OPEN INT.,52%,48%,665486016.0
2026-04-28,JPY,≤ 1W,58%,42%,107635950.0
2026-04-28,JPY,> 1W,57%,43%,418348207.0
2026-04-29,AUD,NOTIONAL,26%,74%,241726075.0
2026-04-29,AUD,OPEN INT.,34%,66%,543865900.0
2026-04-29,AUD,≤ 1W,19%,81%,249046800.0
2026-04-29,AUD,> 1W,62%,38%,580383563.0
2026-04-29,CAD,NOTIONAL,34%,66%,93049910.0
2026-04-29,CAD,OPEN INT.,49%,51%,286763570.0
2026-04-29,CAD,≤ 1W,34%,66%,98028190.0
2026-04-29,CAD,> 1W,59%,41%,52759777.0
2026-04-29,CHF,NOTIONAL,77%,23%,2063555.0
2026-04-29,CHF,OPEN INT.,48%,52%,198894955.0
2026-04-29,CHF,≤ 1W,71%,29%,1111145.0
2026-04-29,CHF,> 1W,54%,46%,9047895.0
2026-04-29,EUR,NOTIONAL,21%,79%,927421035.0
2026-04-29,EUR,OPEN INT.,26%,74%,3417769771.0
2026-04-29,EUR,≤ 1W,33%,67%,701970619.0
2026-04-29,EUR,> 1W,25%,75%,2283722424.0
2026-04-29,GBP,NOTIONAL,38%,62%,171413140.0
2026-04-29,GBP,OPEN INT.,41%,59%,548016648.0
2026-04-29,GBP,≤ 1W,43%,57%,167791143.0
2026-04-29,GBP,> 1W,10%,90%,929044880.0
2026-04-29,JPY,NOTIONAL,64%,36%,882441974.0
2026-04-29,JPY,OPEN INT.,65%,35%,1190665955.0
2026-04-29,JPY,≤ 1W,59%,41%,1127830257.0
2026-04-29,JPY,> 1W,58%,42%,922344312.0
2026-04-30,AUD,NOTIONAL,64%,36%,54897258.0
2026-04-30,AUD,OPEN INT.,35%,65%,581109306.0
2026-04-30,AUD,≤ 1W,55%,45%,89324352.0
2026-04-30,AUD,> 1W,87%,13%,142074390.0
2026-04-30,CAD,NOTIONAL,67%,33%,38797389.0
2026-04-30,CAD,OPEN INT.,50%,50%,318813327.0
2026-04-30,CAD,≤ 1W,63%,37%,39457458.0
2026-04-30,CAD,> 1W,83%,17%,97910235.0
2026-04-30,CHF,NOTIONAL,81%,19%,6726458.0
2026-04-30,CHF,OPEN INT.,48%,52%,202114033.0
2026-04-30,CHF,≤ 1W,75%,25%,3203075.0
2026-04-30,CHF,> 1W,86%,14%,120916083.0
2026-04-30,EUR,NOTIONAL,64%,36%,414283007.0
2026-04-30,EUR,OPEN INT.,29%,71%,3591624232.0
2026-04-30,EUR,≤ 1W,67%,33%,621058403.0
2026-04-30,EUR,> 1W,51%,49%,1958508634.0
2026-04-30,GBP,NOTIONAL,59%,41%,139991645.0
2026-04-30,GBP,OPEN INT.,45%,55%,674359270.0
2026-04-30,GBP,≤ 1W,18%,82%,221688640.0
2026-04-30,GBP,> 1W,73%,27%,412624740.0
2026-04-30,JPY,NOTIONAL,84%,16%,747587194.0
2026-04-30,JPY,OPEN INT.,67%,33%,1942831383.0
2026-04-30,JPY,≤ 1W,77%,23%,470999118.0
2026-04-30,JPY,> 1W,71%,29%,3703162603.0
2026-05-01,AUD,NOTIONAL,37%,63%,39566430.0
2026-05-01,AUD,OPEN INT.,41%,59%,325035700.0
2026-05-01,AUD,≤ 1W,32%,68%,353791630.0
2026-05-01,AUD,> 1W,65%,35%,81006680.0
2026-05-01,CAD,NOTIONAL,35%,65%,51041406.0
2026-05-01,CAD,OPEN INT.,47%,53%,200767788.0
2026-05-01,CAD,≤ 1W,45%,55%,90781314.0
2026-05-01,CAD,> 1W,66%,34%,134805450.0
2026-05-01,CHF,NOTIONAL,96%,4%,16422639.0
2026-05-01,CHF,OPEN INT.,64%,36%,80664130.0
2026-05-01,CHF,≤ 1W,77%,23%,182742094.0
2026-05-01,CHF,> 1W,85%,15%,33489302.0
2026-05-01,EUR,NOTIONAL,24%,76%,788445936.0
2026-05-01,EUR,OPEN INT.,31%,69%,2376681294.0
2026-05-01,EUR,≤ 1W,36%,64%,2352963096.0
2026-05-01,EUR,> 1W,33%,67%,979075428.0
2026-05-01,GBP,NOTIONAL,42%,58%,108669049.0
2026-05-01,GBP,OPEN INT.,43%,57%,629257705.0
2026-05-01,GBP,≤ 1W,52%,48%,192365522.0
2026-05-01,GBP,> 1W,30%,70%,165153834.0
2026-05-01,JPY,NOTIONAL,75%,25%,88789580.0
2026-05-01,JPY,OPEN INT.,78%,22%,1341459900.0
2026-05-01,JPY,≤ 1W,92%,8%,510299680.0
2026-05-01,JPY,> 1W,55%,45%,363645105.0
2026-05-04,AUD,NOTIONAL,7%,93%,22287815.0
2026-05-04,AUD,OPEN INT.,39%,61%,344135330.0
2026-05-04,AUD,≤ 1W,7%,93%,52387115.0
2026-05-04,AUD,> 1W,59%,41%,58343613.0
2026-05-04,CAD,NOTIONAL,87%,13%,10599701.0
2026-05-04,CAD,OPEN INT.,49%,51%,209559422.0
2026-05-04,CAD,≤ 1W,36%,64%,13690902.0
2026-05-04,CAD,> 1W,77%,23%,16647488.0
2026-05-04,CHF,NOTIONAL,2%,98%,84317800.0
2026-05-04,CHF,OPEN INT.,32%,68%,163666300.0
2026-05-04,CHF,≤ 1W,22%,78%,9618000.0
2026-05-04,CHF,> 1W,4%,96%,89163986.0
2026-05-04,EUR,NOTIONAL,16%,84%,574554058.0
2026-05-04,EUR,OPEN INT.,28%,72%,2784705267.0
2026-05-04,EUR,≤ 1W,14%,86%,1752651227.0
2026-05-04,EUR,> 1W,18%,82%,3151991447.0
2026-05-04,GBP,NOTIONAL,64%,36%,930532.0
2026-05-04,GBP,OPEN INT.,43%,57%,625147816.0
2026-05-04,GBP,≤ 1W,58%,42%,78333814.0
2026-05-04,GBP,> 1W,21%,79%,58702551.0
2026-05-04,JPY,NOTIONAL,56%,44%,4318738.0
2026-05-04,JPY,OPEN INT.,78%,22%,1343358738.0
2026-05-04,JPY,≤ 1W,86%,14%,298400000.0
2026-05-04,JPY,> 1W,63%,37%,320881759.0
2026-05-05,AUD,NOTIONAL,24%,76%,1219733.0
2026-05-05,AUD,OPEN INT.,39%,61%,345471435.0
2026-05-05,AUD,≤ 1W,60%,40%,37596476.0
2026-05-05,AUD,> 1W,63%,37%,40456227.0
2026-05-05,CAD,NOTIONAL,30%,70%,15049828.0
2026-05-05,CAD,OPEN INT.,48%,52%,224331494.0
2026-05-05,CAD,≤ 1W,46%,54%,11038050.0
2026-05-05,CAD,> 1W,41%,59%,16009077.0
2026-05-05,CHF,NOTIONAL,0%,100%,118300478.0
2026-05-05,CHF,OPEN INT.,20%,80%,265775327.0
2026-05-05,CHF,≤ 1W,1%,99%,260806067.0
2026-05-05,CHF,> 1W,3%,97%,124872727.0
2026-05-05,EUR,NOTIONAL,53%,47%,142097731.0
2026-05-05,EUR,OPEN INT.,29%,71%,2894691804.0
2026-05-05,EUR,≤ 1W,38%,62%,493533236.0
2026-05-05,EUR,> 1W,37%,63%,953519693.0
2026-05-05,GBP,NOTIONAL,60%,40%,13636801.0
2026-05-05,GBP,OPEN INT.,43%,57%,638134510.0
2026-05-05,GBP,≤ 1W,75%,25%,73943645.0
2026-05-05,GBP,> 1W,41%,59%,582107033.0
2026-05-05,JPY,NOTIONAL,84%,16%,179582382.0
2026-05-05,JPY,OPEN INT.,78%,22%,1463955300.0
2026-05-05,JPY,≤ 1W,37%,63%,496046777.0
2026-05-05,JPY,> 1W,66%,34%,636518934.0
2026-05-06,AUD,NOTIONAL,56%,44%,43452300.0
2026-05-06,AUD,OPEN INT.,45%,55%,212272800.0
2026-05-06,AUD,≤ 1W,91%,9%,254062200.0
2026-05-06,AUD,> 1W,58%,42%,253989900.0
2026-05-06,CAD,NOTIONAL,14%,86%,120937572.0
2026-05-06,CAD,OPEN INT.,36%,64%,287042826.0
2026-05-06,CAD,≤ 1W,34%,66%,54510183.0
2026-05-06,CAD,> 1W,8%,92%,103797393.0
2026-05-06,CHF,NOTIONAL,74%,26%,3058620.0
2026-05-06,CHF,OPEN INT.,20%,80%,269641500.0
2026-05-06,CHF,≤ 1W,50%,50%,965880.0
2026-05-06,CHF,> 1W,71%,29%,92885460.0
2026-05-06,EUR,NOTIONAL,46%,54%,545590236.0
2026-05-06,EUR,OPEN INT.,31%,69%,2115983500.0
2026-05-06,EUR,≤ 1W,57%,43%,1659141823.0
2026-05-06,EUR,> 1W,50%,50%,2866004499.0
2026-05-06,GBP,NOTIONAL,16%,84%,21772800.0
2026-05-06,GBP,OPEN INT.,30%,70%,338499000.0
2026-05-06,GBP,≤ 1W,20%,80%,239585850.0
2026-05-06,GBP,> 1W,21%,79%,1013881050.0
2026-05-06,JPY,NOTIONAL,72%,28%,204950530.0
2026-05-06,JPY,OPEN INT.,76%,24%,1066048047.0
2026-05-06,JPY,≤ 1W,72%,28%,689809972.0
2026-05-06,JPY,> 1W,66%,34%,886083652.0
2026-05-07,AUD,NOTIONAL,28%,72%,3621850.0
2026-05-07,AUD,OPEN INT.,44%,56%,216224445.0
2026-05-07,AUD,≤ 1W,78%,22%,134877694.0
2026-05-07,AUD,> 1W,83%,17%,317491371.0
2026-05-07,CAD,NOTIONAL,0%,100%,8005505.0
2026-05-07,CAD,OPEN INT.,35%,65%,294220670.0
2026-05-07,CAD,≤ 1W,45%,55%,67128730.0
2026-05-07,CAD,> 1W,41%,59%,21372495.0
2026-05-07,CHF,NOTIONAL,58%,42%,5813326.0
2026-05-07,CHF,OPEN INT.,21%,79%,274841088.0
2026-05-07,CHF,≤ 1W,49%,51%,8235544.0
2026-05-07,CHF,> 1W,50%,50%,17601459.0
2026-05-07,EUR,NOTIONAL,51%,49%,473055294.0
2026-05-07,EUR,OPEN INT.,34%,66%,2539319549.0
2026-05-07,EUR,≤ 1W,60%,40%,1076237634.0
2026-05-07,EUR,> 1W,39%,61%,1702114844.0
2026-05-07,GBP,NOTIONAL,90%,10%,4085490.0
2026-05-07,GBP,OPEN INT.,30%,70%,342755588.0
2026-05-07,GBP,≤ 1W,50%,50%,125203246.0
2026-05-07,GBP,> 1W,46%,54%,443531010.0
2026-05-07,JPY,NOTIONAL,1%,99%,31759696.0
2026-05-07,JPY,OPEN INT.,74%,26%,1088972574.0
2026-05-07,JPY,≤ 1W,63%,37%,522350742.0
2026-05-07,JPY,> 1W,48%,52%,418008918.0
2026-05-08,AUD,NOTIONAL,39%,61%,38069250.0
2026-05-08,AUD,OPEN INT.,43%,57%,253167628.0
2026-05-08,AUD,≤ 1W,32%,68%,68611500.0
2026-05-08,AUD,> 1W,56%,44%,103640570.0
2026-05-08,CAD,NOTIONAL,69%,31%,121058763.0
2026-05-08,CAD,OPEN INT.,42%,58%,387022800.0
2026-05-08,CAD,≤ 1W,46%,54%,139396572.0
2026-05-08,CAD,> 1W,59%,41%,161025128.0
2026-05-08,CHF,NOTIONAL,53%,47%,17614601.0
2026-05-08,CHF,OPEN INT.,23%,77%,289929389.0
2026-05-08,CHF,≤ 1W,58%,42%,19390501.0
2026-05-08,CHF,> 1W,96%,4%,99811857.0
2026-05-08,EUR,NOTIONAL,26%,74%,1750650988.0
2026-05-08,EUR,OPEN INT.,30%,70%,4137727665.0
2026-05-08,EUR,≤ 1W,43%,57%,1050656426.0
2026-05-08,EUR,> 1W,59%,41%,2526142080.0
2026-05-08,GBP,NOTIONAL,77%,23%,190963315.0
2026-05-08,GBP,OPEN INT.,51%,49%,486387742.0
2026-05-08,GBP,≤ 1W,63%,37%,235745740.0
2026-05-08,GBP,> 1W,78%,22%,435849376.0
2026-05-08,JPY,NOTIONAL,42%,58%,392701353.0
2026-05-08,JPY,OPEN INT.,65%,35%,1446669615.0
2026-05-08,JPY,≤ 1W,54%,46%,620897003.0
2026-05-08,JPY,> 1W,54%,46%,464522562.0
2026-05-11,AUD,NOTIONAL,39%,61%,3187580.0
2026-05-11,AUD,OPEN INT.,43%,57%,253901425.0
2026-05-11,AUD,≤ 1W,42%,58%,5578265.0
2026-05-11,AUD,> 1W,53%,47%,100645053.0
2026-05-11,CAD,NOTIONAL,29%,71%,7331800.0
2026-05-11,CAD,OPEN INT.,42%,58%,388218810.0
2026-05-11,CAD,≤ 1W,58%,42%,43110984.0
2026-05-11,CAD,> 1W,55%,45%,77366842.0
2026-05-11,CHF,NOTIONAL,4%,96%,4200313.0
2026-05-11,CHF,OPEN INT.,23%,77%,290608689.0
2026-05-11,CHF,≤ 1W,4%,96%,3711913.0
2026-05-11,CHF,> 1W,25%,75%,65020076.0
2026-05-11,EUR,NOTIONAL,28%,72%,767761835.0
2026-05-11,EUR,OPEN INT.,30%,70%,4885609566.0
2026-05-11,EUR,≤ 1W,31%,69%,846116925.0
2026-05-11,EUR,> 1W,47%,53%,1436113456.0
2026-05-11,GBP,NOTIONAL,36%,64%,86884807.0
2026-05-11,GBP,OPEN INT.,50%,50%,555209395.0
2026-05-11,GBP,≤ 1W,22%,78%,42079538.0
2026-05-11,GBP,> 1W,35%,65%,282589980.0
2026-05-11,JPY,NOTIONAL,54%,46%,247499665.0
2026-05-11,JPY,OPEN INT.,63%,37%,1675471578.0
2026-05-11,JPY,≤ 1W,94%,6%,153288002.0
2026-05-11,JPY,> 1W,32%,68%,1333033916.0
2026-05-12,AUD,NOTIONAL,56%,44%,11496315.0
2026-05-12,AUD,OPEN INT.,44%,56%,260492775.0
2026-05-12,AUD,≤ 1W,18%,82%,39117005.0
2026-05-12,AUD,> 1W,49%,51%,184742705.0
2026-05-12,CAD,NOTIONAL,89%,11%,131998086.0
2026-05-12,CAD,OPEN INT.,54%,46%,515867638.0
2026-05-12,CAD,≤ 1W,95%,5%,102663308.0
2026-05-12,CAD,> 1W,48%,52%,142883882.0
2026-05-12,CHF,NOTIONAL,73%,27%,5465864.0
2026-05-12,CHF,OPEN INT.,23%,77%,292471863.0
2026-05-12,CHF,≤ 1W,44%,56%,1446019.0
2026-05-12,CHF,> 1W,31%,69%,22933714.0
2026-05-12,EUR,NOTIONAL,28%,72%,257358763.0
2026-05-12,EUR,OPEN INT.,30%,70%,4938546952.0
2026-05-12,EUR,≤ 1W,49%,51%,262383845.0
2026-05-12,EUR,> 1W,34%,66%,1460620683.0
2026-05-12,GBP,NOTIONAL,3%,97%,435550788.0
2026-05-12,GBP,OPEN INT.,32%,68%,908491150.0
2026-05-12,GBP,≤ 1W,2%,98%,493072250.0
2026-05-12,GBP,> 1W,35%,65%,712507575.0
2026-05-12,JPY,NOTIONAL,76%,24%,35252275.0
2026-05-12,JPY,OPEN INT.,64%,36%,1698930494.0
2026-05-12,JPY,≤ 1W,94%,6%,44707100.0
2026-05-12,JPY,> 1W,33%,67%,920272790.0
2026-05-13,AUD,NOTIONAL,65%,35%,44832932.0
2026-05-13,AUD,OPEN INT.,34%,66%,206492228.0
2026-05-13,AUD,≤ 1W,60%,40%,39907828.0
2026-05-13,AUD,> 1W,53%,47%,230321040.0
2026-05-13,CAD,NOTIONAL,49%,51%,37696896.0
2026-05-13,CAD,OPEN INT.,50%,50%,435705984.0
2026-05-13,CAD,≤ 1W,70%,30%,69695424.0
2026-05-13,CAD,> 1W,16%,84%,111775680.0
2026-05-13,CHF,NOTIONAL,36%,64%,3528334.0
2026-05-13,CHF,OPEN INT.,24%,76%,291728946.0
2026-05-13,CHF,≤ 1W,10%,90%,1603788.0
2026-05-13,CHF,> 1W,55%,45%,3528334.0
2026-05-13,EUR,NOTIONAL,16%,84%,1975511944.0
2026-05-13,EUR,OPEN INT.,27%,73%,5164777490.0
2026-05-13,EUR,≤ 1W,43%,57%,348504449.0
2026-05-13,EUR,> 1W,35%,65%,3942069966.0
2026-05-13,GBP,NOTIONAL,25%,75%,19935952.0
2026-05-13,GBP,OPEN INT.,23%,77%,677991334.0
2026-05-13,GBP,≤ 1W,30%,70%,21963337.0
2026-05-13,GBP,> 1W,75%,25%,313146507.0
2026-05-13,JPY,NOTIONAL,85%,15%,285940550.0
2026-05-13,JPY,OPEN INT.,60%,40%,1477452200.0
2026-05-13,JPY,≤ 1W,90%,10%,283318700.0
2026-05-13,JPY,> 1W,58%,42%,582552700.0
2026-05-14,AUD,NOTIONAL,51%,49%,26777667.0
2026-05-14,AUD,OPEN INT.,35%,65%,224253939.0
2026-05-14,AUD,≤ 1W,47%,53%,39625173.0
2026-05-14,AUD,> 1W,37%,63%,106966314.0
2026-05-14,CAD,NOTIONAL,57%,43%,7441104.0
2026-05-14,CAD,OPEN INT.,50%,50%,440775984.0
2026-05-14,CAD,≤ 1W,47%,53%,13350216.0
2026-05-14,CAD,> 1W,53%,47%,44063008.0
2026-05-14,CHF,NOTIONAL,7%,93%,4642633.0
2026-05-14,CHF,OPEN INT.,23%,77%,294367910.0
2026-05-14,CHF,≤ 1W,33%,67%,480225.0
2026-05-14,CHF,> 1W,35%,65%,10412425.0
2026-05-14,EUR,NOTIONAL,57%,43%,345652423.0
2026-05-14,EUR,OPEN INT.,29%,71%,5415709089.0
2026-05-14,EUR,≤ 1W,67%,33%,332920940.0
2026-05-14,EUR,> 1W,34%,66%,1081736967.0
2026-05-14,GBP,NOTIONAL,23%,77%,584710089.0
2026-05-14,GBP,OPEN INT.,21%,79%,1181401248.0
2026-05-14,GBP,≤ 1W,12%,88%,379597504.0
2026-05-14,GBP,> 1W,22%,78%,1534924598.0
2026-05-14,JPY,NOTIONAL,70%,30%,333417618.0
2026-05-14,JPY,OPEN INT.,62%,38%,1770105477.0
2026-05-14,JPY,≤ 1W,92%,8%,134922627.0
2026-05-14,JPY,> 1W,48%,52%,1382560077.0
2026-05-15,AUD,NOTIONAL,47%,53%,42426372.0
2026-05-15,AUD,OPEN INT.,32%,68%,191976981.0
2026-05-15,AUD,≤ 1W,50%,50%,45999632.0
2026-05-15,AUD,> 1W,65%,35%,556264625.0
2026-05-15,CAD,NOTIONAL,43%,57%,39584160.0
2026-05-15,CAD,OPEN INT.,38%,62%,274324050.0
2026-05-15,CAD,≤ 1W,43%,57%,47006190.0
2026-05-15,CAD,> 1W,37%,63%,94012380.0
2026-05-15,CHF,NOTIONAL,51%,49%,26934166.0
2026-05-15,CHF,OPEN INT.,13%,87%,163676842.0
2026-05-15,CHF,≤ 1W,49%,51%,25021680.0
2026-05-15,CHF,> 1W,32%,68%,15937378.0
2026-05-15,EUR,NOTIONAL,46%,54%,1820550799.0
2026-05-15,EUR,OPEN INT.,32%,68%,4937047457.0
2026-05-15,EUR,≤ 1W,49%,51%,1768177593.0
2026-05-15,EUR,> 1W,40%,60%,4296057624.0
2026-05-15,GBP,NOTIONAL,44%,56%,277219797.0
2026-05-15,GBP,OPEN INT.,32%,68%,1022003091.0
2026-05-15,GBP,≤ 1W,15%,85%,126729050.0
2026-05-15,GBP,> 1W,29%,71%,1172160338.0
2026-05-15,JPY,NOTIONAL,67%,33%,600017040.0
2026-05-15,JPY,OPEN INT.,63%,37%,1495107600.0
2026-05-15,JPY,≤ 1W,70%,30%,484182720.0
2026-05-15,JPY,> 1W,19%,81%,901407360.0
2026-05-18,AUD,NOTIONAL,45%,55%,22224145.0
2026-05-18,AUD,OPEN INT.,34%,66%,209610685.0
2026-05-18,AUD,≤ 1W,56%,44%,30649905.0
2026-05-18,AUD,> 1W,27%,73%,140407090.0
2026-05-18,CAD,NOTIONAL,50%,50%,6264650.0
2026-05-18,CAD,OPEN INT.,39%,61%,279606852.0
2026-05-18,CAD,≤ 1W,12%,88%,59439072.0
2026-05-18,CAD,> 1W,83%,17%,113620806.0
2026-05-18,CHF,NOTIONAL,79%,21%,3039838.0
2026-05-18,CHF,OPEN INT.,14%,86%,166589681.0
2026-05-18,CHF,≤ 1W,92%,8%,1914000.0
2026-05-18,CHF,> 1W,40%,60%,34593913.0
2026-05-18,EUR,NOTIONAL,18%,82%,816572990.0
2026-05-18,EUR,OPEN INT.,31%,69%,5386136923.0
2026-05-18,EUR,≤ 1W,30%,70%,755841150.0
2026-05-18,EUR,> 1W,28%,72%,2739438022.0
2026-05-18,GBP,NOTIONAL,40%,60%,123753872.0
2026-05-18,GBP,OPEN INT.,33%,67%,1134154950.0
2026-05-18,GBP,≤ 1W,29%,71%,126806962.0
2026-05-18,GBP,> 1W,31%,69%,353890419.0
2026-05-18,JPY,NOTIONAL,64%,36%,92860989.0
2026-05-18,JPY,OPEN INT.,63%,37%,1559950755.0
2026-05-18,JPY,≤ 1W,69%,31%,91679552.0
2026-05-18,JPY,> 1W,31%,69%,1578767093.0
2026-05-19,AUD,NOTIONAL,15%,85%,79406949.0
2026-05-19,AUD,OPEN INT.,28%,72%,280061528.0
2026-05-19,AUD,≤ 1W,18%,82%,91054050.0
2026-05-19,AUD,> 1W,41%,59%,279414008.0
2026-05-19,CAD,NOTIONAL,28%,72%,37354095.0
2026-05-19,CAD,OPEN INT.,37%,63%,310519237.0
2026-05-19,CAD,≤ 1W,33%,67%,51407390.0
2026-05-19,CAD,> 1W,38%,62%,79768658.0
2026-05-19,CHF,NOTIONAL,45%,55%,1747463.0
2026-05-19,CHF,OPEN INT.,14%,86%,165396066.0
2026-05-19,CHF,≤ 1W,60%,40%,794219.0
2026-05-19,CHF,> 1W,100%,0%,644354169.0
2026-05-19,EUR,NOTIONAL,35%,65%,400046548.0
2026-05-19,EUR,OPEN INT.,32%,68%,5647314024.0
2026-05-19,EUR,≤ 1W,30%,70%,481742096.0
2026-05-19,EUR,> 1W,45%,55%,2025837169.0
2026-05-19,GBP,NOTIONAL,49%,51%,155754256.0
2026-05-19,GBP,OPEN INT.,34%,66%,1277612470.0
2026-05-19,GBP,≤ 1W,61%,39%,146241687.0
2026-05-19,GBP,> 1W,31%,69%,335364522.0
2026-05-19,JPY,NOTIONAL,52%,48%,328920020.0
2026-05-19,JPY,OPEN INT.,60%,40%,1784366006.0
2026-05-19,JPY,≤ 1W,90%,10%,165590308.0
2026-05-19,JPY,> 1W,43%,57%,1033379852.0
2026-05-20,AUD,NOTIONAL,29%,71%,59567616.0
2026-05-20,AUD,OPEN INT.,24%,76%,263108096.0
2026-05-20,AUD,≤ 1W,32%,68%,60706304.0
2026-05-20,AUD,> 1W,84%,16%,271719424.0
2026-05-20,CAD,NOTIONAL,37%,63%,47621010.0
2026-05-20,CAD,OPEN INT.,28%,72%,271028544.0
2026-05-20,CAD,≤ 1W,38%,62%,62984975.0
2026-05-20,CAD,> 1W,28%,72%,171314244.0
2026-05-20,CHF,NOTIONAL,33%,67%,3353214.0
2026-05-20,CHF,OPEN INT.,15%,85%,167345965.0
2026-05-20,CHF,≤ 1W,75%,25%,1274451.0
2026-05-20,CHF,> 1W,37%,63%,9163391.0
2026-05-20,EUR,NOTIONAL,29%,71%,1539049070.0
2026-05-20,EUR,OPEN INT.,35%,65%,5170709760.0
2026-05-20,EUR,≤ 1W,49%,51%,890696940.0
2026-05-20,EUR,> 1W,47%,53%,4088189502.0
2026-05-20,GBP,NOTIONAL,65%,35%,66203240.0
2026-05-20,GBP,OPEN INT.,35%,65%,1160858318.0
2026-05-20,GBP,≤ 1W,46%,54%,62436937.0
2026-05-20,GBP,> 1W,43%,57%,489314411.0
2026-05-20,JPY,NOTIONAL,47%,53%,154813415.0
2026-05-20,JPY,OPEN INT.,55%,45%,1664726991.0
2026-05-20,JPY,≤ 1W,66%,34%,79572265.0
2026-05-20,JPY,> 1W,55%,45%,1146007693.0
2026-05-21,AUD,NOTIONAL,67%,33%,52959554.0
2026-05-21,AUD,OPEN INT.,31%,69%,314122146.0
2026-05-21,AUD,≤ 1W,67%,33%,55596840.0
2026-05-21,AUD,> 1W,62%,38%,82326090.0
2026-05-21,CAD,NOTIONAL,20%,80%,41248160.0
2026-05-21,CAD,OPEN INT.,27%,73%,308707620.0
2026-05-21,CAD,≤ 1W,24%,76%,37907640.0
2026-05-21,CAD,> 1W,75%,25%,95785780.0
2026-05-21,CHF,NOTIONAL,83%,17%,5556908.0
2026-05-21,CHF,OPEN INT.,16%,84%,167977339.0
2026-05-21,CHF,≤ 1W,73%,27%,1746456.0
2026-05-21,CHF,> 1W,63%,37%,9843667.0
2026-05-21,EUR,NOTIONAL,39%,61%,1261681401.0
2026-05-21,EUR,OPEN INT.,35%,65%,6032917410.0
2026-05-21,EUR,≤ 1W,39%,61%,1069752633.0
2026-05-21,EUR,> 1W,18%,82%,2380467991.0
2026-05-21,GBP,NOTIONAL,60%,40%,14997403.0
2026-05-21,GBP,OPEN INT.,35%,65%,1174656939.0
2026-05-21,GBP,≤ 1W,44%,56%,40970560.0
2026-05-21,GBP,> 1W,14%,86%,415738068.0
2026-05-21,JPY,NOTIONAL,63%,37%,129474360.0
2026-05-21,JPY,OPEN INT.,55%,45%,1764579780.0
2026-05-21,JPY,≤ 1W,64%,36%,94470660.0
2026-05-21,JPY,> 1W,58%,42%,978137100.0
2026-05-22,AUD,NOTIONAL,45%,55%,83443937.0
2026-05-22,AUD,OPEN INT.,40%,60%,180693420.0
2026-05-22,AUD,≤ 1W,45%,55%,94774470.0
2026-05-22,AUD,> 1W,7%,93%,164387725.0
2026-05-22,CAD,NOTIONAL,33%,67%,62115528.0
2026-05-22,CAD,OPEN INT.,44%,56%,166376152.0
2026-05-22,CAD,≤ 1W,46%,54%,81322560.0
2026-05-22,CAD,> 1W,13%,87%,101340312.0
2026-05-22,CHF,NOTIONAL,54%,46%,22478398.0
2026-05-22,CHF,OPEN INT.,16%,84%,138537067.0
2026-05-22,CHF,≤ 1W,53%,47%,21521869.0
2026-05-22,CHF,> 1W,71%,29%,9405855.0
2026-05-22,EUR,NOTIONAL,48%,52%,1544071157.0
2026-05-22,EUR,OPEN INT.,44%,56%,3639871192.0
2026-05-22,EUR,≤ 1W,48%,52%,1596556400.0
2026-05-22,EUR,> 1W,49%,51%,2529163440.0
2026-05-22,GBP,NOTIONAL,61%,39%,209734103.0
2026-05-22,GBP,OPEN INT.,48%,52%,906610760.0
2026-05-22,GBP,≤ 1W,38%,62%,147383804.0
2026-05-22,GBP,> 1W,48%,52%,336157080.0
2026-05-22,JPY,NOTIONAL,60%,40%,923971368.0
2026-05-22,JPY,OPEN INT.,53%,47%,1581056483.0
2026-05-22,JPY,≤ 1W,71%,29%,1030809433.0
2026-05-22,JPY,> 1W,66%,34%,496228461.0
2026-05-26,AUD,NOTIONAL,56%,44%,14463333.0
2026-05-26,AUD,OPEN INT.,41%,59%,191109327.0
2026-05-26,AUD,≤ 1W,48%,52%,22285638.0
2026-05-26,AUD,> 1W,46%,54%,149893122.0
2026-05-26,CAD,NOTIONAL,71%,29%,54201280.0
2026-05-26,CAD,OPEN INT.,51%,49%,210950770.0
2026-05-26,CAD,≤ 1W,54%,46%,88618580.0
2026-05-26,CAD,> 1W,30%,70%,50220840.0
2026-05-26,CHF,NOTIONAL,85%,15%,3215428.0
2026-05-26,CHF,OPEN INT.,18%,82%,142521263.0
2026-05-26,CHF,≤ 1W,67%,33%,478534.0
2026-05-26,CHF,> 1W,42%,58%,16103887.0
2026-05-26,EUR,NOTIONAL,58%,42%,805862221.0
2026-05-26,EUR,OPEN INT.,47%,53%,4310153148.0
2026-05-26,EUR,≤ 1W,42%,58%,335086500.0
2026-05-26,EUR,> 1W,44%,56%,1824390656.0
2026-05-26,GBP,NOTIONAL,50%,50%,92010741.0
2026-05-26,GBP,OPEN INT.,48%,52%,945730879.0
2026-05-26,GBP,≤ 1W,55%,45%,112580158.0
2026-05-26,GBP,> 1W,55%,45%,105289959.0
2026-05-26,JPY,NOTIONAL,54%,46%,106509239.0
2026-05-26,JPY,OPEN INT.,53%,47%,1656721865.0
2026-05-26,JPY,≤ 1W,90%,10%,68685477.0
2026-05-26,JPY,> 1W,83%,17%,628551318.0
2026-05-27,AUD,NOTIONAL,39%,61%,80126145.0
2026-05-27,AUD,OPEN INT.,40%,60%,205787985.0
2026-05-27,AUD,≤ 1W,48%,52%,45816330.0
2026-05-27,AUD,> 1W,80%,20%,270048375.0
2026-05-27,CAD,NOTIONAL,53%,47%,57399164.0
2026-05-27,CAD,OPEN INT.,46%,54%,178940144.0
2026-05-27,CAD,≤ 1W,63%,37%,90911792.0
2026-05-27,CAD,> 1W,37%,63%,30903276.0
2026-05-27,CHF,NOTIONAL,59%,41%,4617807.0
2026-05-27,CHF,OPEN INT.,19%,81%,145053073.0
2026-05-27,CHF,≤ 1W,50%,50%,3820500.0
2026-05-27,CHF,> 1W,52%,48%,16577129.0
2026-05-27,EUR,NOTIONAL,26%,74%,881224385.0
2026-05-27,EUR,OPEN INT.,45%,55%,3936797364.0
2026-05-27,EUR,≤ 1W,52%,48%,685421060.0
2026-05-27,EUR,> 1W,36%,64%,1611420738.0
2026-05-27,GBP,NOTIONAL,60%,40%,8067420.0
2026-05-27,GBP,OPEN INT.,52%,48%,733210830.0
2026-05-27,GBP,≤ 1W,41%,59%,50001198.0
2026-05-27,GBP,> 1W,43%,57%,45461890.0
2026-05-27,JPY,NOTIONAL,70%,30%,330833388.0
2026-05-27,JPY,OPEN INT.,54%,46%,1756574326.0
2026-05-27,JPY,≤ 1W,87%,13%,500200839.0
2026-05-27,JPY,> 1W,51%,49%,828801175.0
2026-05-28,AUD,NOTIONAL,59%,41%,55949750.0
2026-05-28,AUD,OPEN INT.,48%,52%,239099510.0
2026-05-28,AUD,≤ 1W,34%,66%,38666700.0
2026-05-28,AUD,> 1W,77%,23%,137979290.0
2026-05-28,CAD,NOTIONAL,50%,50%,34475652.0
2026-05-28,CAD,OPEN INT.,47%,53%,208443984.0
2026-05-28,CAD,≤ 1W,60%,40%,43943808.0
2026-05-28,CAD,> 1W,63%,37%,35565006.0
2026-05-28,CHF,NOTIONAL,81%,19%,5735276.0
2026-05-28,CHF,OPEN INT.,19%,81%,146152125.0
2026-05-28,CHF,≤ 1W,93%,7%,2235626.0
2026-05-28,CHF,> 1W,74%,26%,11629494.0
2026-05-28,EUR,NOTIONAL,43%,57%,370154948.0
2026-05-28,EUR,OPEN INT.,45%,55%,4095652962.0
2026-05-28,EUR,≤ 1W,41%,59%,508633915.0
2026-05-28,EUR,> 1W,51%,49%,1906479533.0
2026-05-28,GBP,NOTIONAL,42%,58%,120263145.0
2026-05-28,GBP,OPEN INT.,50%,50%,806895080.0
2026-05-28,GBP,≤ 1W,44%,56%,55247676.0
2026-05-28,GBP,> 1W,16%,84%,307766239.0
2026-05-28,JPY,NOTIONAL,89%,11%,87834508.0
2026-05-28,JPY,OPEN INT.,55%,45%,1817208806.0
2026-05-28,JPY,≤ 1W,43%,57%,61696089.0
2026-05-28,JPY,> 1W,82%,18%,663728773.0
2026-05-29,AUD,NOTIONAL,55%,45%,17873235.0
2026-05-29,AUD,OPEN INT.,51%,49%,163081395.0
2026-05-29,AUD,≤ 1W,77%,23%,160843200.0
2026-05-29,AUD,> 1W,77%,23%,73532840.0
2026-05-29,CAD,NOTIONAL,86%,14%,56497190.0
2026-05-29,CAD,OPEN INT.,49%,51%,157813140.0
2026-05-29,CAD,≤ 1W,70%,30%,77177240.0
2026-05-29,CAD,> 1W,60%,40%,22573690.0
2026-05-29,CHF,NOTIONAL,35%,65%,33659289.0
2026-05-29,CHF,OPEN INT.,15%,85%,147948038.0
2026-05-29,CHF,≤ 1W,51%,49%,9137100.0
2026-05-29,CHF,> 1W,25%,75%,52129710.0
2026-05-29,EUR,NOTIONAL,27%,73%,1897231151.0
2026-05-29,EUR,OPEN INT.,35%,65%,3899958650.0
2026-05-29,EUR,≤ 1W,35%,65%,3147624453.0
2026-05-29,EUR,> 1W,38%,62%,2609091995.0
2026-05-29,GBP,NOTIONAL,31%,69%,35923109.0
2026-05-29,GBP,OPEN INT.,52%,48%,676466797.0
2026-05-29,GBP,≤ 1W,60%,40%,104238621.0
2026-05-29,GBP,> 1W,43%,57%,229437724.0
2026-05-29,JPY,NOTIONAL,56%,44%,272818553.0
2026-05-29,JPY,OPEN INT.,49%,51%,1125151867.0
2026-05-29,JPY,≤ 1W,62%,38%,874993227.0
2026-05-29,JPY,> 1W,50%,50%,870418894.0
2026-06-01,AUD,NOTIONAL,33%,67%,10794240.0
2026-06-01,AUD,OPEN INT.,49%,51%,169827680.0
2026-06-01,AUD,≤ 1W,32%,68%,27637600.0
2026-06-01,AUD,> 1W,49%,51%,56523700.0
2026-06-01,CAD,NOTIONAL,42%,58%,23131760.0
2026-06-01,CAD,OPEN INT.,47%,53%,175992515.0
2026-06-01,CAD,≤ 1W,37%,63%,41787730.0
2026-06-01,CAD,> 1W,97%,3%,761893210.0
2026-06-01,CHF,NOTIONAL,0%,100%,1768182.0
2026-06-01,CHF,OPEN INT.,14%,86%,148527226.0
2026-06-01,CHF,≤ 1W,44%,56%,7163438.0
2026-06-01,CHF,> 1W,39%,61%,9824496.0
2026-06-01,EUR,NOTIONAL,54%,46%,335849598.0
2026-06-01,EUR,OPEN INT.,36%,64%,4186157709.0
2026-06-01,EUR,≤ 1W,48%,52%,1010676309.0
2026-06-01,EUR,> 1W,36%,64%,1355323514.0
2026-06-01,GBP,NOTIONAL,59%,41%,21698233.0
2026-06-01,GBP,OPEN INT.,52%,48%,688375904.0
2026-06-01,GBP,≤ 1W,37%,63%,128430058.0
2026-06-01,GBP,> 1W,62%,38%,439384603.0
2026-06-01,JPY,NOTIONAL,61%,39%,56929488.0
2026-06-01,JPY,OPEN INT.,49%,51%,1172213964.0
2026-06-01,JPY,≤ 1W,68%,32%,352339944.0
2026-06-01,JPY,> 1W,27%,73%,326524815.0
2026-06-02,AUD,NOTIONAL,32%,68%,36082705.0
2026-06-02,AUD,OPEN INT.,46%,54%,197988600.0
2026-06-02,AUD,≤ 1W,61%,39%,28980940.0
2026-06-02,AUD,> 1W,51%,49%,97703070.0
2026-06-02,CAD,NOTIONAL,66%,34%,17227868.0
2026-06-02,CAD,OPEN INT.,49%,51%,192111832.0
2026-06-02,CAD,≤ 1W,54%,46%,24956882.0
2026-06-02,CAD,> 1W,37%,63%,128394190.0
2026-06-02,CHF,NOTIONAL,51%,49%,32907625.0
2026-06-02,CHF,OPEN INT.,21%,79%,180751150.0
2026-06-02,CHF,≤ 1W,25%,75%,2543500.0
2026-06-02,CHF,> 1W,36%,64%,63782188.0
2026-06-02,EUR,NOTIONAL,85%,15%,285116094.0
2026-06-02,EUR,OPEN INT.,37%,63%,4307320240.0
2026-06-02,EUR,≤ 1W,27%,73%,799654741.0
2026-06-02,EUR,> 1W,37%,63%,2377391679.0
2026-06-02,GBP,NOTIONAL,73%,27%,7829265.0
2026-06-02,GBP,OPEN INT.,52%,48%,696972792.0
2026-06-02,GBP,≤ 1W,40%,60%,60445280.0
2026-06-02,GBP,> 1W,20%,80%,81070760.0
2026-06-02,JPY,NOTIONAL,64%,36%,314393013.0
2026-06-02,JPY,OPEN INT.,51%,49%,1442231378.0
2026-06-02,JPY,≤ 1W,42%,58%,591524562.0
2026-06-02,JPY,> 1W,67%,33%,1143290130.0
2026-06-03,AUD,NOTIONAL,51%,49%,53936572.0
2026-06-03,AUD,OPEN INT.,46%,54%,184847700.0
2026-06-03,AUD,≤ 1W,47%,53%,84292946.0
2026-06-03,AUD,> 1W,93%,7%,292217226.0
2026-06-03,CAD,NOTIONAL,57%,43%,48372156.0
2026-06-03,CAD,OPEN INT.,43%,57%,112055832.0
2026-06-03,CAD,≤ 1W,47%,53%,65858220.0
2026-06-03,CAD,> 1W,74%,26%,28791631.0
2026-06-03,CHF,NOTIONAL,99%,1%,158061992.0
2026-06-03,CHF,OPEN INT.,57%,43%,335287815.0
2026-06-03,CHF,≤ 1W,52%,48%,57022206.0
2026-06-03,CHF,> 1W,95%,5%,167747363.0
2026-06-03,EUR,NOTIONAL,51%,49%,418219270.0
2026-06-03,EUR,OPEN INT.,35%,65%,3889497243.0
2026-06-03,EUR,≤ 1W,46%,54%,857189874.0
2026-06-03,EUR,> 1W,49%,51%,1921380108.0
2026-06-03,GBP,NOTIONAL,49%,51%,16699085.0
2026-06-03,GBP,OPEN INT.,54%,46%,541419580.0
2026-06-03,GBP,≤ 1W,8%,92%,64782380.0
2026-06-03,GBP,> 1W,48%,52%,76614168.0
2026-06-03,JPY,NOTIONAL,48%,52%,66089565.0
2026-06-03,JPY,OPEN INT.,48%,52%,1148472352.0
2026-06-03,JPY,≤ 1W,67%,33%,655186115.0
2026-06-03,JPY,> 1W,54%,46%,591228068.0
2026-06-04,AUD,NOTIONAL,4%,96%,9970100.0
2026-06-04,AUD,OPEN INT.,43%,57%,194915455.0
2026-06-04,AUD,≤ 1W,55%,45%,30782496.0
2026-06-04,AUD,> 1W,49%,51%,1205956076.0
2026-06-04,CAD,NOTIONAL,38%,62%,2673435.0
2026-06-04,CAD,OPEN INT.,43%,57%,113873880.0
2026-06-04,CAD,≤ 1W,29%,71%,7058440.0
2026-06-04,CAD,> 1W,48%,52%,214648904.0
2026-06-04,CHF,NOTIONAL,83%,17%,3841950.0
2026-06-04,CHF,OPEN INT.,58%,42%,341773470.0
2026-06-04,CHF,≤ 1W,43%,57%,1109719.0
2026-06-04,CHF,> 1W,93%,7%,53622080.0
2026-06-04,EUR,NOTIONAL,27%,73%,193689782.0
2026-06-04,EUR,OPEN INT.,33%,67%,4023392256.0
2026-06-04,EUR,≤ 1W,61%,39%,1089527645.0
2026-06-04,EUR,> 1W,33%,67%,1770594594.0
2026-06-04,GBP,NOTIONAL,88%,12%,48930559.0
2026-06-04,GBP,OPEN INT.,57%,43%,590613705.0
2026-06-04,GBP,≤ 1W,27%,73%,357498246.0
2026-06-04,GBP,> 1W,77%,23%,243139478.0
2026-06-04,JPY,NOTIONAL,10%,90%,52513745.0
2026-06-04,JPY,OPEN INT.,47%,53%,1197895971.0
2026-06-04,JPY,≤ 1W,73%,27%,387867844.0
2026-06-04,JPY,> 1W,56%,44%,802093766.0
2026-06-05,AUD,NOTIONAL,49%,51%,70074145.0
2026-06-05,AUD,OPEN INT.,45%,55%,254572270.0
2026-06-05,AUD,≤ 1W,53%,47%,59886595.0
2026-06-05,AUD,> 1W,23%,77%,524099705.0
2026-06-05,CAD,NOTIONAL,48%,52%,51232672.0
2026-06-05,CAD,OPEN INT.,43%,57%,148805008.0
2026-06-05,CAD,≤ 1W,40%,60%,55744210.0
2026-06-05,CAD,> 1W,43%,57%,97861882.0
2026-06-05,CHF,NOTIONAL,8%,92%,107251626.0
2026-06-05,CHF,OPEN INT.,45%,55%,443920189.0
2026-06-05,CHF,≤ 1W,23%,77%,28373332.0
2026-06-05,CHF,> 1W,7%,93%,92696527.0
2026-06-05,EUR,NOTIONAL,30%,70%,3724957733.0
2026-06-05,EUR,OPEN INT.,35%,65%,6609524247.0
2026-06-05,EUR,≤ 1W,30%,70%,3675588361.0
2026-06-05,EUR,> 1W,29%,71%,8295397145.0
2026-06-05,GBP,NOTIONAL,32%,68%,56622183.0
2026-06-05,GBP,OPEN INT.,56%,44%,625440588.0
2026-06-05,GBP,≤ 1W,58%,42%,98251214.0
2026-06-05,GBP,> 1W,29%,71%,240888195.0
2026-06-05,JPY,NOTIONAL,65%,35%,1468351153.0
2026-06-05,JPY,OPEN INT.,55%,45%,2281228849.0
2026-06-05,JPY,≤ 1W,64%,36%,1337716747.0
2026-06-05,JPY,> 1W,72%,28%,882417290.0
2026-06-08,AUD,NOTIONAL,29%,71%,5412715.0
2026-06-08,AUD,OPEN INT.,45%,55%,254889670.0
2026-06-08,AUD,≤ 1W,4%,96%,42458180.0
2026-06-08,AUD,> 1W,90%,10%,144382850.0
2026-06-08,CAD,NOTIONAL,58%,42%,2230450.0
2026-06-08,CAD,OPEN INT.,43%,57%,150519400.0
2026-06-08,CAD,≤ 1W,24%,76%,9497400.0
2026-06-08,CAD,> 1W,96%,4%,777942600.0
2026-06-08,CHF,NOTIONAL,81%,19%,55723800.0
2026-06-08,CHF,OPEN INT.,49%,51%,474760445.0
2026-06-08,CHF,≤ 1W,53%,47%,20579812.0
2026-06-08,CHF,> 1W,84%,16%,68976907.0
2026-06-08,EUR,NOTIONAL,42%,58%,939334197.0
2026-06-08,EUR,OPEN INT.,38%,62%,7002546177.0
2026-06-08,EUR,≤ 1W,24%,76%,610357457.0
2026-06-08,EUR,> 1W,37%,63%,2535782397.0
2026-06-08,GBP,NOTIONAL,54%,46%,19000954.0
2026-06-08,GBP,OPEN INT.,56%,44%,629114791.0
2026-06-08,GBP,≤ 1W,58%,42%,20584366.0
2026-06-08,GBP,> 1W,37%,63%,239282413.0
2026-06-08,JPY,NOTIONAL,83%,17%,32385775.0
2026-06-08,JPY,OPEN INT.,55%,45%,2317705282.0
2026-06-08,JPY,≤ 1W,81%,19%,17922224.0
2026-06-08,JPY,> 1W,84%,16%,639877327.0
2026-06-09,AUD,NOTIONAL,35%,65%,22372572.0
2026-06-09,AUD,OPEN INT.,44%,56%,275295202.0
2026-06-09,AUD,≤ 1W,38%,62%,17799562.0
2026-06-09,AUD,> 1W,15%,85%,173066133.0
2026-06-09,CAD,NOTIONAL,9%,91%,32848416.0
2026-06-09,CAD,OPEN INT.,37%,63%,179873892.0
2026-06-09,CAD,≤ 1W,23%,77%,18945468.0
2026-06-09,CAD,> 1W,45%,55%,100710408.0
2026-06-09,CHF,NOTIONAL,92%,8%,9339700.0
2026-06-09,CHF,OPEN INT.,50%,50%,480123900.0
2026-06-09,CHF,≤ 1W,100%,0%,6015400.0
2026-06-09,CHF,> 1W,56%,44%,11555900.0
2026-06-09,EUR,NOTIONAL,67%,33%,1483752691.0
2026-06-09,EUR,OPEN INT.,43%,57%,8114481172.0
2026-06-09,EUR,≤ 1W,52%,48%,722861319.0
2026-06-09,EUR,> 1W,50%,50%,2879032389.0
2026-06-09,GBP,NOTIONAL,48%,52%,91764050.0
2026-06-09,GBP,OPEN INT.,54%,46%,703747450.0
2026-06-09,GBP,≤ 1W,51%,49%,87497900.0
2026-06-09,GBP,> 1W,77%,23%,115741676.0
2026-06-09,JPY,NOTIONAL,71%,29%,252459700.0
2026-06-09,JPY,OPEN INT.,56%,44%,2541328150.0
2026-06-09,JPY,≤ 1W,99%,1%,328967400.0
2026-06-09,JPY,> 1W,61%,39%,426716500.0
2026-06-10,AUD,NOTIONAL,19%,81%,66811800.0
2026-06-10,AUD,OPEN INT.,37%,63%,244999920.0
2026-06-10,AUD,≤ 1W,19%,81%,54288960.0
2026-06-10,AUD,> 1W,76%,24%,189525459.0
2026-06-10,CAD,NOTIONAL,65%,35%,71108415.0
2026-06-10,CAD,OPEN INT.,47%,53%,182850210.0
2026-06-10,CAD,≤ 1W,63%,37%,68226615.0
2026-06-10,CAD,> 1W,96%,4%,792431219.0
2026-06-10,CHF,NOTIONAL,21%,79%,38487252.0
2026-06-10,CHF,OPEN INT.,47%,53%,518548399.0
2026-06-10,CHF,≤ 1W,0%,100%,0.0
2026-06-10,CHF,> 1W,41%,59%,52583407.0
2026-06-10,EUR,NOTIONAL,26%,74%,1232100036.0
2026-06-10,EUR,OPEN INT.,41%,59%,7606462131.0
2026-06-10,EUR,≤ 1W,39%,61%,857043679.0
2026-06-10,EUR,> 1W,33%,67%,2306055051.0
2026-06-10,GBP,NOTIONAL,8%,92%,30248190.0
2026-06-10,GBP,OPEN INT.,56%,44%,649372500.0
2026-06-10,GBP,≤ 1W,5%,95%,38710980.0
2026-06-10,GBP,> 1W,54%,46%,289330931.0
2026-06-10,JPY,NOTIONAL,53%,47%,261649468.0
2026-06-10,JPY,OPEN INT.,59%,41%,2313226275.0
2026-06-10,JPY,≤ 1W,56%,44%,143703040.0
2026-06-10,JPY,> 1W,75%,25%,461357877.0
2026-06-11,AUD,NOTIONAL,64%,36%,20556880.0
2026-06-11,AUD,OPEN INT.,40%,60%,264783840.0
2026-06-11,AUD,≤ 1W,54%,46%,17048880.0
2026-06-11,AUD,> 1W,63%,37%,121206230.0
2026-06-11,CAD,NOTIONAL,85%,15%,26932500.0
2026-06-11,CAD,OPEN INT.,51%,49%,206985240.0
2026-06-11,CAD,≤ 1W,32%,68%,68372640.0
2026-06-11,CAD,> 1W,66%,34%,102460680.0
2026-06-11,CHF,NOTIONAL,40%,60%,67008490.0
2026-06-11,CHF,OPEN INT.,47%,53%,563790090.0
2026-06-11,CHF,≤ 1W,69%,31%,35959639.0
2026-06-11,CHF,> 1W,36%,64%,76542596.0
2026-06-11,EUR,NOTIONAL,39%,61%,771064695.0
2026-06-11,EUR,OPEN INT.,40%,60%,8161800270.0
2026-06-11,EUR,≤ 1W,50%,50%,1031953426.0
2026-06-11,EUR,> 1W,58%,42%,4722806836.0
2026-06-11,GBP,NOTIONAL,49%,51%,199654313.0
2026-06-11,GBP,OPEN INT.,62%,38%,715072179.0
2026-06-11,GBP,≤ 1W,42%,58%,233390452.0
2026-06-11,GBP,> 1W,37%,63%,234968215.0
2026-06-11,JPY,NOTIONAL,96%,4%,89289033.0
2026-06-11,JPY,OPEN INT.,59%,41%,2305545057.0
2026-06-11,JPY,≤ 1W,97%,3%,59080233.0
2026-06-11,JPY,> 1W,84%,16%,365482172.0
2026-06-12,AUD,NOTIONAL,70%,30%,100382315.0
2026-06-12,AUD,OPEN INT.,52%,48%,287500015.0
2026-06-12,AUD,≤ 1W,86%,14%,368115385.0
2026-06-12,AUD,> 1W,85%,15%,231926823.0
2026-06-12,CAD,NOTIONAL,54%,46%,56657301.0
2026-06-12,CAD,OPEN INT.,51%,49%,148931866.0
2026-06-12,CAD,≤ 1W,58%,42%,69008449.0
2026-06-12,CAD,> 1W,24%,76%,80173530.0
2026-06-12,CHF,NOTIONAL,56%,44%,6174774.0
2026-06-12,CHF,OPEN INT.,57%,43%,414976379.0
2026-06-12,CHF,≤ 1W,54%,46%,5541463.0
2026-06-12,CHF,> 1W,81%,19%,51973860.0
2026-06-12,EUR,NOTIONAL,40%,60%,742744066.0
2026-06-12,EUR,OPEN INT.,49%,51%,4903388159.0
2026-06-12,EUR,≤ 1W,36%,64%,797176159.0
2026-06-12,EUR,> 1W,36%,64%,1654773958.0
2026-06-12,GBP,NOTIONAL,13%,87%,123751093.0
2026-06-12,GBP,OPEN INT.,52%,48%,310298750.0
2026-06-12,GBP,≤ 1W,48%,52%,48060303.0
2026-06-12,GBP,> 1W,11%,89%,389509957.0
2026-06-12,JPY,NOTIONAL,76%,24%,157005339.0
2026-06-12,JPY,OPEN INT.,63%,37%,974486083.0
2026-06-12,JPY,≤ 1W,66%,34%,258139407.0
2026-06-12,JPY,> 1W,93%,7%,356728629.0
2026-06-15,AUD,NOTIONAL,74%,26%,15040995.0
2026-06-15,AUD,OPEN INT.,53%,47%,301243590.0
2026-06-15,AUD,≤ 1W,33%,67%,18854205.0
2026-06-15,AUD,> 1W,93%,7%,240294395.0
2026-06-15,CAD,NOTIONAL,82%,18%,4811739.0
2026-06-15,CAD,OPEN INT.,52%,48%,152970210.0
2026-06-15,CAD,≤ 1W,86%,14%,13286145.0
2026-06-15,CAD,> 1W,66%,34%,61547798.0
2026-06-15,CHF,NOTIONAL,33%,67%,11923125.0
2026-06-15,CHF,OPEN INT.,56%,44%,426211975.0
2026-06-15,CHF,≤ 1W,27%,73%,5246175.0
2026-06-15,CHF,> 1W,68%,32%,21796969.0
2026-06-15,EUR,NOTIONAL,26%,74%,634986458.0
2026-06-15,EUR,OPEN INT.,44%,56%,5230586170.0
2026-06-15,EUR,≤ 1W,39%,61%,414191304.0
2026-06-15,EUR,> 1W,39%,61%,1669634005.0
2026-06-15,GBP,NOTIONAL,80%,20%,38953090.0
2026-06-15,GBP,OPEN INT.,55%,45%,340335837.0
2026-06-15,GBP,≤ 1W,56%,44%,57758030.0
2026-06-15,GBP,> 1W,30%,70%,128778618.0
2026-06-15,JPY,NOTIONAL,40%,60%,281488350.0
2026-06-15,JPY,OPEN INT.,58%,42%,1242748650.0
2026-06-15,JPY,≤ 1W,98%,2%,346138650.0
2026-06-15,JPY,> 1W,62%,38%,596826689.0
2026-06-16,AUD,NOTIONAL,3%,97%,16660420.0
2026-06-16,AUD,OPEN INT.,52%,48%,308500150.0
2026-06-16,AUD,≤ 1W,9%,91%,17789940.0
2026-06-16,AUD,> 1W,51%,49%,24284841.0
2026-06-16,CAD,NOTIONAL,95%,5%,55455020.0
2026-06-16,CAD,OPEN INT.,64%,36%,205176400.0
2026-06-16,CAD,≤ 1W,95%,5%,54091960.0
2026-06-16,CAD,> 1W,60%,40%,23828600.0
2026-06-16,CHF,NOTIONAL,75%,25%,15722439.0
2026-06-16,CHF,OPEN INT.,57%,43%,437210813.0
2026-06-16,CHF,≤ 1W,100%,0%,1746938.0
2026-06-16,CHF,> 1W,70%,30%,18280598.0
2026-06-16,EUR,NOTIONAL,41%,59%,596171032.0
2026-06-16,EUR,OPEN INT.,40%,60%,5312083440.0
2026-06-16,EUR,≤ 1W,57%,43%,788582938.0
2026-06-16,EUR,> 1W,28%,72%,1536973013.0
2026-06-16,GBP,NOTIONAL,37%,63%,12737982.0
2026-06-16,GBP,OPEN INT.,55%,45%,351383886.0
2026-06-16,GBP,≤ 1W,30%,70%,7709831.0
2026-06-16,GBP,> 1W,14%,86%,147202395.0
2026-06-16,JPY,NOTIONAL,66%,34%,288275405.0
2026-06-16,JPY,OPEN INT.,59%,41%,1494354400.0
2026-06-16,JPY,≤ 1W,69%,31%,212537380.0
2026-06-16,JPY,> 1W,62%,38%,447835410.0
2026-06-17,AUD,NOTIONAL,29%,71%,66433500.0
2026-06-17,AUD,OPEN INT.,53%,47%,259899100.0
2026-06-17,AUD,≤ 1W,40%,60%,59614400.0
2026-06-17,AUD,> 1W,48%,52%,1553218470.0
2026-06-17,CAD,NOTIONAL,37%,63%,135546000.0
2026-06-17,CAD,OPEN INT.,55%,45%,289711740.0
2026-06-17,CAD,≤ 1W,7%,93%,92385300.0
2026-06-17,CAD,> 1W,77%,23%,112957617.0
2026-06-17,CHF,NOTIONAL,32%,68%,6014214.0
2026-06-17,CHF,OPEN INT.,56%,44%,437454826.0
2026-06-17,CHF,≤ 1W,36%,64%,1740956.0
2026-06-17,CHF,> 1W,58%,42%,14880416.0
2026-06-17,EUR,NOTIONAL,32%,68%,1643565283.0
2026-06-17,EUR,OPEN INT.,39%,61%,5335254625.0
2026-06-17,EUR,≤ 1W,30%,70%,1759360284.0
2026-06-17,EUR,> 1W,46%,54%,3814085677.0
2026-06-17,GBP,NOTIONAL,20%,80%,196857939.0
2026-06-17,GBP,OPEN INT.,36%,64%,433637533.0
2026-06-17,GBP,≤ 1W,55%,45%,128849438.0
2026-06-17,GBP,> 1W,38%,62%,200857363.0
2026-06-17,JPY,NOTIONAL,95%,5%,365715903.0
2026-06-17,JPY,OPEN INT.,65%,35%,1403034864.0
2026-06-17,JPY,≤ 1W,99%,1%,451420764.0
2026-06-17,JPY,> 1W,71%,29%,586362924.0
2026-06-18,AUD,NOTIONAL,59%,41%,68586162.0
2026-06-18,AUD,OPEN INT.,54%,46%,232407506.0
2026-06-18,AUD,≤ 1W,34%,66%,33732049.0
2026-06-18,AUD,> 1W,36%,64%,190738542.0
2026-06-18,CAD,NOTIONAL,41%,59%,22787790.0
2026-06-18,CAD,OPEN INT.,49%,51%,179817670.0
2026-06-18,CAD,≤ 1W,38%,62%,15120870.0
2026-06-18,CAD,> 1W,63%,37%,79170906.0
2026-06-18,CHF,NOTIONAL,27%,73%,122407107.0
2026-06-18,CHF,OPEN INT.,33%,67%,250456538.0
2026-06-18,CHF,≤ 1W,0%,100%,4075013.0
2026-06-18,CHF,> 1W,20%,80%,328980452.0
2026-06-18,EUR,NOTIONAL,34%,66%,1006768792.0
2026-06-18,EUR,OPEN INT.,38%,62%,3390926091.0
2026-06-18,EUR,≤ 1W,60%,40%,651819178.0
2026-06-18,EUR,> 1W,40%,60%,3905846492.0
2026-06-18,GBP,NOTIONAL,39%,61%,239086088.0
2026-06-18,GBP,OPEN INT.,31%,69%,528802173.0
2026-06-18,GBP,≤ 1W,28%,72%,234784194.0
2026-06-18,GBP,> 1W,27%,73%,433743973.0
2026-06-18,JPY,NOTIONAL,68%,32%,619530300.0
2026-06-18,JPY,OPEN INT.,62%,38%,1416792150.0
2026-06-18,JPY,≤ 1W,69%,31%,257449950.0
2026-06-18,JPY,> 1W,67%,33%,1508169846.0
2026-06-22,AUD,NOTIONAL,71%,29%,82196520.0
2026-06-22,AUD,OPEN INT.,59%,41%,311731700.0
2026-06-22,AUD,≤ 1W,46%,54%,27608525.0
2026-06-22,AUD,> 1W,65%,35%,261754475.0
2026-06-22,CAD,NOTIONAL,55%,45%,7226292.0
2026-06-22,CAD,OPEN INT.,49%,51%,182924372.0
2026-06-22,CAD,≤ 1W,49%,51%,14027508.0
2026-06-22,CAD,> 1W,54%,46%,44506646.0
2026-06-22,CHF,NOTIONAL,73%,27%,25551612.0
2026-06-22,CHF,OPEN INT.,36%,64%,258476349.0
2026-06-22,CHF,≤ 1W,63%,37%,15580251.0
2026-06-22,CHF,> 1W,38%,62%,47869185.0
2026-06-22,EUR,NOTIONAL,62%,38%,915033978.0
2026-06-22,EUR,OPEN INT.,43%,57%,4172818580.0
2026-06-22,EUR,≤ 1W,64%,36%,1251043165.0
2026-06-22,EUR,> 1W,33%,67%,4433915482.0
2026-06-22,GBP,NOTIONAL,41%,59%,113271920.0
2026-06-22,GBP,OPEN INT.,32%,68%,615755733.0
2026-06-22,GBP,≤ 1W,55%,45%,64868651.0
2026-06-22,GBP,> 1W,19%,81%,203719481.0
2026-06-22,JPY,NOTIONAL,74%,26%,298284528.0
2026-06-22,JPY,OPEN INT.,63%,37%,1648595029.0
2026-06-22,JPY,≤ 1W,87%,13%,435966303.0
2026-06-22,JPY,> 1W,78%,22%,1244848982.0
2026-06-23,AUD,NOTIONAL,26%,74%,35601420.0
2026-06-23,AUD,OPEN INT.,56%,44%,339041430.0
2026-06-23,AUD,≤ 1W,26%,74%,24286240.0
2026-06-23,AUD,> 1W,24%,76%,944752870.0
2026-06-23,CAD,NOTIONAL,28%,72%,6001850.0
2026-06-23,CAD,OPEN INT.,49%,51%,186763450.0
2026-06-23,CAD,≤ 1W,47%,53%,16452130.0
2026-06-23,CAD,> 1W,59%,41%,29634180.0
2026-06-23,CHF,NOTIONAL,88%,12%,10589300.0
2026-06-23,CHF,OPEN INT.,36%,64%,259126400.0
2026-06-23,CHF,≤ 1W,93%,7%,8876325.0
2026-06-23,CHF,> 1W,27%,73%,28535332.0
2026-06-23,EUR,NOTIONAL,59%,41%,1046648256.0
2026-06-23,EUR,OPEN INT.,47%,53%,5004300360.0
2026-06-23,EUR,≤ 1W,60%,40%,810142574.0
2026-06-23,EUR,> 1W,54%,46%,5151671912.0
2026-06-23,GBP,NOTIONAL,41%,59%,53164125.0
2026-06-23,GBP,OPEN INT.,32%,68%,663850950.0
2026-06-23,GBP,≤ 1W,44%,56%,68660025.0
2026-06-23,GBP,> 1W,33%,67%,136415289.0
2026-06-23,JPY,NOTIONAL,92%,8%,165264015.0
2026-06-23,JPY,OPEN INT.,65%,35%,1796798321.0
2026-06-23,JPY,≤ 1W,82%,18%,49532476.0
2026-06-23,JPY,> 1W,63%,37%,541249499.0
2026-06-24,AUD,NOTIONAL,29%,71%,68535600.0
2026-06-24,AUD,OPEN INT.,57%,43%,313266240.0
2026-06-24,AUD,≤ 1W,34%,66%,87270960.0
2026-06-24,AUD,> 1W,34%,66%,141391315.0
2026-06-24,CAD,NOTIONAL,46%,54%,55695000.0
2026-06-24,CAD,OPEN INT.,65%,35%,147063000.0
2026-06-24,CAD,≤ 1W,48%,52%,59079000.0
2026-06-24,CAD,> 1W,59%,41%,192012155.0
2026-06-24,CHF,NOTIONAL,76%,24%,12729989.0
2026-06-24,CHF,OPEN INT.,35%,65%,260343770.0
2026-06-24,CHF,≤ 1W,81%,19%,11643282.0
2026-06-24,CHF,> 1W,21%,79%,38034103.0
2026-06-24,EUR,NOTIONAL,43%,57%,585233116.0
2026-06-24,EUR,OPEN INT.,48%,52%,3891593894.0
2026-06-24,EUR,≤ 1W,53%,47%,870379521.0
2026-06-24,EUR,> 1W,47%,53%,2751068916.0
2026-06-24,GBP,NOTIONAL,29%,71%,23278343.0
2026-06-24,GBP,OPEN INT.,31%,69%,539679156.0
2026-06-24,GBP,≤ 1W,35%,65%,95087503.0
2026-06-24,GBP,> 1W,56%,44%,61445789.0
2026-06-24,JPY,NOTIONAL,72%,28%,484164960.0
2026-06-24,JPY,OPEN INT.,67%,33%,1723048500.0
2026-06-24,JPY,≤ 1W,57%,43%,198053340.0
2026-06-24,JPY,> 1W,61%,39%,792993033.0
2026-06-25,AUD,NOTIONAL,66%,34%,15210325.0
2026-06-25,AUD,OPEN INT.,57%,43%,327056400.0
2026-06-25,AUD,≤ 1W,42%,58%,30283000.0
2026-06-25,AUD,> 1W,56%,44%,56505325.0
2026-06-25,CAD,NOTIONAL,41%,59%,19721115.0
2026-06-25,CAD,OPEN INT.,63%,37%,164271940.0
2026-06-25,CAD,≤ 1W,48%,52%,36402775.0
2026-06-25,CAD,> 1W,67%,33%,22620430.0
2026-06-25,CHF,NOTIONAL,50%,50%,932904.0
2026-06-25,CHF,OPEN INT.,35%,65%,260435282.0
2026-06-25,CHF,≤ 1W,2%,98%,67790917.0
2026-06-25,CHF,> 1W,50%,50%,346417796.0
2026-06-25,EUR,NOTIONAL,20%,80%,828723878.0
2026-06-25,EUR,OPEN INT.,45%,55%,4469688704.0
2026-06-25,EUR,≤ 1W,25%,75%,1683835689.0
2026-06-25,EUR,> 1W,33%,67%,1236308466.0
2026-06-25,GBP,NOTIONAL,59%,41%,57450225.0
2026-06-25,GBP,OPEN INT.,32%,68%,588349650.0
2026-06-25,GBP,≤ 1W,29%,71%,139298250.0
2026-06-25,GBP,> 1W,40%,60%,190484175.0
2026-06-25,JPY,NOTIONAL,96%,4%,164274002.0
2026-06-25,JPY,OPEN INT.,70%,30%,1871805781.0
2026-06-25,JPY,≤ 1W,74%,26%,282734844.0
2026-06-25,JPY,> 1W,86%,14%,342117177.0
2026-06-26,AUD,NOTIONAL,12%,88%,30083080.0
2026-06-26,AUD,OPEN INT.,57%,43%,250508760.0
2026-06-26,AUD,≤ 1W,24%,76%,124738080.0
2026-06-26,AUD,> 1W,31%,69%,119656678.0
2026-06-26,CAD,NOTIONAL,49%,51%,41274651.0
2026-06-26,CAD,OPEN INT.,49%,51%,119363742.0
2026-06-26,CAD,≤ 1W,38%,62%,103788402.0
2026-06-26,CAD,> 1W,43%,57%,180834341.0
2026-06-26,CHF,NOTIONAL,34%,66%,8280323.0
2026-06-26,CHF,OPEN INT.,34%,66%,59368351.0
2026-06-26,CHF,≤ 1W,47%,53%,24840968.0
2026-06-26,CHF,> 1W,87%,13%,105925636.0
2026-06-26,EUR,NOTIONAL,43%,57%,608909719.0
2026-06-26,EUR,OPEN INT.,55%,45%,2624042706.0
2026-06-26,EUR,≤ 1W,46%,54%,1666979902.0
2026-06-26,EUR,> 1W,58%,42%,3615502258.0
2026-06-26,GBP,NOTIONAL,15%,85%,53807593.0
2026-06-26,GBP,OPEN INT.,26%,74%,422773932.0
2026-06-26,GBP,≤ 1W,20%,80%,163654426.0
2026-06-26,GBP,> 1W,75%,25%,56532248.0
2026-06-26,JPY,NOTIONAL,67%,33%,82415351.0
2026-06-26,JPY,OPEN INT.,61%,39%,1228914837.0
2026-06-26,JPY,≤ 1W,70%,30%,127553126.0
2026-06-26,JPY,> 1W,78%,22%,252834924.0
2026-06-29,AUD,NOTIONAL,73%,27%,25999974.0
2026-06-29,AUD,OPEN INT.,60%,40%,271967982.0
2026-06-29,AUD,≤ 1W,31%,69%,14238081.0
2026-06-29,AUD,> 1W,83%,17%,135358126.0
2026-06-29,CAD,NOTIONAL,42%,58%,5225140.0
2026-06-29,CAD,OPEN INT.,48%,52%,122437740.0
2026-06-29,CAD,≤ 1W,59%,41%,39400380.0
2026-06-29,CAD,> 1W,70%,30%,32428030.0
2026-06-29,CHF,NOTIONAL,100%,0%,2963645.0
2026-06-29,CHF,OPEN INT.,37%,63%,62080538.0
2026-06-29,CHF,≤ 1W,62%,38%,2495701.0
2026-06-29,CHF,> 1W,56%,44%,22773264.0
2026-06-29,EUR,NOTIONAL,12%,88%,1714858475.0
2026-06-29,EUR,OPEN INT.,38%,62%,4298823100.0
2026-06-29,EUR,≤ 1W,15%,85%,1379881525.0
2026-06-29,EUR,> 1W,40%,60%,3469850297.0
2026-06-29,GBP,NOTIONAL,95%,5%,72830644.0
2026-06-29,GBP,OPEN INT.,36%,64%,494071820.0
2026-06-29,GBP,≤ 1W,61%,39%,62639327.0
2026-06-29,GBP,> 1W,83%,17%,98167152.0
2026-06-29,JPY,NOTIONAL,86%,14%,472695151.0
2026-06-29,JPY,OPEN INT.,68%,32%,1661653895.0
2026-06-29,JPY,≤ 1W,67%,33%,164992969.0
2026-06-29,JPY,> 1W,92%,8%,1280219902.0
2026-06-30,AUD,NOTIONAL,10%,90%,5528800.0
2026-06-30,AUD,OPEN INT.,59%,41%,278375080.0
2026-06-30,AUD,≤ 1W,7%,93%,30131960.0
2026-06-30,AUD,> 1W,89%,11%,198344335.0
2026-06-30,CAD,NOTIONAL,51%,49%,5078952.0
2026-06-30,CAD,OPEN INT.,48%,52%,127397046.0
2026-06-30,CAD,≤ 1W,53%,47%,10157904.0
2026-06-30,CAD,> 1W,40%,60%,66381208.0
2026-06-30,CHF,NOTIONAL,62%,38%,2495100.0
2026-06-30,CHF,OPEN INT.,38%,62%,64248826.0
2026-06-30,CHF,≤ 1W,29%,71%,4366425.0
2026-06-30,CHF,> 1W,43%,57%,14394325.0
2026-06-30,EUR,NOTIONAL,94%,6%,260823070.0
2026-06-30,EUR,OPEN INT.,39%,61%,4420557998.0
2026-06-30,EUR,≤ 1W,47%,53%,1161770261.0
2026-06-30,EUR,> 1W,36%,64%,2379947476.0
2026-06-30,GBP,NOTIONAL,14%,86%,121117565.0
2026-06-30,GBP,OPEN INT.,32%,68%,601611314.0
2026-06-30,GBP,≤ 1W,16%,84%,106702751.0
2026-06-30,GBP,> 1W,7%,93%,280925748.0
2026-06-30,JPY,NOTIONAL,80%,20%,280116429.0
2026-06-30,JPY,OPEN INT.,70%,30%,1869556728.0
2026-06-30,JPY,≤ 1W,83%,17%,729369964.0
2026-06-30,JPY,> 1W,79%,21%,1295229616.0
2026-07-01,AUD,NOTIONAL,21%,79%,48186963.0
2026-07-01,AUD,OPEN INT.,54%,46%,210188913.0
2026-07-01,AUD,≤ 1W,47%,53%,48669522.0
2026-07-01,AUD,> 1W,29%,71%,116020971.0
2026-07-01,CAD,NOTIONAL,45%,55%,23795907.0
2026-07-01,CAD,OPEN INT.,54%,46%,84097701.0
2026-07-01,CAD,≤ 1W,41%,59%,25843626.0
2026-07-01,CAD,> 1W,41%,59%,65244564.0
2026-07-01,CHF,NOTIONAL,60%,40%,1556788.0
2026-07-01,CHF,OPEN INT.,38%,62%,65540756.0
2026-07-01,CHF,≤ 1W,38%,62%,2490861.0
2026-07-01,CHF,> 1W,81%,19%,8873691.0
2026-07-01,EUR,NOTIONAL,69%,31%,1093525068.0
2026-07-01,EUR,OPEN INT.,45%,55%,4442677748.0
2026-07-01,EUR,≤ 1W,38%,62%,3166993750.0
2026-07-01,EUR,> 1W,52%,48%,2559654445.0
2026-07-01,GBP,NOTIONAL,85%,15%,34817739.0
2026-07-01,GBP,OPEN INT.,35%,65%,452464790.0
2026-07-01,GBP,≤ 1W,37%,63%,131975806.0
2026-07-01,GBP,> 1W,21%,79%,140099945.0
2026-07-01,JPY,NOTIONAL,67%,33%,401125976.0
2026-07-01,JPY,OPEN INT.,69%,31%,1826164513.0
2026-07-01,JPY,≤ 1W,74%,26%,332065104.0
2026-07-01,JPY,> 1W,81%,19%,1069669267.0
2026-07-02,AUD,NOTIONAL,60%,40%,58204440.0
2026-07-02,AUD,OPEN INT.,55%,45%,265453821.0
2026-07-02,AUD,≤ 1W,57%,43%,25568379.0
2026-07-02,AUD,> 1W,63%,37%,145926846.0
2026-07-02,CAD,NOTIONAL,33%,67%,47001240.0
2026-07-02,CAD,OPEN INT.,46%,54%,130598325.0
2026-07-02,CAD,≤ 1W,72%,28%,33906015.0
2026-07-02,CAD,> 1W,55%,45%,156434850.0
2026-07-02,CHF,NOTIONAL,60%,40%,15068521.0
2026-07-02,CHF,OPEN INT.,43%,57%,79266695.0
2026-07-02,CHF,≤ 1W,64%,36%,7063369.0
2026-07-02,CHF,> 1W,47%,53%,25899022.0
2026-07-02,EUR,NOTIONAL,61%,39%,1201036837.0
2026-07-02,EUR,OPEN INT.,48%,52%,5512826525.0
2026-07-02,EUR,≤ 1W,40%,60%,1920481869.0
2026-07-02,EUR,> 1W,61%,39%,3123958965.0
2026-07-02,GBP,NOTIONAL,20%,80%,28503766.0
2026-07-02,GBP,OPEN INT.,34%,66%,476539465.0
2026-07-02,GBP,≤ 1W,5%,95%,162412942.0
2026-07-02,GBP,> 1W,52%,48%,231039311.0
2026-07-02,JPY,NOTIONAL,59%,41%,871445162.0
2026-07-02,JPY,OPEN INT.,63%,37%,2385143531.0
2026-07-02,JPY,≤ 1W,81%,19%,481592229.0
2026-07-02,JPY,> 1W,69%,31%,2304656761.0
2026-07-06,AUD,NOTIONAL,58%,42%,21667738.0
2026-07-06,AUD,OPEN INT.,56%,44%,283895826.0
2026-07-06,AUD,≤ 1W,51%,49%,18275664.0
2026-07-06,AUD,> 1W,64%,36%,66685958.0
2026-07-06,CAD,NOTIONAL,62%,38%,11860800.0
2026-07-06,CAD,OPEN INT.,50%,50%,134916600.0
2026-07-06,CAD,≤ 1W,60%,40%,16449800.0
2026-07-06,CAD,> 1W,82%,18%,77459158.0
2026-07-06,CHF,NOTIONAL,80%,20%,10014400.0
2026-07-06,CHF,OPEN INT.,47%,53%,87782475.0
2026-07-06,CHF,≤ 1W,80%,20%,9232025.0
2026-07-06,CHF,> 1W,19%,81%,123617833.0
2026-07-06,EUR,NOTIONAL,34%,66%,1315553936.0
2026-07-06,EUR,OPEN INT.,46%,54%,6550156642.0
2026-07-06,EUR,≤ 1W,74%,26%,661425324.0
2026-07-06,EUR,> 1W,42%,58%,2949826710.0
2026-07-06,GBP,NOTIONAL,17%,83%,154879689.0
2026-07-06,GBP,OPEN INT.,30%,70%,624876751.0
2026-07-06,GBP,≤ 1W,38%,62%,102388032.0
2026-07-06,GBP,> 1W,24%,76%,280966940.0
2026-07-06,JPY,NOTIONAL,67%,33%,466330775.0
2026-07-06,JPY,OPEN INT.,63%,37%,2744561400.0
2026-07-06,JPY,≤ 1W,62%,38%,336411625.0
2026-07-06,JPY,> 1W,89%,11%,1199341820.0
2026-07-07,AUD,NOTIONAL,24%,76%,6723652.0
2026-07-07,AUD,OPEN INT.,55%,45%,289671564.0
2026-07-07,AUD,≤ 1W,31%,69%,9496292.0
2026-07-07,AUD,> 1W,38%,62%,136900118.0
2026-07-07,CAD,NOTIONAL,99%,1%,86776620.0
2026-07-07,CAD,OPEN INT.,68%,32%,214821600.0
2026-07-07,CAD,≤ 1W,92%,8%,101262945.0
2026-07-07,CAD,> 1W,69%,31%,192775771.0
2026-07-07,CHF,NOTIONAL,50%,50%,2183127.0
2026-07-07,CHF,OPEN INT.,47%,53%,88416565.0
2026-07-07,CHF,≤ 1W,20%,80%,779688.0
2026-07-07,CHF,> 1W,49%,51%,83385754.0
2026-07-07,EUR,NOTIONAL,41%,59%,409677415.0
2026-07-07,EUR,OPEN INT.,45%,55%,6876339466.0
2026-07-07,EUR,≤ 1W,73%,27%,467078058.0
2026-07-07,EUR,> 1W,24%,76%,1804612536.0
2026-07-07,GBP,NOTIONAL,4%,96%,54150932.0
2026-07-07,GBP,OPEN INT.,28%,72%,665939448.0
2026-07-07,GBP,≤ 1W,22%,78%,30334550.0
2026-07-07,GBP,> 1W,34%,66%,292115972.0
2026-07-07,JPY,NOTIONAL,80%,20%,136253814.0
2026-07-07,JPY,OPEN INT.,64%,36%,2851858291.0
2026-07-07,JPY,≤ 1W,93%,7%,64206215.0
2026-07-07,JPY,> 1W,57%,43%,992915519.0
2026-07-08,AUD,NOTIONAL,36%,64%,21155616.0
2026-07-08,AUD,OPEN INT.,53%,47%,255180976.0
2026-07-08,AUD,≤ 1W,17%,83%,90982976.0
2026-07-08,AUD,> 1W,30%,70%,63397712.0
2026-07-08,CAD,NOTIONAL,57%,43%,23137539.0
2026-07-08,CAD,OPEN INT.,59%,41%,116041480.0
2026-07-08,CAD,≤ 1W,57%,43%,24623436.0
2026-07-08,CAD,> 1W,50%,50%,93259504.0
2026-07-08,CHF,NOTIONAL,33%,67%,5135831.0
2026-07-08,CHF,OPEN INT.,47%,53%,92911857.0
2026-07-08,CHF,≤ 1W,0%,100%,778156.0
2026-07-08,CHF,> 1W,30%,70%,8248456.0
2026-07-08,EUR,NOTIONAL,50%,50%,925252058.0
2026-07-08,EUR,OPEN INT.,47%,53%,6887336050.0
2026-07-08,EUR,≤ 1W,57%,43%,650679577.0
2026-07-08,EUR,> 1W,60%,40%,2797493163.0
2026-07-08,GBP,NOTIONAL,80%,20%,47456045.0
2026-07-08,GBP,OPEN INT.,30%,70%,678086730.0
2026-07-08,GBP,≤ 1W,36%,64%,57983268.0
2026-07-08,GBP,> 1W,53%,47%,92739803.0
2026-07-08,JPY,NOTIONAL,64%,36%,118069551.0
2026-07-08,JPY,OPEN INT.,65%,35%,2346081369.0
2026-07-08,JPY,≤ 1W,58%,42%,134693619.0
2026-07-08,JPY,> 1W,62%,38%,481092820.0
2026-07-09,AUD,NOTIONAL,42%,58%,1802970.0
2026-07-09,AUD,OPEN INT.,53%,47%,257339295.0
2026-07-09,AUD,≤ 1W,17%,83%,9361575.0
2026-07-09,AUD,> 1W,55%,45%,9775845.0
2026-07-09,CAD,NOTIONAL,45%,55%,9911300.0
2026-07-09,CAD,OPEN INT.,58%,42%,125590330.0
2026-07-09,CAD,≤ 1W,49%,51%,12035150.0
2026-07-09,CAD,> 1W,45%,55%,34912550.0
2026-07-09,CHF,NOTIONAL,58%,42%,2965190.0
2026-07-09,CHF,OPEN INT.,47%,53%,94105689.0
2026-07-09,CHF,≤ 1W,30%,70%,1560626.0
2026-07-09,CHF,> 1W,71%,29%,4372965.0
2026-07-09,EUR,NOTIONAL,11%,89%,331600065.0
2026-07-09,EUR,OPEN INT.,45%,55%,7177069796.0
2026-07-09,EUR,≤ 1W,70%,30%,230958802.0
2026-07-09,EUR,> 1W,59%,41%,1442266638.0
2026-07-09,GBP,NOTIONAL,7%,93%,14170650.0
2026-07-09,GBP,OPEN INT.,30%,70%,693858750.0
2026-07-09,GBP,≤ 1W,12%,88%,16853850.0
2026-07-09,GBP,> 1W,62%,38%,156962861.0
2026-07-09,JPY,NOTIONAL,68%,32%,201152855.0
2026-07-09,JPY,OPEN INT.,63%,37%,2353697359.0
2026-07-09,JPY,≤ 1W,89%,11%,23915442.0
2026-07-09,JPY,> 1W,27%,73%,1481523783.0
2026-07-10,AUD,NOTIONAL,76%,24%,34146276.0
2026-07-10,AUD,OPEN INT.,57%,43%,176006008.0
2026-07-10,AUD,≤ 1W,62%,38%,22555975.0
2026-07-10,AUD,> 1W,55%,45%,75977109.0
2026-07-10,CAD,NOTIONAL,58%,42%,60089280.0
2026-07-10,CAD,OPEN INT.,60%,40%,95306700.0
2026-07-10,CAD,≤ 1W,59%,41%,58601220.0
2026-07-10,CAD,> 1W,49%,51%,36989663.0
2026-07-10,CHF,NOTIONAL,41%,59%,16347189.0
2026-07-10,CHF,OPEN INT.,71%,29%,44838001.0
2026-07-10,CHF,≤ 1W,37%,63%,14790313.0
2026-07-10,CHF,> 1W,47%,53%,10282369.0
2026-07-10,EUR,NOTIONAL,54%,46%,1047557494.0
2026-07-10,EUR,OPEN INT.,31%,69%,5468081218.0
2026-07-10,EUR,≤ 1W,56%,44%,1079761406.0
2026-07-10,EUR,> 1W,37%,63%,2002872598.0
2026-07-10,GBP,NOTIONAL,66%,34%,32827551.0
2026-07-10,GBP,OPEN INT.,21%,79%,379275445.0
2026-07-10,GBP,≤ 1W,66%,34%,32576320.0
2026-07-10,GBP,> 1W,32%,68%,96390434.0
2026-07-10,JPY,NOTIONAL,71%,29%,597979200.0
2026-07-10,JPY,OPEN INT.,62%,38%,1570161600.0
2026-07-10,JPY,≤ 1W,63%,37%,483138600.0
2026-07-10,JPY,> 1W,89%,11%,1482259995.0
2026-07-13,AUD,NOTIONAL,91%,9%,17425800.0
2026-07-13,AUD,OPEN INT.,60%,40%,191061450.0
2026-07-13,AUD,≤ 1W,6%,94%,41144250.0
2026-07-13,AUD,> 1W,54%,46%,73469615.0
2026-07-13,CAD,NOTIONAL,100%,0%,5173510.0
2026-07-13,CAD,OPEN INT.,62%,38%,99855830.0
2026-07-13,CAD,≤ 1W,100%,0%,2055230.0
2026-07-13,CAD,> 1W,29%,71%,35862840.0
2026-07-13,CHF,NOTIONAL,86%,14%,13349136.0
2026-07-13,CHF,OPEN INT.,68%,32%,44548859.0
2026-07-13,CHF,≤ 1W,82%,18%,5122343.0
2026-07-13,CHF,> 1W,88%,12%,42078331.0
2026-07-13,EUR,NOTIONAL,54%,46%,374111707.0
2026-07-13,EUR,OPEN INT.,31%,69%,5715539878.0
2026-07-13,EUR,≤ 1W,62%,38%,562383603.0
2026-07-13,EUR,> 1W,74%,26%,2126684518.0
2026-07-13,GBP,NOTIONAL,18%,82%,123079000.0
2026-07-13,GBP,OPEN INT.,20%,80%,496491000.0
2026-07-13,GBP,≤ 1W,10%,90%,25885000.0
2026-07-13,GBP,> 1W,21%,79%,224279389.0
2026-07-13,JPY,NOTIONAL,83%,17%,84723464.0
2026-07-13,JPY,OPEN INT.,62%,38%,1589145751.0
2026-07-13,JPY,≤ 1W,84%,16%,81625713.0
2026-07-13,JPY,> 1W,95%,5%,474837005.0
2026-07-14,AUD,NOTIONAL,7%,93%,62974317.0
2026-07-14,AUD,OPEN INT.,47%,53%,250502488.0
2026-07-14,AUD,≤ 1W,10%,90%,26570559.0
2026-07-14,AUD,> 1W,23%,77%,113910566.0
2026-07-14,CAD,NOTIONAL,16%,84%,105573085.0
2026-07-14,CAD,OPEN INT.,37%,63%,195178330.0
2026-07-14,CAD,≤ 1W,27%,73%,66580190.0
2026-07-14,CAD,> 1W,32%,68%,108846306.0
2026-07-14,CHF,NOTIONAL,93%,7%,9509215.0
2026-07-14,CHF,OPEN INT.,73%,27%,53313953.0
2026-07-14,CHF,≤ 1W,82%,18%,1714777.0
2026-07-14,CHF,> 1W,76%,24%,21204619.0
2026-07-14,EUR,NOTIONAL,37%,63%,397959123.0
2026-07-14,EUR,OPEN INT.,31%,69%,6027652764.0
2026-07-14,EUR,≤ 1W,32%,68%,436994421.0
2026-07-14,EUR,> 1W,51%,49%,3649496397.0
2026-07-14,GBP,NOTIONAL,79%,21%,149511238.0
2026-07-14,GBP,OPEN INT.,34%,66%,643074413.0
2026-07-14,GBP,≤ 1W,82%,18%,79325648.0
2026-07-14,GBP,> 1W,43%,57%,365113836.0
2026-07-14,JPY,NOTIONAL,23%,77%,337994275.0
2026-07-14,JPY,OPEN INT.,55%,45%,1864592700.0
2026-07-14,JPY,≤ 1W,94%,6%,332253725.0
2026-07-14,JPY,> 1W,71%,29%,1137138350.0
2026-07-15,AUD,NOTIONAL,46%,54%,30314330.0
2026-07-15,AUD,OPEN INT.,46%,54%,252456060.0
2026-07-15,AUD,≤ 1W,57%,43%,32274610.0
2026-07-15,AUD,> 1W,73%,27%,91970510.0
2026-07-15,CAD,NOTIONAL,45%,55%,22921005.0
2026-07-15,CAD,OPEN INT.,39%,61%,123459245.0
2026-07-15,CAD,≤ 1W,44%,56%,23349435.0
2026-07-15,CAD,> 1W,77%,23%,102683158.0
2026-07-15,CHF,NOTIONAL,90%,10%,4670850.0
2026-07-15,CHF,OPEN INT.,75%,25%,56984370.0
2026-07-15,CHF,≤ 1W,75%,25%,622780.0
2026-07-15,CHF,> 1W,89%,11%,42660430.0
2026-07-15,EUR,NOTIONAL,78%,22%,1259861765.0
2026-07-15,EUR,OPEN INT.,37%,63%,6126982071.0
2026-07-15,EUR,≤ 1W,60%,40%,467273347.0
2026-07-15,EUR,> 1W,76%,24%,3121986501.0
2026-07-15,GBP,NOTIONAL,59%,41%,252700200.0
2026-07-15,GBP,OPEN INT.,41%,59%,863089200.0
2026-07-15,GBP,≤ 1W,85%,15%,109726200.0
2026-07-15,GBP,> 1W,48%,52%,581390506.0
2026-07-15,JPY,NOTIONAL,62%,38%,78602871.0
2026-07-15,JPY,OPEN INT.,55%,45%,1675751211.0
2026-07-15,JPY,≤ 1W,43%,57%,58468145.0
2026-07-15,JPY,> 1W,72%,28%,741224249.0
2026-07-16,AUD,NOTIONAL,24%,76%,10284414.0
2026-07-16,AUD,OPEN INT.,45%,55%,259349134.0
2026-07-16,AUD,≤ 1W,32%,68%,10074528.0
2026-07-16,AUD,> 1W,31%,69%,23647156.0
2026-07-16,CAD,NOTIONAL,71%,29%,41965560.0
2026-07-16,CAD,OPEN INT.,47%,53%,163223190.0
2026-07-16,CAD,≤ 1W,54%,46%,28690740.0
2026-07-16,CAD,> 1W,68%,32%,92167305.0
2026-07-16,CHF,NOTIONAL,48%,52%,3269595.0
2026-07-16,CHF,OPEN INT.,73%,27%,57918540.0
2026-07-16,CHF,≤ 1W,50%,50%,1245560.0
2026-07-16,CHF,> 1W,100%,0%,1263546296.0
2026-07-16,EUR,NOTIONAL,21%,79%,563808610.0
2026-07-16,EUR,OPEN INT.,35%,65%,6516795420.0
2026-07-16,EUR,≤ 1W,40%,60%,480743679.0
2026-07-16,EUR,> 1W,27%,73%,1746256295.0
2026-07-16,GBP,NOTIONAL,39%,61%,189590253.0
2026-07-16,GBP,OPEN INT.,38%,62%,981289503.0
2026-07-16,GBP,≤ 1W,37%,63%,198261565.0
2026-07-16,GBP,> 1W,43%,57%,270479367.0
2026-07-16,JPY,NOTIONAL,50%,50%,16088800.0
2026-07-16,JPY,OPEN INT.,55%,45%,1682594550.0
2026-07-16,JPY,≤ 1W,43%,57%,7348250.0
2026-07-16,JPY,> 1W,66%,34%,521744739.0
2026-07-17,AUD,NOTIONAL,20%,80%,83357225.0
2026-07-17,AUD,OPEN INT.,34%,66%,223076490.0
2026-07-17,AUD,≤ 1W,21%,79%,87123995.0
2026-07-17,AUD,> 1W,64%,36%,87115285.0
2026-07-17,CAD,NOTIONAL,53%,47%,99597600.0
2026-07-17,CAD,OPEN INT.,47%,53%,214721550.0
2026-07-17,CAD,≤ 1W,23%,77%,99883800.0
2026-07-17,CAD,> 1W,49%,51%,213965040.0
2026-07-17,CHF,NOTIONAL,92%,8%,15108964.0
2026-07-17,CHF,OPEN INT.,83%,17%,25856577.0
2026-07-17,CHF,≤ 1W,92%,8%,6074738.0
2026-07-17,CHF,> 1W,84%,16%,15740090.0
2026-07-17,EUR,NOTIONAL,50%,50%,1264831700.0
2026-07-17,EUR,OPEN INT.,56%,44%,3629155750.0
2026-07-17,EUR,≤ 1W,56%,44%,1207091875.0
2026-07-17,EUR,> 1W,26%,74%,3322672094.0
2026-07-17,GBP,NOTIONAL,67%,33%,64663292.0
2026-07-17,GBP,OPEN INT.,42%,58%,790506591.0
2026-07-17,GBP,≤ 1W,49%,51%,97205154.0
2026-07-17,GBP,> 1W,60%,40%,136213090.0
2026-07-17,JPY,NOTIONAL,68%,32%,1031942704.0
2026-07-17,JPY,OPEN INT.,63%,37%,1935124429.0
2026-07-17,JPY,≤ 1W,68%,32%,937806528.0
2026-07-17,JPY,> 1W,82%,18%,621459367.0
2026-07-20,AUD,NOTIONAL,54%,46%,12116401.0
2026-07-20,AUD,OPEN INT.,35%,65%,232172655.0
2026-07-20,AUD,≤ 1W,52%,48%,13447104.0
2026-07-20,AUD,> 1W,69%,31%,35757597.0
2026-07-20,CAD,NOTIONAL,25%,75%,8495291.0
2026-07-20,CAD,OPEN INT.,46%,54%,220306454.0
2026-07-20,CAD,≤ 1W,55%,45%,10565572.0
2026-07-20,CAD,> 1W,66%,34%,25937602.0
2026-07-20,CHF,NOTIONAL,52%,48%,3881564.0
2026-07-20,CHF,OPEN INT.,79%,21%,29344615.0
2026-07-20,CHF,≤ 1W,100%,0%,465788.0
2026-07-20,CHF,> 1W,96%,4%,54497139.0
2026-07-20,EUR,NOTIONAL,59%,41%,193630463.0
2026-07-20,EUR,OPEN INT.,56%,44%,3775937027.0
2026-07-20,EUR,≤ 1W,68%,32%,191914389.0
2026-07-20,EUR,> 1W,49%,51%,1039589288.0
2026-07-20,GBP,NOTIONAL,92%,8%,183387751.0
2026-07-20,GBP,OPEN INT.,38%,62%,747321877.0
2026-07-20,GBP,≤ 1W,45%,55%,31320345.0
2026-07-20,GBP,> 1W,86%,14%,248139301.0
2026-07-20,JPY,NOTIONAL,68%,32%,81759598.0
2026-07-20,JPY,OPEN INT.,63%,37%,1950097716.0
2026-07-20,JPY,≤ 1W,69%,31%,81295931.0
2026-07-20,JPY,> 1W,62%,38%,266086692.0
2026-07-21,AUD,NOTIONAL,47%,53%,3849010.0
2026-07-21,AUD,OPEN INT.,34%,66%,233529934.0
2026-07-21,AUD,≤ 1W,49%,51%,11477048.0
2026-07-21,AUD,> 1W,52%,48%,22744150.0
2026-07-21,CAD,NOTIONAL,10%,90%,5621482.0
2026-07-21,CAD,OPEN INT.,45%,55%,224147700.0
2026-07-21,CAD,≤ 1W,20%,80%,18145290.0
2026-07-21,CAD,> 1W,69%,31%,66393414.0
2026-07-21,CHF,NOTIONAL,98%,2%,82451769.0
2026-07-21,CHF,OPEN INT.,93%,7%,111534194.0
2026-07-21,CHF,≤ 1W,94%,6%,2475100.0
2026-07-21,CHF,> 1W,67%,33%,120061777.0
2026-07-21,EUR,NOTIONAL,79%,21%,284354651.0
2026-07-21,EUR,OPEN INT.,57%,43%,3991973302.0
2026-07-21,EUR,≤ 1W,75%,25%,323240757.0
2026-07-21,EUR,> 1W,34%,66%,1023084391.0
2026-07-21,GBP,NOTIONAL,44%,56%,65980125.0
2026-07-21,GBP,OPEN INT.,37%,63%,799287750.0
2026-07-21,GBP,≤ 1W,42%,58%,71666625.0
2026-07-21,GBP,> 1W,73%,27%,182388488.0
2026-07-21,JPY,NOTIONAL,71%,29%,802635055.0
2026-07-21,JPY,OPEN INT.,63%,37%,2494628592.0
2026-07-21,JPY,≤ 1W,76%,24%,704348490.0
2026-07-21,JPY,> 1W,75%,25%,1893227735.0
2026-07-22,AUD,NOTIONAL,8%,92%,142773012.0
2026-07-22,AUD,OPEN INT.,29%,71%,284288112.0
2026-07-22,AUD,≤ 1W,29%,71%,26905340.0
2026-07-22,AUD,> 1W,8%,92%,138644498.0
2026-07-22,CAD,NOTIONAL,40%,60%,16937270.0
2026-07-22,CAD,OPEN INT.,55%,45%,154143390.0
2026-07-22,CAD,≤ 1W,41%,59%,19855035.0
2026-07-22,CAD,> 1W,69%,31%,14313420.0
2026-07-22,CHF,NOTIONAL,38%,62%,1234800.0
2026-07-22,CHF,OPEN INT.,92%,8%,112521150.0
2026-07-22,CHF,≤ 1W,100%,0%,154350.0
2026-07-22,CHF,> 1W,10%,90%,55234638.0
2026-07-22,EUR,NOTIONAL,45%,55%,315725236.0
2026-07-22,EUR,OPEN INT.,56%,44%,3347288027.0
2026-07-22,EUR,≤ 1W,50%,50%,354332939.0
2026-07-22,EUR,> 1W,24%,76%,1053133444.0
2026-07-22,GBP,NOTIONAL,73%,27%,68040226.0
2026-07-22,GBP,OPEN INT.,39%,61%,628912354.0
2026-07-22,GBP,≤ 1W,43%,57%,65616190.0
2026-07-22,GBP,> 1W,62%,38%,217282183.0
2026-07-22,JPY,NOTIONAL,74%,26%,102858640.0
2026-07-22,JPY,OPEN INT.,61%,39%,2328023620.0
2026-07-22,JPY,≤ 1W,84%,16%,98316230.0
2026-07-22,JPY,> 1W,68%,32%,869407110.0
2026-07-23,AUD,NOTIONAL,10%,90%,15884988.0
2026-07-23,AUD,OPEN INT.,28%,72%,291642806.0
2026-07-23,AUD,≤ 1W,18%,82%,18880841.0
2026-07-23,AUD,> 1W,12%,88%,70784431.0
2026-07-23,CAD,NOTIONAL,83%,17%,16591930.0
2026-07-23,CAD,OPEN INT.,58%,42%,170476740.0
2026-07-23,CAD,≤ 1W,58%,42%,8189150.0
2026-07-23,CAD,> 1W,43%,57%,50376820.0
2026-07-23,CHF,NOTIONAL,2%,98%,96509409.0
2026-07-23,CHF,OPEN INT.,51%,49%,206410073.0
2026-07-23,CHF,≤ 1W,20%,80%,1539225.0
2026-07-23,CHF,> 1W,4%,96%,205212982.0
2026-07-23,EUR,NOTIONAL,38%,62%,444211466.0
2026-07-23,EUR,OPEN INT.,54%,46%,3373698417.0
2026-07-23,EUR,≤ 1W,56%,44%,379225764.0
2026-07-23,EUR,> 1W,23%,77%,2289434693.0
2026-07-23,GBP,NOTIONAL,51%,49%,146367986.0
2026-07-23,GBP,OPEN INT.,44%,56%,712013180.0
2026-07-23,GBP,≤ 1W,25%,75%,322059546.0
2026-07-23,GBP,> 1W,47%,53%,163694873.0
2026-07-23,JPY,NOTIONAL,87%,13%,349955760.0
2026-07-23,JPY,OPEN INT.,65%,35%,2624247120.0
2026-07-23,JPY,≤ 1W,67%,33%,268495920.0
2026-07-23,JPY,> 1W,80%,20%,873747742.0
2026-07-24,AUD,NOTIONAL,47%,53%,30603568.0
2026-07-24,AUD,OPEN INT.,33%,67%,223357248.0
2026-07-24,AUD,≤ 1W,47%,53%,31161264.0
2026-07-24,AUD,> 1W,50%,50%,100314910.0
2026-07-24,CAD,NOTIONAL,25%,75%,57584520.0
2026-07-24,CAD,OPEN INT.,54%,46%,178725288.0
2026-07-24,CAD,≤ 1W,25%,75%,65831192.0
2026-07-24,CAD,> 1W,63%,37%,34287808.0
2026-07-24,CHF,NOTIONAL,82%,18%,13677075.0
2026-07-24,CHF,OPEN INT.,50%,50%,202543650.0
2026-07-24,CHF,≤ 1W,85%,15%,12601350.0
2026-07-24,CHF,> 1W,99%,1%,1531915976.0
2026-07-24,EUR,NOTIONAL,41%,59%,1128372408.0
2026-07-24,EUR,OPEN INT.,41%,59%,2514255413.0
2026-07-24,EUR,≤ 1W,37%,63%,1189508018.0
2026-07-24,EUR,> 1W,60%,40%,2227931822.0
2026-07-24,GBP,NOTIONAL,45%,55%,19073697.0
2026-07-24,GBP,OPEN INT.,67%,33%,355320473.0
2026-07-24,GBP,≤ 1W,45%,55%,22821804.0
2026-07-24,GBP,> 1W,12%,88%,55888430.0
2026-07-24,JPY,NOTIONAL,50%,50%,576644800.0
2026-07-24,JPY,OPEN INT.,58%,42%,1714691000.0
2026-07-24,JPY,≤ 1W,48%,52%,573810600.0
2026-07-24,JPY,> 1W,83%,17%,375432838.0
2026-07-27,AUD,NOTIONAL,77%,23%,63607180.0
2026-07-27,AUD,OPEN INT.,43%,57%,285673126.0
2026-07-27,AUD,≤ 1W,38%,62%,8667352.0
2026-07-27,AUD,> 1W,77%,23%,117708232.0
2026-07-27,CAD,NOTIONAL,6%,94%,25232335.0
2026-07-27,CAD,OPEN INT.,48%,52%,202498373.0
2026-07-27,CAD,≤ 1W,2%,98%,89912405.0
2026-07-27,CAD,> 1W,15%,85%,44423125.0
2026-07-27,CHF,NOTIONAL,56%,44%,1382040.0
2026-07-27,CHF,OPEN INT.,50%,50%,203774120.0
2026-07-27,CHF,≤ 1W,100%,0%,614240.0
2026-07-27,CHF,> 1W,61%,39%,7831560.0
2026-07-27,EUR,NOTIONAL,5%,95%,539684886.0
2026-07-27,EUR,OPEN INT.,35%,65%,2972256082.0
2026-07-27,EUR,≤ 1W,24%,76%,546808497.0
2026-07-27,EUR,> 1W,24%,76%,1412612365.0
2026-07-27,GBP,NOTIONAL,7%,93%,96503303.0
2026-07-27,GBP,OPEN INT.,55%,45%,441502600.0
2026-07-27,GBP,≤ 1W,10%,90%,112143493.0
2026-07-27,GBP,> 1W,35%,65%,155736367.0
2026-07-27,JPY,NOTIONAL,84%,16%,78401442.0
2026-07-27,JPY,OPEN INT.,59%,41%,1780164888.0
2026-07-27,JPY,≤ 1W,66%,34%,116184345.0
2026-07-27,JPY,> 1W,82%,18%,547200677.0
2026-07-28,AUD,NOTIONAL,93%,7%,25926540.0
2026-07-28,AUD,OPEN INT.,46%,54%,305821660.0
2026-07-28,AUD,≤ 1W,96%,4%,25229590.0
2026-07-28,AUD,> 1W,49%,51%,50589489.0
2026-07-28,CAD,NOTIONAL,24%,76%,39930100.0
2026-07-28,CAD,OPEN INT.,44%,56%,238230650.0
2026-07-28,CAD,≤ 1W,3%,97%,31404100.0
2026-07-28,CAD,> 1W,86%,14%,18845407.0
2026-07-28,CHF,NOTIONAL,56%,44%,1380825.0
2026-07-28,CHF,OPEN INT.,50%,50%,204668950.0
2026-07-28,CHF,≤ 1W,100%,0%,153425.0
2026-07-28,CHF,> 1W,36%,64%,7248457.0
2026-07-28,EUR,NOTIONAL,43%,57%,497640433.0
2026-07-28,EUR,OPEN INT.,36%,64%,3336715464.0
2026-07-28,EUR,≤ 1W,68%,32%,523456689.0
2026-07-28,EUR,> 1W,20%,80%,2174373971.0
2026-07-28,GBP,NOTIONAL,13%,87%,26245776.0
2026-07-28,GBP,OPEN INT.,53%,47%,463038596.0
2026-07-28,GBP,≤ 1W,5%,95%,21511570.0
2026-07-28,GBP,> 1W,43%,57%,88046784.0
2026-07-28,JPY,NOTIONAL,67%,33%,528334045.0
2026-07-28,JPY,OPEN INT.,64%,36%,2068612727.0
2026-07-28,JPY,≤ 1W,64%,36%,479858112.0
2026-07-28,JPY,> 1W,53%,47%,681610053.0
2026-07-29,AUD,NOTIONAL,52%,48%,73732536.0
2026-07-29,AUD,OPEN INT.,45%,55%,322423632.0
2026-07-29,AUD,≤ 1W,59%,41%,76162516.0
2026-07-29,AUD,> 1W,23%,77%,74982240.0
2026-07-29,CAD,NOTIONAL,33%,67%,60139495.0
2026-07-29,CAD,OPEN INT.,47%,53%,249810210.0
2026-07-29,CAD,≤ 1W,32%,68%,36439552.0
2026-07-29,CAD,> 1W,16%,84%,121417726.0
2026-07-29,CHF,NOTIONAL,8%,92%,63400146.0
2026-07-29,CHF,OPEN INT.,40%,60%,264192861.0
2026-07-29,CHF,≤ 1W,1%,99%,54496494.0
2026-07-29,CHF,> 1W,99%,1%,1282360191.0
2026-07-29,EUR,NOTIONAL,39%,61%,1467317233.0
2026-07-29,EUR,OPEN INT.,34%,66%,3611427544.0
2026-07-29,EUR,≤ 1W,47%,53%,2265872832.0
2026-07-29,EUR,> 1W,33%,67%,4058955557.0
2026-07-29,GBP,NOTIONAL,77%,23%,56164192.0
2026-07-29,GBP,OPEN INT.,62%,38%,317211373.0
2026-07-29,GBP,≤ 1W,74%,26%,78015053.0
2026-07-29,GBP,> 1W,36%,64%,137087155.0
2026-07-29,JPY,NOTIONAL,71%,29%,287880125.0
2026-07-29,JPY,OPEN INT.,72%,28%,1968496250.0
2026-07-29,JPY,≤ 1W,49%,51%,127580625.0
2026-07-29,JPY,> 1W,80%,20%,411380950.0
2026-07-30,AUD,NOTIONAL,80%,20%,23770680.0
2026-07-30,AUD,OPEN INT.,46%,54%,334472400.0
2026-07-30,AUD,≤ 1W,71%,29%,29380280.0
2026-07-30,AUD,> 1W,25%,75%,59396000.0
2026-07-30,CAD,NOTIONAL,11%,89%,51408800.0
2026-07-30,CAD,OPEN INT.,40%,60%,299860800.0
2026-07-30,CAD,≤ 1W,28%,72%,50334800.0
2026-07-30,CAD,> 1W,34%,66%,89908270.0
2026-07-30,CHF,NOTIONAL,93%,7%,23827455.0
2026-07-30,CHF,OPEN INT.,44%,56%,287798280.0
2026-07-30,CHF,≤ 1W,83%,17%,3581905.0
2026-07-30,CHF,> 1W,43%,57%,181898480.0
2026-07-30,EUR,NOTIONAL,30%,70%,1294160003.0
2026-07-30,EUR,OPEN INT.,32%,68%,4555847628.0
2026-07-30,EUR,≤ 1W,58%,42%,846837066.0
2026-07-30,EUR,> 1W,39%,61%,4062683290.0
2026-07-30,GBP,NOTIONAL,76%,24%,61816563.0
2026-07-30,GBP,OPEN INT.,65%,35%,376120941.0
2026-07-30,GBP,≤ 1W,77%,23%,63837813.0
2026-07-30,GBP,> 1W,22%,78%,319171717.0
2026-07-30,JPY,NOTIONAL,66%,34%,450776372.0
2026-07-30,JPY,OPEN INT.,69%,31%,2235175140.0
2026-07-30,JPY,≤ 1W,52%,48%,314383170.0
2026-07-30,JPY,> 1W,70%,30%,3027771795.0
2026-07-31,AUD,NOTIONAL,71%,29%,8508720.0
2026-07-31,AUD,OPEN INT.,41%,59%,270380400.0
2026-07-31,AUD,≤ 1W,46%,54%,59420400.0
2026-07-31,AUD,> 1W,26%,74%,63590669.0
2026-07-31,CAD,NOTIONAL,82%,18%,41390540.0
2026-07-31,CAD,OPEN INT.,56%,44%,199602311.0
2026-07-31,CAD,≤ 1W,54%,46%,90559647.0
2026-07-31,CAD,> 1W,47%,53%,104627693.0
2026-07-31,CHF,NOTIONAL,84%,16%,11281971.0
2026-07-31,CHF,OPEN INT.,49%,51%,197357159.0
2026-07-31,CHF,≤ 1W,63%,37%,16072942.0
2026-07-31,CHF,> 1W,79%,21%,25191247.0
2026-07-31,EUR,NOTIONAL,45%,55%,432921966.0
2026-07-31,EUR,OPEN INT.,32%,68%,2482803886.0
2026-07-31,EUR,≤ 1W,54%,46%,2436855284.0
2026-07-31,EUR,> 1W,59%,41%,3755786352.0
2026-07-31,GBP,NOTIONAL,74%,26%,39468625.0
2026-07-31,GBP,OPEN INT.,70%,30%,164578292.0
2026-07-31,GBP,≤ 1W,54%,46%,70306106.0
2026-07-31,GBP,> 1W,35%,65%,116183721.0
2026-07-31,JPY,NOTIONAL,96%,4%,146411390.0
2026-07-31,JPY,OPEN INT.,84%,16%,1025744657.0
2026-07-31,JPY,≤ 1W,76%,24%,1445163746.0
2026-07-31,JPY,> 1W,69%,31%,1102494008.0
2026-08-03,AUD,NOTIONAL,80%,20%,9720560.0
2026-08-03,AUD,OPEN INT.,42%,58%,276243007.0
2026-08-03,AUD,≤ 1W,97%,3%,199524555.0
2026-08-03,AUD,> 1W,95%,5%,222644528.0
2026-08-03,CAD,NOTIONAL,51%,49%,3923755.0
2026-08-03,CAD,OPEN INT.,56%,44%,202965145.0
2026-08-03,CAD,≤ 1W,64%,36%,11985288.0
2026-08-03,CAD,> 1W,75%,25%,9355961.0
2026-08-03,CHF,NOTIONAL,100%,0%,5270000.0
2026-08-03,CHF,OPEN INT.,48%,52%,196075000.0
2026-08-03,CHF,≤ 1W,100%,0%,775000.0
2026-08-03,CHF,> 1W,11%,89%,60301760.0
2026-08-03,EUR,NOTIONAL,9%,91%,122828867.0
2026-08-03,EUR,OPEN INT.,30%,70%,2603865490.0
2026-08-03,EUR,≤ 1W,36%,64%,403943328.0
2026-08-03,EUR,> 1W,26%,74%,1384938611.0
2026-08-03,GBP,NOTIONAL,92%,8%,19725315.0
2026-08-03,GBP,OPEN INT.,68%,32%,158474002.0
2026-08-03,GBP,≤ 1W,73%,27%,37352189.0
2026-08-03,GBP,> 1W,28%,72%,92080077.0
2026-08-03,JPY,NOTIONAL,92%,8%,46334475.0
2026-08-03,JPY,OPEN INT.,84%,16%,1054729500.0
2026-08-03,JPY,≤ 1W,82%,18%,610990875.0
2026-08-03,JPY,> 1W,40%,60%,2667718828.0
2026-08-04,AUD,NOTIONAL,72%,28%,1265526.0
2026-08-04,AUD,OPEN INT.,42%,58%,278626641.0
2026-08-04,AUD,≤ 1W,71%,29%,9350831.0
2026-08-04,AUD,> 1W,38%,62%,41339044.0
2026-08-04,CAD,NOTIONAL,0%,100%,71727603.0
2026-08-04,CAD,OPEN INT.,41%,59%,274089192.0
2026-08-04,CAD,≤ 1W,17%,83%,34189920.0
2026-08-04,CAD,> 1W,46%,54%,244030554.0
2026-08-04,CHF,NOTIONAL,4%,96%,49078356.0
2026-08-04,CHF,OPEN INT.,40%,60%,244770530.0
2026-08-04,CHF,≤ 1W,83%,17%,2795603.0
2026-08-04,CHF,> 1W,4%,96%,62901057.0
2026-08-04,EUR,NOTIONAL,41%,59%,256673010.0
2026-08-04,EUR,OPEN INT.,31%,69%,2843602204.0
2026-08-04,EUR,≤ 1W,47%,53%,463858191.0
2026-08-04,EUR,> 1W,62%,38%,1517963306.0
2026-08-04,GBP,NOTIONAL,58%,42%,1008496.0
2026-08-04,GBP,OPEN INT.,68%,32%,159594335.0
2026-08-04,GBP,≤ 1W,96%,4%,131944764.0
2026-08-04,GBP,> 1W,76%,24%,71098944.0
2026-08-04,JPY,NOTIONAL,92%,8%,154047937.0
2026-08-04,JPY,OPEN INT.,85%,15%,1189291481.0
2026-08-04,JPY,≤ 1W,93%,7%,422954777.0
2026-08-04,JPY,> 1W,54%,46%,1783787909.0
2026-08-05,AUD,NOTIONAL,34%,66%,12334175.0
2026-08-05,AUD,OPEN INT.,64%,36%,124258003.0
2026-08-05,AUD,≤ 1W,52%,48%,26923742.0
2026-08-05,AUD,> 1W,48%,52%,23399692.0
2026-08-05,CAD,NOTIONAL,25%,75%,17449471.0
2026-08-05,CAD,OPEN INT.,40%,60%,259481776.0
2026-08-05,CAD,≤ 1W,21%,79%,48415655.0
2026-08-05,CAD,> 1W,61%,39%,20655294.0
2026-08-05,CHF,NOTIONAL,97%,3%,10875809.0
2026-08-05,CHF,OPEN INT.,42%,58%,254610024.0
2026-08-05,CHF,≤ 1W,13%,87%,2330138.0
2026-08-05,CHF,> 1W,52%,48%,365581655.0
2026-08-05,EUR,NOTIONAL,71%,29%,521153995.0
2026-08-05,EUR,OPEN INT.,34%,66%,2504024992.0
2026-08-05,EUR,≤ 1W,24%,76%,446868593.0
2026-08-05,EUR,> 1W,65%,35%,2727148805.0
2026-08-05,GBP,NOTIONAL,28%,72%,16331163.0
2026-08-05,GBP,OPEN INT.,70%,30%,129723255.0
2026-08-05,GBP,≤ 1W,73%,27%,32830689.0
2026-08-05,GBP,> 1W,53%,47%,162353636.0
2026-08-05,JPY,NOTIONAL,14%,86%,126786870.0
2026-08-05,JPY,OPEN INT.,79%,21%,1178807490.0
2026-08-05,JPY,≤ 1W,59%,41%,346773630.0
2026-08-05,JPY,> 1W,52%,48%,740664540.0
2026-08-06,AUD,NOTIONAL,46%,54%,15479200.0
2026-08-06,AUD,OPEN INT.,61%,39%,133332200.0
2026-08-06,AUD,≤ 1W,68%,32%,154299480.0
2026-08-06,AUD,> 1W,59%,41%,52558920.0
2026-08-06,CAD,NOTIONAL,29%,71%,7862140.0
2026-08-06,CAD,OPEN INT.,40%,60%,267384234.0
2026-08-06,CAD,≤ 1W,8%,92%,87055332.0
2026-08-06,CAD,> 1W,44%,56%,58036888.0
2026-08-06,CHF,NOTIONAL,95%,5%,12874960.0
2026-08-06,CHF,OPEN INT.,41%,59%,250984160.0
2026-08-06,CHF,≤ 1W,67%,33%,1861440.0
2026-08-06,CHF,> 1W,47%,53%,29938160.0
2026-08-06,EUR,NOTIONAL,10%,90%,412260998.0
2026-08-06,EUR,OPEN INT.,32%,68%,2801727466.0
2026-08-06,EUR,≤ 1W,15%,85%,546502310.0
2026-08-06,EUR,> 1W,30%,70%,974658406.0
2026-08-06,GBP,NOTIONAL,51%,49%,8760312.0
2026-08-06,GBP,OPEN INT.,69%,31%,138311820.0
2026-08-06,GBP,≤ 1W,91%,9%,86508062.0
2026-08-06,GBP,> 1W,23%,77%,118011488.0
2026-08-06,JPY,NOTIONAL,74%,26%,326792725.0
2026-08-06,JPY,OPEN INT.,81%,19%,1427325795.0
2026-08-06,JPY,≤ 1W,79%,21%,736256465.0
2026-08-06,JPY,> 1W,54%,46%,1188683720.0
2026-08-07,AUD,NOTIONAL,53%,47%,91754169.0
2026-08-07,AUD,OPEN INT.,56%,44%,212114643.0
2026-08-07,AUD,≤ 1W,6%,94%,804179475.0
2026-08-07,AUD,> 1W,46%,54%,105613187.0
2026-08-07,CAD,NOTIONAL,81%,19%,110707890.0
2026-08-07,CAD,OPEN INT.,51%,49%,373118615.0
2026-08-07,CAD,≤ 1W,75%,25%,136913065.0
2026-08-07,CAD,> 1W,22%,78%,153665240.0
2026-08-07,CHF,NOTIONAL,18%,82%,118634743.0
2026-08-07,CHF,OPEN INT.,33%,67%,366455818.0
2026-08-07,CHF,≤ 1W,66%,34%,10868900.0
2026-08-07,CHF,> 1W,19%,81%,119907242.0
2026-08-07,EUR,NOTIONAL,46%,54%,2955536056.0
2026-08-07,EUR,OPEN INT.,41%,59%,5284669023.0
2026-08-07,EUR,≤ 1W,48%,52%,2432444290.0
2026-08-07,EUR,> 1W,44%,56%,2918026917.0
2026-08-07,GBP,NOTIONAL,60%,40%,152791808.0
2026-08-07,GBP,OPEN INT.,65%,35%,287950545.0
2026-08-07,GBP,≤ 1W,59%,41%,110016851.0
2026-08-07,GBP,> 1W,50%,50%,243066172.0
2026-08-07,JPY,NOTIONAL,57%,43%,1109764922.0
2026-08-07,JPY,OPEN INT.,71%,29%,2472786565.0
2026-08-07,JPY,≤ 1W,65%,35%,1256371440.0
2026-08-07,JPY,> 1W,74%,26%,1400401455.0
2026-08-10,AUD,NOTIONAL,30%,70%,36249850.0
2026-08-10,AUD,OPEN INT.,52%,48%,246482145.0
2026-08-10,AUD,≤ 1W,61%,39%,1269450.0
2026-08-10,AUD,> 1W,48%,52%,107069385.0
2026-08-10,CAD,NOTIONAL,98%,2%,24208395.0
2026-08-10,CAD,OPEN INT.,54%,46%,394905255.0
2026-08-10,CAD,≤ 1W,99%,1%,103514235.0
2026-08-10,CAD,> 1W,77%,23%,151292395.0
2026-08-10,CHF,NOTIONAL,55%,45%,1703557.0
2026-08-10,CHF,OPEN INT.,33%,67%,367056401.0
2026-08-10,CHF,≤ 1W,100%,0%,154869.0
2026-08-10,CHF,> 1W,69%,31%,4963894.0
2026-08-10,EUR,NOTIONAL,38%,62%,407275338.0
2026-08-10,EUR,OPEN INT.,42%,58%,5481565789.0
2026-08-10,EUR,≤ 1W,11%,89%,207041634.0
2026-08-10,EUR,> 1W,52%,48%,932460771.0
2026-08-10,GBP,NOTIONAL,6%,94%,12580257.0
2026-08-10,GBP,OPEN INT.,63%,37%,296438120.0
2026-08-10,GBP,≤ 1W,12%,88%,8274264.0
2026-08-10,GBP,> 1W,49%,51%,239357020.0
2026-08-10,JPY,NOTIONAL,55%,45%,104890350.0
2026-08-10,JPY,OPEN INT.,72%,28%,2453820169.0
2026-08-10,JPY,≤ 1W,86%,14%,139647063.0
2026-08-10,JPY,> 1W,49%,51%,656005828.0
2026-08-11,AUD,NOTIONAL,50%,50%,10666640.0
2026-08-11,AUD,OPEN INT.,52%,48%,256917680.0
2026-08-11,AUD,≤ 1W,49%,51%,10525360.0
2026-08-11,AUD,> 1W,31%,69%,98118960.0
2026-08-11,CAD,NOTIONAL,18%,82%,5899900.0
2026-08-11,CAD,OPEN INT.,53%,47%,398646960.0
2026-08-11,CAD,≤ 1W,11%,89%,8562050.0
2026-08-11,CAD,> 1W,48%,52%,143667845.0
2026-08-11,CHF,NOTIONAL,94%,6%,13315380.0
2026-08-11,CHF,OPEN INT.,31%,69%,357347640.0
2026-08-11,CHF,≤ 1W,94%,6%,2477280.0
2026-08-11,CHF,> 1W,74%,26%,14244360.0
2026-08-11,EUR,NOTIONAL,62%,38%,168719625.0
2026-08-11,EUR,OPEN INT.,42%,58%,5591896762.0
2026-08-11,EUR,≤ 1W,67%,33%,160628400.0
2026-08-11,EUR,> 1W,23%,77%,1099862446.0
2026-08-11,GBP,NOTIONAL,67%,33%,47766864.0
2026-08-11,GBP,OPEN INT.,64%,36%,340022421.0
2026-08-11,GBP,≤ 1W,74%,26%,53590033.0
2026-08-11,GBP,> 1W,32%,68%,230054133.0
2026-08-11,JPY,NOTIONAL,66%,34%,26997104.0
2026-08-11,JPY,OPEN INT.,71%,29%,2471139916.0
2026-08-11,JPY,≤ 1W,63%,37%,25580347.0
2026-08-11,JPY,> 1W,73%,27%,255905364.0
