Date,Type,Month,Sett_PC,Change,Vol,OI,Delta
2026-03-05,ALL,MAR26,25049.50,-78.75,935180.5,281605.6,-1001.4
2026-03-05,RET,MAR26,25049.50,-78.75,253093.5,15460.6,390.6
2026-03-05,ALL,JUN26,25267.00,-80.00,7229.8,7812.1,1122.6
2026-03-05,RET,JUN26,25267.00,-80.00,1193.8,801.1,21.6
2026-03-05,ALL,SEP26,25492.00,-81.00,44.8,124.8,7.9
2026-03-05,RET,SEP26,25492.00,-81.00,17.8,27.8,2.9000000000000004
2026-03-05,ALL,DEC26,25719.25,-81.00,0.0,4.4,0.0
2026-03-05,RET,DEC26,25719.25,-81.00,0.0,1.4000000000000001,0.0
2026-03-05,ALL,MAR27,0.00,+0.00,0.0,0.4,0.0
2026-03-05,RET,MAR27,0.00,+0.00,0.0,0.4,0.0
2026-03-05,ALL,DEC29,28582.25,-81.00,0.0,1.0,0.0
2026-03-05,RET,DEC29,28582.25,-81.00,0,0,0
2026-03-05,OPT,MAR26,1.95,-,40898.3,-73093.5,-2431.0000000000005
2026-03-05,OPT,APR26,5.00,-,6589.0,-6403.0,2089.0
2026-03-05,OPT,MAY26,3.46,-,290.0,-691.0,-127.0
2026-03-05,OPT,JUN26,0.85,-,2501.0,-6576.0,800.0
2026-03-05,OPT,SEP26,1.16,-,290.0,-967.0,-49.0
2026-03-05,OPT,DEC26,0.00,-,136.0,-510.0,16.0
2026-03-05,OPT,DEC27,0.00,-,0.0,237.0,0.0
2026-03-05,OPT,DEC28,0.00,-,0.0,915.0,0.0
2026-03-05,OPT,DEC29,0.00,-,0.0,-1.0,0.0
2026-03-06,ALL,MAR26,24670.25,-379.25,909898.2,283538.9,1933.3
2026-03-06,RET,MAR26,24670.25,-379.25,267822.2,15886.900000000001,426.3
2026-03-06,ALL,JUN26,24883.25,-383.75,7085.3,7823.7,11.600000000000001
2026-03-06,RET,JUN26,24883.25,-383.75,1224.3,864.7,63.6
2026-03-06,ALL,SEP26,25109.50,-382.50,41.9,126.9,2.1
2026-03-06,RET,SEP26,25109.50,-382.50,14.9,28.900000000000002,1.1
2026-03-06,ALL,DEC26,25356.50,-362.75,0.0,4.4,0.0
2026-03-06,RET,DEC26,25356.50,-362.75,0.0,1.4000000000000001,0.0
2026-03-06,ALL,MAR27,0.00,+0.00,0.0,0.5,0.1
2026-03-06,RET,MAR27,0.00,+0.00,0.0,0.5,0.1
2026-03-06,ALL,DEC29,28101.25,-481.00,0.0,1.0,0.0
2026-03-06,RET,DEC29,28101.25,-481.00,0,0,0
2026-03-06,OPT,MAR26,2.26,-,76488.9,-75407.2,-1790.0000000000036
2026-03-06,OPT,APR26,2.82,-,2838.0,-7060.0,-657.0
2026-03-06,OPT,MAY26,2.41,-,420.0,-766.0,-75.0
2026-03-06,OPT,JUN26,2.65,-,1601.0,-6512.0,64.0
2026-03-06,OPT,SEP26,4.85,-,76.0,-1004.0,-37.0
2026-03-06,OPT,DEC26,3.30,-,43.0,-520.0,-10.0
2026-03-06,OPT,DEC27,0.00,-,0.0,237.0,0.0
2026-03-06,OPT,DEC28,0.00,-,0.0,915.0,0.0
2026-03-06,OPT,DEC29,0.00,-,0.0,-1.0,0.0
2026-03-09,ALL,MAR26,24991.00,+320.75,971935.0,273375.6,-8752.1
2026-03-09,RET,MAR26,24991.00,+320.75,264680.0,15201.6,-676.1
2026-03-09,ALL,JUN26,25209.50,+326.25,12724.3,9114.6,1293.2
2026-03-09,RET,JUN26,25209.50,+326.25,1960.3000000000002,965.6,100.2
2026-03-09,ALL,SEP26,25426.25,+316.75,114.7,146.8,19.9
2026-03-09,RET,SEP26,25426.25,+316.75,52.7,40.800000000000004,11.9
2026-03-09,ALL,DEC26,25673.25,+316.75,0.0,5.5,2.2
2026-03-09,RET,DEC26,25673.25,+316.75,0.0,1.5,1.2000000000000002
2026-03-09,ALL,MAR27,0.00,+0.00,0.0,0.5,0.0
2026-03-09,RET,MAR27,0.00,+0.00,0.0,0.5,0.0
2026-03-09,ALL,DEC29,28418.00,+316.75,0.0,1.0,0.0
2026-03-09,RET,DEC29,28418.00,+316.75,0,0,0
2026-03-09,OPT,MAR26,4.38,-,21867.700000000004,-75539.1,-1311.1000000000001
2026-03-09,OPT,APR26,0.89,-,3349.0,-6957.0,103.0
2026-03-09,OPT,MAY26,2.02,-,916.0,-739.0,27.0
2026-03-09,OPT,JUN26,1.88,-,3626.0,-5781.0,731.0
2026-03-09,OPT,SEP26,0.42,-,401.0,-874.0,130.0
2026-03-09,OPT,DEC26,25.00,-,78.0,-511.0,9.0
2026-03-09,OPT,DEC27,0.00,-,0.0,237.0,0.0
2026-03-09,OPT,DEC28,0.00,-,0.0,915.0,0.0
2026-03-09,OPT,DEC29,0.00,-,0.0,-1.0,0.0
2026-03-10,ALL,MAR26,24982.50,-8.50,796733.6,266474.1,-5047.3
2026-03-10,RET,MAR26,24982.50,-8.50,233964.6,14400.1,-592.3000000000001
2026-03-10,ALL,JUN26,25199.50,-10.00,8127.6,9648.7,591.0
2026-03-10,RET,JUN26,25199.50,-10.00,1435.6000000000001,991.7,37.0
2026-03-10,ALL,SEP26,25416.50,-9.75,66.0,152.2,5.4
2026-03-10,RET,SEP26,25416.50,-9.75,44.0,43.2,2.4000000000000004
2026-03-10,ALL,DEC26,25663.50,-9.75,0.0,5.5,0.0
2026-03-10,RET,DEC26,25663.50,-9.75,0.0,1.5,0.0
2026-03-10,ALL,MAR27,0.00,+0.00,0.0,0.5,0.0
2026-03-10,RET,MAR27,0.00,+0.00,0.0,0.5,0.0
2026-03-10,ALL,DEC29,28408.25,-9.75,0.0,1.0,0.0
2026-03-10,RET,DEC29,28408.25,-9.75,0,0,0
2026-03-10,OPT,MAR26,0.00,-,12135.399999999998,38473.0,2393.8
2026-03-10,OPT,APR26,0.00,-,2543.0,18668.0,834.0
2026-03-10,OPT,MAY26,0.00,-,327.0,1713.0,243.0
2026-03-10,OPT,JUN26,0.00,-,2360.0,29189.0,842.0
2026-03-10,OPT,SEP26,0.00,-,290.0,5754.0,-10.0
2026-03-10,OPT,DEC26,0.00,-,125.0,3642.0,73.0
2026-03-10,OPT,DEC27,0.00,-,0.0,629.0,0.0
2026-03-10,OPT,DEC28,0.00,-,0.0,1167.0,0.0
2026-03-10,OPT,DEC29,0.00,-,0.0,1.0,0.0
2026-03-11,ALL,MAR26,24983.50,+1.00,667845.2,266450.4,933.6
2026-03-11,RET,MAR26,24983.50,+1.00,193204.2,14477.400000000001,45.6
2026-03-11,ALL,JUN26,25201.25,+1.75,8660.1,12055.6,2421.1
2026-03-11,RET,JUN26,25201.25,+1.75,1438.1000000000001,1062.6000000000001,71.10000000000001
2026-03-11,ALL,SEP26,25417.25,+0.75,28.2,152.8,0.6000000000000001
2026-03-11,RET,SEP26,25417.25,+0.75,17.2,44.800000000000004,1.6
2026-03-11,ALL,DEC26,25664.75,+1.25,0.0,5.4,-1.2000000000000002
2026-03-11,RET,DEC26,25664.75,+1.25,0.0,1.4000000000000001,-1.2000000000000002
2026-03-11,ALL,MAR27,0.00,+0.00,0.0,0.5,0.0
2026-03-11,RET,MAR27,0.00,+0.00,0.0,0.5,0.0
2026-03-11,ALL,DEC29,28409.50,+1.25,0.0,1.0,0.0
2026-03-11,RET,DEC29,28409.50,+1.25,0,0,0
2026-03-11,OPT,MAR26,0.00,-,13966.600000000002,50091.6,5897.9
2026-03-11,OPT,APR26,0.00,-,2512.0,20142.0,1474.0
2026-03-11,OPT,MAY26,0.00,-,361.0,1955.0,242.0
2026-03-11,OPT,JUN26,0.00,-,2437.0,28615.0,-574.0
2026-03-11,OPT,SEP26,0.00,-,168.0,5757.0,3.0
2026-03-11,OPT,DEC26,0.00,-,87.0,3616.0,-26.0
2026-03-11,OPT,JUN27,0.00,-,2.0,2.0,2.0
2026-03-11,OPT,DEC27,0.00,-,0.0,629.0,0.0
2026-03-11,OPT,DEC28,0.00,-,0.0,1167.0,0.0
2026-03-11,OPT,DEC29,0.00,-,0.0,1.0,0.0
2026-03-12,ALL,MAR26,24560.00,-423.50,780645.6,267062.5,742.7
2026-03-12,RET,MAR26,24560.00,-423.50,218530.6,14822.5,367.70000000000005
2026-03-12,ALL,JUN26,24773.50,-427.75,22762.3,16441.5,4385.1
2026-03-12,RET,JUN26,24773.50,-427.75,2062.3,1211.5,148.1
2026-03-12,ALL,SEP26,24993.25,-424.00,120.4,200.3,47.5
2026-03-12,RET,SEP26,24993.25,-424.00,27.400000000000002,48.300000000000004,3.5
2026-03-12,ALL,DEC26,25240.25,-424.50,0.0,5.6,2.2
2026-03-12,RET,DEC26,25240.25,-424.50,0.0,1.6,2.2
2026-03-12,ALL,MAR27,0.00,+0.00,0.0,0.5,0.0
2026-03-12,RET,MAR27,0.00,+0.00,0.0,0.5,0.0
2026-03-12,ALL,DEC29,27985.00,-424.50,0.0,1.0,0.0
2026-03-12,RET,DEC29,27985.00,-424.50,0,0,0
2026-03-12,OPT,MAR26,1.30,-,27647.2,-58076.299999999996,1294.8000000000002
2026-03-12,OPT,APR26,1.05,-,2179.0,-8476.0,-323.0
2026-03-12,OPT,MAY26,0.95,-,515.0,-882.0,6.0
2026-03-12,OPT,JUN26,1.27,-,546.0,-6073.0,-2.0
2026-03-12,OPT,SEP26,2.88,-,62.0,-1026.0,-5.0
2026-03-12,OPT,DEC26,0.86,-,13.0,-541.0,5.0
2026-03-12,OPT,JUN27,0.00,-,0.0,2.0,0.0
2026-03-12,OPT,DEC27,0.00,-,0.0,237.0,0.0
2026-03-12,OPT,DEC28,0.00,-,0.0,915.0,0.0
2026-03-12,OPT,DEC29,0.00,-,0.0,-1.0,0.0
2026-03-13,ALL,MAR26,24394.25,-165.75,841059.7,238582.6,-27737.8
2026-03-13,RET,MAR26,24394.25,-165.75,233418.7,15296.6,462.20000000000005
2026-03-13,ALL,JUN26,24605.75,-167.75,90174.6,53165.0,36729.0
2026-03-13,RET,JUN26,24605.75,-167.75,3053.6000000000004,1437.0,222.0
2026-03-13,ALL,SEP26,24828.75,-164.50,78.30000000000001,194.4,-5.9
2026-03-13,RET,SEP26,24828.75,-164.50,40.300000000000004,51.400000000000006,3.1
2026-03-13,ALL,DEC26,25075.75,-164.50,0.0,5.6,0.0
2026-03-13,RET,DEC26,25075.75,-164.50,0.0,1.6,0.0
2026-03-13,ALL,MAR27,0.00,+0.00,0.0,0.5,0.0
2026-03-13,RET,MAR27,0.00,+0.00,0.0,0.5,0.0
2026-03-13,ALL,DEC29,27820.50,-164.50,0.0,1.0,0.0
2026-03-13,RET,DEC29,27820.50,-164.50,0,0,0
2026-03-13,OPT,MAR26,1.21,-,60552.50000000001,-65609.79999999999,240.4000000000011
2026-03-13,OPT,APR26,1.44,-,2704.0,-8739.0,-263.0
2026-03-13,OPT,MAY26,1.17,-,156.0,-883.0,-1.0
2026-03-13,OPT,JUN26,6.62,-,3788.0,-6938.0,-865.0
2026-03-13,OPT,SEP26,2.43,-,120.0,-1045.0,-19.0
2026-03-13,OPT,DEC26,10.00,-,33.0,-570.0,-29.0
2026-03-13,OPT,JUN27,0.00,-,0.0,2.0,0.0
2026-03-13,OPT,DEC27,0.00,-,0.0,237.0,0.0
2026-03-13,OPT,DEC28,0.00,-,0.0,915.0,0.0
2026-03-13,OPT,DEC29,0.00,-,0.0,-1.0,0.0
2026-03-16,ALL,MAR26,24675.75,+281.50,511775.1,167807.9,-70077.1
2026-03-16,RET,MAR26,24675.75,+281.50,99653.1,13719.900000000001,-1396.1000000000001
2026-03-16,ALL,JUN26,24891.25,+285.50,539968.8,145817.0,92666.1
2026-03-16,RET,JUN26,24891.25,+285.50,99559.8,3652.0,2220.1
2026-03-16,ALL,SEP26,25113.00,+284.25,140.1,198.3,3.9000000000000004
2026-03-16,RET,SEP26,25113.00,+284.25,60.1,55.300000000000004,3.9000000000000004
2026-03-16,ALL,DEC26,25360.25,+284.50,0.0,5.6,0.0
2026-03-16,RET,DEC26,25360.25,+284.50,0.0,1.6,0.0
2026-03-16,ALL,MAR27,0.00,+0.00,0.0,0.6000000000000001,0.1
2026-03-16,RET,MAR27,0.00,+0.00,0.0,0.6000000000000001,0.1
2026-03-16,ALL,DEC29,28105.00,+284.50,0.0,1.0,0.0
2026-03-16,RET,DEC29,28105.00,+284.50,0,0,0
2026-03-16,OPT,MAR26,4.13,-,19070.2,-59921.49999999999,-4588.700000000001
2026-03-16,OPT,APR26,0.61,-,4196.4,-7521.2,1218.8
2026-03-16,OPT,MAY26,0.39,-,1185.0,-401.0,482.0
2026-03-16,OPT,JUN26,5.51,-,6204.0,-3507.0,3431.0
2026-03-16,OPT,SEP26,1.20,-,130.0,-1048.0,-3.0
2026-03-16,OPT,DEC26,0.72,-,43.0,-549.0,21.0
2026-03-16,OPT,JUN27,0.50,-,6.0,4.0,2.0
2026-03-16,OPT,DEC27,0.00,-,0.0,237.0,0.0
2026-03-16,OPT,DEC28,0.00,-,0.0,915.0,0.0
2026-03-16,OPT,DEC29,0.00,-,0.0,-1.0,0.0
2026-03-17,ALL,MAR26,24795.50,+119.75,235156.1,112348.5,-52973.1
2026-03-17,RET,MAR26,24795.50,+119.75,31303.100000000002,12720.5,-924.1
2026-03-17,ALL,JUN26,25015.50,+124.25,616093.2,214832.6,67821.3
2026-03-17,RET,JUN26,25015.50,+124.25,134039.2,4503.6,840.3000000000001
2026-03-17,ALL,SEP26,25237.25,+124.25,128.8,216.6,18.3
2026-03-17,RET,SEP26,25237.25,+124.25,82.80000000000001,58.6,3.3000000000000003
2026-03-17,ALL,DEC26,25484.50,+124.25,0.0,5.6,0.0
2026-03-17,RET,DEC26,25484.50,+124.25,0.0,1.6,0.0
2026-03-17,ALL,MAR27,0.00,+0.00,0.0,0.6000000000000001,0.0
2026-03-17,RET,MAR27,0.00,+0.00,0.0,0.6000000000000001,0.0
2026-03-17,ALL,DEC29,28229.25,+124.25,0.0,1.0,0.0
2026-03-17,RET,DEC29,28229.25,+124.25,0,0,0
2026-03-17,OPT,MAR26,2.44,-,12782.400000000001,-60738.80000000001,-69.39999999999975
2026-03-17,OPT,APR26,1.83,-,3757.6,-7892.6,-573.4
2026-03-17,OPT,MAY26,0.53,-,991.0,-108.0,293.0
2026-03-17,OPT,JUN26,2.26,-,2215.0,-3545.0,-38.0
2026-03-17,OPT,SEP26,1.25,-,45.0,-1039.0,9.0
2026-03-17,OPT,DEC26,4.70,-,154.0,-653.0,-104.0
2026-03-17,OPT,JUN27,0.00,-,0.0,4.0,0.0
2026-03-17,OPT,DEC27,0.00,-,0.0,237.0,0.0
2026-03-17,OPT,DEC28,0.00,-,0.0,915.0,0.0
2026-03-17,OPT,DEC29,0.00,-,0.0,-1.0,0.0
2026-03-18,ALL,MAR26,24434.50,-361.00,145554.8,88763.2,-21514.7
2026-03-18,RET,MAR26,24434.50,-361.00,21181.800000000003,12206.2,-345.70000000000005
2026-03-18,ALL,JUN26,24651.25,-364.25,665191.3,230340.6,22838.8
2026-03-18,RET,JUN26,24651.25,-364.25,164558.30000000002,5139.6,691.8000000000001
2026-03-18,ALL,SEP26,24873.00,-364.25,269.5,230.5,13.8
2026-03-18,RET,SEP26,24873.00,-364.25,112.5,65.5,6.800000000000001
2026-03-18,ALL,DEC26,25120.25,-364.25,0.0,5.7,1.2000000000000002
2026-03-18,RET,DEC26,25120.25,-364.25,0.0,1.7000000000000002,1.2000000000000002
2026-03-18,ALL,MAR27,0.00,+0.00,0.0,0.6000000000000001,0.0
2026-03-18,RET,MAR27,0.00,+0.00,0.0,0.6000000000000001,0.0
2026-03-18,ALL,DEC29,27865.00,-364.25,0.0,1.0,0.0
2026-03-18,RET,DEC29,27865.00,-364.25,0,0,0
2026-03-18,OPT,MAR26,2.47,-,15758.800000000003,-48392.3,-944.4000000000001
2026-03-18,OPT,APR26,1.68,-,3362.5,-8581.699999999999,-689.1
2026-03-18,OPT,MAY26,0.54,-,499.0,-25.0,83.0
2026-03-18,OPT,JUN26,1.26,-,1957.0,-3524.0,21.0
2026-03-18,OPT,SEP26,1.47,-,42.0,-1031.0,8.0
2026-03-18,OPT,DEC26,1.29,-,110.0,-731.0,-78.0
2026-03-18,OPT,JUN27,0.00,-,0.0,4.0,0.0
2026-03-18,OPT,DEC27,0.00,-,0.0,237.0,0.0
2026-03-18,OPT,DEC28,0.00,-,0.0,915.0,0.0
2026-03-18,OPT,DEC29,0.00,-,0.0,-1.0,0.0
2026-03-19,ALL,MAR26,24364.00,-70.50,83508.9,74410.7,-13103.5
2026-03-19,RET,MAR26,24364.00,-70.50,14205.900000000001,7413.700000000001,-4790.5
2026-03-19,ALL,JUN26,24580.00,-71.25,857618.0,241708.1,11761.4
2026-03-19,RET,JUN26,24580.00,-71.25,232207.0,6761.1,1614.4
2026-03-19,ALL,SEP26,24801.00,-72.00,272.0,261.3,30.9
2026-03-19,RET,SEP26,24801.00,-72.00,126.0,74.3,8.9
2026-03-19,ALL,DEC26,25048.25,-72.00,0.0,5.7,0.0
2026-03-19,RET,DEC26,25048.25,-72.00,0.0,1.7000000000000002,0.0
2026-03-19,ALL,MAR27,0.00,+0.00,0.0,0.6000000000000001,0.0
2026-03-19,RET,MAR27,0.00,+0.00,0.0,0.6000000000000001,0.0
2026-03-19,ALL,DEC29,27793.00,-72.00,0.0,1.0,0.0
2026-03-19,RET,DEC29,27793.00,-72.00,0,0,0
2026-03-19,OPT,MAR26,2.37,-,25832.1,-42748.90000000001,-1159.9
2026-03-19,OPT,APR26,2.69,-,4977.5,-8888.800000000003,-307.1
2026-03-19,OPT,MAY26,6.75,-,1039.0,-623.0,-598.0
2026-03-19,OPT,JUN26,1.16,-,2822.0,-3234.0,290.0
2026-03-19,OPT,SEP26,1.00,-,3103.0,-995.0,36.0
2026-03-19,OPT,DEC26,4.45,-,120.0,-772.0,-41.0
2026-03-19,OPT,JUN27,0.00,-,0.0,4.0,0.0
2026-03-19,OPT,DEC27,0.00,-,0.0,237.0,0.0
2026-03-19,OPT,DEC28,0.00,-,0.0,915.0,0.0
2026-03-19,OPT,DEC29,0.00,-,0.0,-1.0,0.0
2026-03-20,ALL,MAR26,24291.75,-72.22,10756.4,69028.4,-2803.8
2026-03-20,RET,MAR26,24291.75,-72.22,1917.4,7325.400000000001,-58.800000000000004
2026-03-20,ALL,JUN26,24101.50,-478.50,806884.5,255662.7,14181.5
2026-03-20,RET,JUN26,24101.50,-478.50,202972.5,8603.7,2066.5
2026-03-20,ALL,SEP26,24318.50,-482.50,1374.9,478.6,217.3
2026-03-20,RET,SEP26,24318.50,-482.50,224.9,102.60000000000001,28.3
2026-03-20,ALL,DEC26,24565.75,-482.50,0.0,5.8,1.2000000000000002
2026-03-20,RET,DEC26,24565.75,-482.50,0.0,1.8,1.2000000000000002
2026-03-20,ALL,MAR27,0.00,+0.00,0.0,0.7000000000000001,0.1
2026-03-20,RET,MAR27,0.00,+0.00,0.0,0.7000000000000001,0.1
2026-03-20,ALL,DEC29,27310.50,-482.50,0.0,1.0,0.0
2026-03-20,RET,DEC29,27310.50,-482.50,0,0,0
2026-03-20,OPT,MAR26,0.97,-,37503.299999999996,-4795.799999999999,9444.0
2026-03-20,OPT,APR26,1.82,-,6416.6,-9713.299999999997,-824.5
2026-03-20,OPT,MAY26,3.20,-,1294.0,-875.0,-252.0
2026-03-20,OPT,JUN26,1.96,-,3446.0,-3721.0,-487.0
2026-03-20,OPT,JUL26,0.61,-,217.0,53.0,53.0
2026-03-20,OPT,SEP26,1.02,-,3587.0,-1009.0,-14.0
2026-03-20,OPT,DEC26,0.47,-,63.0,-772.0,0.0
2026-03-20,OPT,JUN27,0.00,-,0.0,4.0,0.0
2026-03-20,OPT,DEC27,0.00,-,0.0,237.0,0.0
2026-03-20,OPT,DEC28,0.00,-,0.0,915.0,0.0
2026-03-20,OPT,DEC29,0.00,-,0.0,-1.0,0.0
2026-03-23,ALL,MAR26,24291.75,+0.00,0.0,60.0,-65596.7
2026-03-23,RET,MAR26,24291.75,+0.00,0.0,0.0,-7320.700000000001
2026-03-23,ALL,JUN26,24408.25,+306.75,918765.7,244177.6,-11480.0
2026-03-23,RET,JUN26,24408.25,+306.75,236156.7,8961.6,370.0
2026-03-23,ALL,SEP26,24627.75,+309.25,2549.3,583.4,104.80000000000001
2026-03-23,RET,SEP26,24627.75,+309.25,442.3,137.4,34.800000000000004
2026-03-23,ALL,DEC26,24875.00,+309.25,2.5,6.6,8.200000000000001
2026-03-23,RET,DEC26,24875.00,+309.25,2.5,2.6,8.200000000000001
2026-03-23,ALL,MAR27,0.00,+0.00,0.0,0.7000000000000001,0.0
2026-03-23,RET,MAR27,0.00,+0.00,0.0,0.7000000000000001,0.0
2026-03-23,ALL,DEC29,27619.75,+309.25,0.0,1.0,0.0
2026-03-23,RET,DEC29,27619.75,+309.25,0,0,0
2026-03-23,OPT,MAR26,1.17,-,21193.400000000005,-3891.999999999998,951.5999999999999
2026-03-23,OPT,APR26,1.86,-,7439.6,-9967.699999999999,-254.39999999999998
2026-03-23,OPT,MAY26,1.32,-,1270.0,-902.0,-27.0
2026-03-23,OPT,JUN26,2.70,-,4279.0,-4512.0,-789.0
2026-03-23,OPT,JUL26,17.67,-,56.0,29.0,-24.0
2026-03-23,OPT,SEP26,1.18,-,3522.0,-1116.0,-107.0
2026-03-23,OPT,DEC26,14.39,-,1093.0,-1591.0,-819.0
2026-03-23,OPT,MAR27,0.00,-,3.0,3.0,3.0
2026-03-23,OPT,JUN27,0.00,-,0.0,4.0,0.0
2026-03-23,OPT,DEC27,0.00,-,0.0,237.0,0.0
2026-03-23,OPT,DEC28,0.00,-,0.0,915.0,0.0
2026-03-23,OPT,DEC29,0.00,-,0.0,-1.0,0.0
2026-03-24,ALL,MAR26,24291.75,+0.00,0.0,29.0,-31.0
2026-03-24,RET,MAR26,24291.75,+0.00,0,0,0
2026-03-24,ALL,JUN26,24213.75,-194.50,765344.2,244610.7,2694.6
2026-03-24,RET,JUN26,24213.75,-194.50,222260.2,8824.7,419.6
2026-03-24,ALL,SEP26,24435.00,-192.75,924.4000000000001,597.6,15.7
2026-03-24,RET,SEP26,24435.00,-192.75,325.40000000000003,134.6,-2.3000000000000003
2026-03-24,ALL,DEC26,24682.00,-193.00,0.0,6.800000000000001,2.2
2026-03-24,RET,DEC26,24682.00,-193.00,0.0,2.8000000000000003,2.2
2026-03-24,ALL,MAR27,0.00,+0.00,0.0,0.6000000000000001,0.0
2026-03-24,RET,MAR27,0.00,+0.00,0.0,0.6000000000000001,0.0
2026-03-24,ALL,DEC29,27426.75,-193.00,0.0,1.0,0.0
2026-03-24,RET,DEC29,27426.75,-193.00,0,0,0
2026-03-24,OPT,MAR26,1.00,-,22623.100000000006,-18790.399999999998,-1475.0
2026-03-24,OPT,APR26,1.44,-,5448.6,-23842.9,-493.2
2026-03-24,OPT,MAY26,2.15,-,2085.0,-3721.0,-363.0
2026-03-24,OPT,JUN26,2.81,-,1759.0,-4766.0,-254.0
2026-03-24,OPT,JUL26,9.50,-,84.0,-703.0,-8.0
2026-03-24,OPT,SEP26,5.03,-,1828.0,-5606.0,205.0
2026-03-24,OPT,DEC26,0.10,-,308.0,-3639.0,210.0
2026-03-24,OPT,MAR27,6.40,-,37.0,-655.0,-29.0
2026-03-24,OPT,JUN27,0.00,-,1.0,-87.0,1.0
2026-03-24,OPT,DEC27,0.00,-,0.0,121.0,0.0
2026-03-24,OPT,DEC28,0.00,-,0.0,915.0,0.0
2026-03-24,OPT,DEC29,0.00,-,0.0,-7.0,0.0
2026-03-25,ALL,MAR26,24291.75,+0.00,0.0,0.0,-29.0
2026-03-25,RET,MAR26,24291.75,+0.00,0,0,0
2026-03-25,ALL,JUN26,24367.75,+154.00,721914.8,240928.8,-3146.6
2026-03-25,RET,JUN26,24367.75,+154.00,198237.80000000002,9233.800000000001,596.4
2026-03-25,ALL,SEP26,24588.75,+153.75,1032.9,603.1,6.5
2026-03-25,RET,SEP26,24588.75,+153.75,385.90000000000003,134.1,0.5
2026-03-25,ALL,DEC26,24835.75,+153.75,0.6000000000000001,6.800000000000001,0.0
2026-03-25,RET,DEC26,24835.75,+153.75,0.6000000000000001,2.8000000000000003,0.0
2026-03-25,ALL,MAR27,0.00,+0.00,0.0,0.6000000000000001,0.0
2026-03-25,RET,MAR27,0.00,+0.00,0.0,0.6000000000000001,0.0
2026-03-25,ALL,DEC29,27580.50,+153.75,0.0,1.0,0.0
2026-03-25,RET,DEC29,27580.50,+153.75,0,0,0
2026-03-25,OPT,MAR26,1.89,-,22094.6,-19520.800000000003,-1252.6999999999998
2026-03-25,OPT,APR26,2.11,-,5776.4000000000015,-24569.9,-730.9999999999999
2026-03-25,OPT,MAY26,6.96,-,1927.0,-4770.0,-1049.0
2026-03-25,OPT,JUN26,3.49,-,952.0,-4596.0,155.0
2026-03-25,OPT,JUL26,38.00,-,39.0,-741.0,-38.0
2026-03-25,OPT,SEP26,6.00,-,133.0,-5677.0,-71.0
2026-03-25,OPT,DEC26,0.38,-,378.0,-3380.0,259.0
2026-03-25,OPT,MAR27,0.00,-,1.0,-656.0,-1.0
2026-03-25,OPT,JUN27,0.00,-,0.0,-87.0,0.0
2026-03-25,OPT,DEC27,0.00,-,0.0,121.0,0.0
2026-03-25,OPT,DEC28,0.00,-,0.0,915.0,0.0
2026-03-25,OPT,DEC29,0.00,-,0.0,-7.0,0.0
2026-03-26,ALL,JUN26,23794.25,-573.50,769137.9,253234.0,13114.4
2026-03-26,RET,JUN26,23794.25,-573.50,215711.90000000002,10626.0,1694.4
2026-03-26,ALL,SEP26,24011.75,-577.00,1856.4,630.1,27.400000000000002
2026-03-26,RET,SEP26,24011.75,-577.00,355.40000000000003,156.10000000000002,22.400000000000002
2026-03-26,ALL,DEC26,24258.75,-577.00,1.0,7.4,6.2
2026-03-26,RET,DEC26,24258.75,-577.00,1.0,3.4000000000000004,6.2
2026-03-26,ALL,MAR27,0.00,+0.00,0.0,0.6000000000000001,0.0
2026-03-26,RET,MAR27,0.00,+0.00,0.0,0.6000000000000001,0.0
2026-03-26,ALL,DEC29,27003.50,-577.00,0.0,1.0,0.0
2026-03-26,RET,DEC29,27003.50,-577.00,0,0,0
2026-03-26,OPT,MAR26,1.22,-,39260.899999999994,-19574.7,-333.1000000000007
2026-03-26,OPT,APR26,1.84,-,9334.9,-25402.8,-832.9
2026-03-26,OPT,MAY26,2.67,-,2123.0,-4976.0,-206.0
2026-03-26,OPT,JUN26,4.20,-,2951.0,-5175.0,-581.0
2026-03-26,OPT,JUL26,0.67,-,65.0,-728.0,13.0
2026-03-26,OPT,SEP26,1.63,-,4738.0,-5158.0,519.0
2026-03-26,OPT,DEC26,0.70,-,51.0,-3384.0,-4.0
2026-03-26,OPT,MAR27,10.00,-,11.0,-665.0,-9.0
2026-03-26,OPT,JUN27,0.00,-,0.0,-87.0,0.0
2026-03-26,OPT,DEC27,0.00,-,0.0,121.0,0.0
2026-03-26,OPT,DEC28,0.00,-,0.0,915.0,0.0
2026-03-26,OPT,DEC29,0.00,-,0.0,-7.0,0.0
2026-03-27,ALL,JUN26,23328.50,-465.75,751372.8,261231.5,8847.9
2026-03-27,RET,JUN26,23328.50,-465.75,192732.80000000002,11875.5,1220.9
2026-03-27,ALL,SEP26,23537.50,-474.25,1934.0,704.3,74.0
2026-03-27,RET,SEP26,23537.50,-474.25,351.0,167.3,11.0
2026-03-27,ALL,DEC26,23784.00,-474.75,2.1,7.7,3.2
2026-03-27,RET,DEC26,23784.00,-474.75,2.1,3.7,3.2
2026-03-27,ALL,MAR27,0.00,+0.00,0.0,0.7000000000000001,0.1
2026-03-27,RET,MAR27,0.00,+0.00,0.0,0.7000000000000001,0.1
2026-03-27,ALL,DEC29,26528.75,-474.75,0.0,1.0,0.0
2026-03-27,RET,DEC29,26528.75,-474.75,0,0,0
2026-03-27,OPT,MAR26,1.02,-,68265.9,-15993.300000000001,-409.8999999999987
2026-03-27,OPT,APR26,1.81,-,12483.999999999998,-26757.5,-1354.6999999999998
2026-03-27,OPT,MAY26,1.15,-,5815.0,-5449.0,-473.0
2026-03-27,OPT,JUN26,1.74,-,3873.0,-5895.0,-720.0
2026-03-27,OPT,JUL26,3.71,-,132.0,-768.0,-40.0
2026-03-27,OPT,SEP26,1.27,-,4526.0,-5134.0,24.0
2026-03-27,OPT,DEC26,1.22,-,288.0,-3407.0,-23.0
2026-03-27,OPT,MAR27,0.05,-,61.0,-614.0,51.0
2026-03-27,OPT,JUN27,0.00,-,0.0,-87.0,0.0
2026-03-27,OPT,DEC27,0.00,-,0.0,121.0,0.0
2026-03-27,OPT,DEC28,0.00,-,0.0,915.0,0.0
2026-03-27,OPT,DEC29,0.00,-,0.0,-7.0,0.0
2026-03-30,ALL,JUN26,23139.75,-188.75,761462.2,268124.9,6031.7
2026-03-30,RET,JUN26,23139.75,-188.75,203634.2,12023.900000000001,382.70000000000005
2026-03-30,ALL,SEP26,23344.25,-193.25,1895.3,799.7,96.5
2026-03-30,RET,SEP26,23344.25,-193.25,354.3,180.70000000000002,14.5
2026-03-30,ALL,DEC26,23575.00,-209.00,6.5,10.100000000000001,24.200000000000003
2026-03-30,RET,DEC26,23575.00,-209.00,6.5,6.1000000000000005,24.200000000000003
2026-03-30,ALL,MAR27,0.00,+0.00,0.0,0.7000000000000001,0.0
2026-03-30,RET,MAR27,0.00,+0.00,0.0,0.7000000000000001,0.0
2026-03-30,ALL,DEC29,26319.75,-209.00,0.0,1.0,0.0
2026-03-30,RET,DEC29,26319.75,-209.00,0,0,0
2026-03-30,OPT,MAR26,1.10,-,32246.899999999998,-14906.0,-966.5999999999995
2026-03-30,OPT,APR26,3.15,-,14036.2,-27071.6,-314.09999999999945
2026-03-30,OPT,MAY26,2.16,-,4174.0,-5586.0,-137.0
2026-03-30,OPT,JUN26,3.20,-,3393.0,-5573.0,307.0
2026-03-30,OPT,JUL26,1.27,-,161.0,-788.0,-20.0
2026-03-30,OPT,SEP26,1.22,-,348.0,-5088.0,46.0
2026-03-30,OPT,DEC26,8.15,-,595.0,-3480.0,-73.0
2026-03-30,OPT,MAR27,0.25,-,50.0,-603.0,11.0
2026-03-30,OPT,JUN27,0.00,-,0.0,-87.0,0.0
2026-03-30,OPT,DEC27,0.00,-,0.0,121.0,0.0
2026-03-30,OPT,DEC28,0.00,-,0.0,915.0,0.0
2026-03-30,OPT,DEC29,0.00,-,0.0,-7.0,0.0
2026-03-31,ALL,JUN26,23915.00,+775.25,1004662.5,255506.1,-12590.5
2026-03-31,RET,JUN26,23915.00,+775.25,252317.5,10838.1,-1149.5
2026-03-31,ALL,SEP26,24125.00,+780.75,1954.0,836.1,36.5
2026-03-31,RET,SEP26,24125.00,+780.75,500.0,189.10000000000002,8.5
2026-03-31,ALL,DEC26,24332.00,+757.00,5.2,14.0,21.200000000000003
2026-03-31,RET,DEC26,24332.00,+757.00,5.2,8.0,19.200000000000003
2026-03-31,ALL,MAR27,0.00,+0.00,0.0,0.7000000000000001,0.0
2026-03-31,RET,MAR27,0.00,+0.00,0.0,0.7000000000000001,0.0
2026-03-31,ALL,DEC29,27076.75,+757.00,0.0,1.0,0.0
2026-03-31,RET,DEC29,27076.75,+757.00,0,0,0
2026-03-31,OPT,MAR26,1.15,-,46871.0,0.0,6348.0
2026-03-31,OPT,APR26,1.47,-,17276.9,-27524.900000000005,-465.4
2026-03-31,OPT,MAY26,2.11,-,4428.0,-6468.0,-882.0
2026-03-31,OPT,JUN26,1.38,-,5083.0,-5166.0,413.0
2026-03-31,OPT,JUL26,2.17,-,38.0,-799.0,-11.0
2026-03-31,OPT,SEP26,0.44,-,2462.0,-5179.0,-91.0
2026-03-31,OPT,DEC26,1.54,-,216.0,-3468.0,12.0
2026-03-31,OPT,MAR27,0.00,-,0.0,-603.0,0.0
2026-03-31,OPT,JUN27,0.00,-,0.0,-87.0,0.0
2026-03-31,OPT,DEC27,0.00,-,0.0,121.0,0.0
2026-03-31,OPT,DEC28,0.00,-,0.0,915.0,0.0
2026-03-31,OPT,DEC29,0.00,-,0.0,-7.0,0.0
2026-04-01,ALL,JUN26,24194.75,+279.75,773527.9,251302.3,-4203.8
2026-04-01,RET,JUN26,24194.75,+279.75,197969.90000000002,10448.300000000001,-389.8
2026-04-01,ALL,SEP26,24409.00,+284.00,1707.7,873.6,37.5
2026-04-01,RET,SEP26,24409.00,+284.00,383.70000000000005,199.60000000000002,10.5
2026-04-01,ALL,DEC26,24629.00,+297.00,2.9000000000000004,17.0,21.200000000000003
2026-04-01,RET,DEC26,24629.00,+297.00,2.9000000000000004,10.0,20.200000000000003
2026-04-01,ALL,MAR27,0.00,+0.00,0.0,0.7000000000000001,0.0
2026-04-01,RET,MAR27,0.00,+0.00,0.0,0.7000000000000001,0.0
2026-04-01,ALL,DEC29,27373.75,+297.00,0.0,1.0,0.0
2026-04-01,RET,DEC29,27373.75,+297.00,0,0,0
2026-04-01,OPT,APR26,1.64,-,22810.1,-28652.899999999998,-1128.0
2026-04-01,OPT,MAY26,5.10,-,7678.0,-9485.0,-3017.0
2026-04-01,OPT,JUN26,1.19,-,3251.0,-4872.0,294.0
2026-04-01,OPT,JUL26,1.10,-,82.0,-763.0,36.0
2026-04-01,OPT,SEP26,0.28,-,558.0,-5200.0,-21.0
2026-04-01,OPT,DEC26,6.22,-,65.0,-3465.0,3.0
2026-04-01,OPT,MAR27,4.00,-,5.0,-605.0,-2.0
2026-04-01,OPT,JUN27,0.00,-,0.0,-87.0,0.0
2026-04-01,OPT,DEC27,0.00,-,0.0,121.0,0.0
2026-04-01,OPT,DEC28,0.00,-,0.0,915.0,0.0
2026-04-01,OPT,DEC29,0.00,-,0.0,-7.0,0.0
2026-04-02,ALL,JUN26,24218.00,+23.25,804546.9,251256.7,-350.7
2026-04-02,RET,JUN26,24218.00,+23.25,228903.90000000002,10792.7,369.3
2026-04-02,ALL,SEP26,24434.25,+25.25,1899.8,955.1,81.5
2026-04-02,RET,SEP26,24434.25,+25.25,463.8,188.10000000000002,-11.5
2026-04-02,ALL,DEC26,24655.00,+26.00,9.2,17.4,4.2
2026-04-02,RET,DEC26,24655.00,+26.00,2.2,10.4,4.2
2026-04-02,ALL,MAR27,0.00,+0.00,0.0,0.7000000000000001,0.0
2026-04-02,RET,MAR27,0.00,+0.00,0.0,0.7000000000000001,0.0
2026-04-02,ALL,DEC29,27399.75,+26.00,0.0,1.0,0.0
2026-04-02,RET,DEC29,27399.75,+26.00,0,0,0
2026-04-02,OPT,APR26,0.96,-,21685.2,-8315.300000000003,1262.6000000000001
2026-04-02,OPT,MAY26,1.15,-,2351.0,-2516.0,-517.0
2026-04-02,OPT,JUN26,1.12,-,2520.0,-4457.0,328.0
2026-04-02,OPT,JUL26,38.00,-,39.0,15.0,1.0
2026-04-02,OPT,SEP26,0.27,-,592.0,-959.0,7.0
2026-04-02,OPT,DEC26,1.28,-,155.0,-1103.0,42.0
2026-04-02,OPT,MAR27,0.00,-,0.0,35.0,0.0
2026-04-02,OPT,JUN27,0.00,-,0.0,5.0,0.0
2026-04-02,OPT,DEC27,0.00,-,0.0,237.0,0.0
2026-04-02,OPT,DEC28,0.00,-,0.0,915.0,0.0
2026-04-02,OPT,DEC29,0.00,-,0.0,-1.0,0.0
2026-04-03,ALL,JUN26,24218.00,+0.00,64533.100000000006,251539.8,671.4
2026-04-03,RET,JUN26,24218.00,+0.00,22097.100000000002,10990.800000000001,209.4
2026-04-03,ALL,SEP26,24434.25,+0.00,63.4,954.6,0.5
2026-04-03,RET,SEP26,24434.25,+0.00,37.4,191.60000000000002,4.5
2026-04-03,ALL,DEC26,24655.00,+0.00,7.0,17.5,1.2000000000000002
2026-04-03,RET,DEC26,24655.00,+0.00,0.0,10.5,1.2000000000000002
2026-04-03,ALL,MAR27,0.00,+0.00,0.0,0.7000000000000001,0.0
2026-04-03,RET,MAR27,0.00,+0.00,0.0,0.7000000000000001,0.0
2026-04-03,ALL,DEC29,27399.75,+0.00,0.0,1.0,0.0
2026-04-03,RET,DEC29,27399.75,+0.00,0,0,0
2026-04-03,OPT,APR26,1.51,-,1220.6000000000004,-8399.400000000001,-91.39999999999999
2026-04-03,OPT,MAY26,3.94,-,84.0,-2513.0,3.0
2026-04-03,OPT,JUN26,6.16,-,136.0,-4484.0,-27.0
2026-04-03,OPT,JUL26,0.00,-,6.0,21.0,6.0
2026-04-03,OPT,SEP26,0.00,-,2.0,-959.0,0.0
2026-04-03,OPT,DEC26,0.00,-,8.0,-1097.0,6.0
2026-04-03,OPT,MAR27,0.00,-,0.0,35.0,0.0
2026-04-03,OPT,JUN27,0.00,-,0.0,5.0,0.0
2026-04-03,OPT,DEC27,0.00,-,0.0,237.0,0.0
2026-04-03,OPT,DEC28,0.00,-,0.0,915.0,0.0
2026-04-03,OPT,DEC29,0.00,-,0.0,-1.0,0.0
2026-04-06,ALL,JUN26,24358.50,+140.50,618056.9,255748.6,4244.6
2026-04-06,RET,JUN26,24358.50,+140.50,175963.90000000002,11153.6,167.60000000000002
2026-04-06,ALL,SEP26,24575.50,+141.25,1111.3,945.0,-9.6
2026-04-06,RET,SEP26,24575.50,+141.25,306.3,190.0,-1.6
2026-04-06,ALL,DEC26,24796.00,+141.00,2.8000000000000003,17.700000000000003,-7.200000000000001
2026-04-06,RET,DEC26,24796.00,+141.00,2.8000000000000003,9.700000000000001,-8.200000000000001
2026-04-06,ALL,MAR27,0.00,+0.00,0.0,0.8,0.1
2026-04-06,RET,MAR27,0.00,+0.00,0.0,0.8,0.1
2026-04-06,ALL,DEC29,27540.75,+141.00,0.0,1.0,0.0
2026-04-06,RET,DEC29,27540.75,+141.00,0,0,0
2026-04-06,OPT,APR26,1.18,-,19114.7,-9073.399999999994,-673.9999999999997
2026-04-06,OPT,MAY26,1.43,-,2432.0,-2798.0,-285.0
2026-04-06,OPT,JUN26,2.23,-,1818.0,-4463.0,21.0
2026-04-06,OPT,JUL26,0.67,-,35.0,25.0,4.0
2026-04-06,OPT,SEP26,0.22,-,241.0,-968.0,-9.0
2026-04-06,OPT,DEC26,1.15,-,86.0,-1093.0,4.0
2026-04-06,OPT,MAR27,0.00,-,1.0,34.0,-1.0
2026-04-06,OPT,JUN27,0.00,-,0.0,5.0,0.0
2026-04-06,OPT,DEC27,0.00,-,0.0,237.0,0.0
2026-04-06,OPT,DEC28,0.00,-,0.0,915.0,0.0
2026-04-06,OPT,DEC29,0.00,-,0.0,-1.0,0.0
2026-04-07,ALL,JUN26,24371.00,+12.50,821380.8,257822.2,2447.1
2026-04-07,RET,JUN26,24371.00,+12.50,245804.80000000002,11667.2,550.1
2026-04-07,ALL,SEP26,24589.25,+13.75,3844.7,920.8,-23.7
2026-04-07,RET,SEP26,24589.25,+13.75,422.70000000000005,187.8,-1.7000000000000002
2026-04-07,ALL,DEC26,24809.25,+13.25,11.4,17.4,-3.2
2026-04-07,RET,DEC26,24809.25,+13.25,3.4000000000000004,9.4,-3.2
2026-04-07,ALL,MAR27,0.00,+0.00,0.0,0.8,0.0
2026-04-07,RET,MAR27,0.00,+0.00,0.0,0.8,0.0
2026-04-07,ALL,DEC29,27554.00,+13.25,0.0,1.0,0.0
2026-04-07,RET,DEC29,27554.00,+13.25,0,0,0
2026-04-07,OPT,APR26,1.03,-,20454.899999999998,-9246.7,-176.29999999999995
2026-04-07,OPT,MAY26,0.87,-,2700.0,-2253.0,548.0
2026-04-07,OPT,JUN26,0.71,-,3483.0,-3408.0,1055.0
2026-04-07,OPT,JUL26,0.57,-,96.0,54.0,29.0
2026-04-07,OPT,SEP26,0.66,-,106.0,-1019.0,-51.0
2026-04-07,OPT,DEC26,4.60,-,28.0,-1092.0,1.0
2026-04-07,OPT,MAR27,1.50,-,5.0,35.0,1.0
2026-04-07,OPT,JUN27,0.00,-,0.0,5.0,0.0
2026-04-07,OPT,DEC27,0.00,-,0.0,237.0,0.0
2026-04-07,OPT,DEC28,0.00,-,0.0,915.0,0.0
2026-04-07,OPT,DEC29,0.00,-,0.0,-1.0,0.0
2026-04-08,ALL,JUN26,25074.25,+703.25,867948.7,263243.7,5519.5
2026-04-08,RET,JUN26,25074.25,+703.25,228322.7,12839.7,1168.5
2026-04-08,ALL,SEP26,25300.50,+711.25,1651.0,987.2,67.2
2026-04-08,RET,SEP26,25300.50,+711.25,413.0,206.20000000000002,18.2
2026-04-08,ALL,DEC26,25521.00,+711.75,2.2,19.5,3.2
2026-04-08,RET,DEC26,25521.00,+711.75,2.2,9.5,1.2000000000000002
2026-04-08,ALL,MAR27,0.00,+0.00,0.0,0.8,0.0
2026-04-08,RET,MAR27,0.00,+0.00,0.0,0.8,0.0
2026-04-08,ALL,DEC29,28265.75,+711.75,0.0,1.0,0.0
2026-04-08,RET,DEC29,28265.75,+711.75,0,0,0
2026-04-08,OPT,APR26,1.11,-,35763.0,-10081.100000000004,-834.4000000000004
2026-04-08,OPT,MAY26,1.14,-,7057.0,-2803.0,-550.0
2026-04-08,OPT,JUN26,2.04,-,7725.0,-3539.0,-131.0
2026-04-08,OPT,JUL26,0.81,-,96.0,59.0,5.0
2026-04-08,OPT,SEP26,0.93,-,3563.0,-1046.0,-27.0
2026-04-08,OPT,DEC26,2.44,-,210.0,-1096.0,-4.0
2026-04-08,OPT,MAR27,0.07,-,73.0,98.0,63.0
2026-04-08,OPT,JUN27,0.00,-,0.0,5.0,0.0
2026-04-08,OPT,DEC27,0.00,-,0.0,237.0,0.0
2026-04-08,OPT,DEC28,0.00,-,0.0,915.0,0.0
2026-04-08,OPT,DEC29,0.00,-,0.0,-1.0,0.0
2026-04-09,ALL,JUN26,25251.50,+177.25,688306.0,265732.2,3287.5
2026-04-09,RET,JUN26,25251.50,+177.25,175472.0,13967.2,1152.5
2026-04-09,ALL,SEP26,25479.25,+178.75,1264.6,1030.2,70.1
2026-04-09,RET,SEP26,25479.25,+178.75,233.60000000000002,218.20000000000002,12.100000000000001
2026-04-09,ALL,DEC26,25699.00,+178.00,11.1,19.200000000000003,-3.2
2026-04-09,RET,DEC26,25699.00,+178.00,1.1,9.200000000000001,-3.2
2026-04-09,ALL,MAR27,0.00,+0.00,0.0,0.8,0.0
2026-04-09,RET,MAR27,0.00,+0.00,0.0,0.8,0.0
2026-04-09,ALL,DEC29,28443.75,+178.00,0.0,1.0,0.0
2026-04-09,RET,DEC29,28443.75,+178.00,0,0,0
2026-04-09,OPT,APR26,1.20,-,24975.9,-10774.599999999999,-695.4999999999997
2026-04-09,OPT,MAY26,2.47,-,4280.0,-3909.0,-1106.0
2026-04-09,OPT,JUN26,3.41,-,2306.0,-3738.0,-199.0
2026-04-09,OPT,JUL26,0.14,-,117.0,114.0,55.0
2026-04-09,OPT,SEP26,28.64,-,1393.0,-1065.0,-19.0
2026-04-09,OPT,DEC26,5.11,-,171.0,-972.0,124.0
2026-04-09,OPT,MAR27,0.00,-,18.0,116.0,18.0
2026-04-09,OPT,JUN27,0.00,-,2.0,7.0,2.0
2026-04-09,OPT,DEC27,0.00,-,0.0,237.0,0.0
2026-04-09,OPT,DEC28,0.00,-,0.0,915.0,0.0
2026-04-09,OPT,DEC29,0.00,-,0.0,-1.0,0.0
2026-04-10,ALL,JUN26,25281.25,+29.75,581159.8,264920.0,-361.0
2026-04-10,RET,JUN26,25281.25,+29.75,152230.80000000002,14221.0,255.0
2026-04-10,ALL,SEP26,25509.75,+30.50,711.1,1026.3,-3.8000000000000007
2026-04-10,RET,SEP26,25509.75,+30.50,212.10000000000002,211.3,-6.800000000000001
2026-04-10,ALL,DEC26,25729.00,+30.00,0.7000000000000001,18.200000000000003,-1.0
2026-04-10,RET,DEC26,25729.00,+30.00,0.7000000000000001,9.200000000000001,0.0
2026-04-10,ALL,MAR27,0.00,+0.00,0.0,0.8,0.0
2026-04-10,RET,MAR27,0.00,+0.00,0.0,0.8,0.0
2026-04-10,ALL,DEC29,28473.75,+30.00,0.0,1.0,0.0
2026-04-10,RET,DEC29,28473.75,+30.00,0,0,0
2026-04-10,OPT,APR26,1.36,-,48199.00000000001,-10570.099999999995,204.49999999999852
2026-04-10,OPT,MAY26,0.98,-,5859.0,-3868.0,41.0
2026-04-10,OPT,JUN26,1.76,-,2738.0,-3636.0,99.0
2026-04-10,OPT,JUL26,2.45,-,114.0,83.0,-31.0
2026-04-10,OPT,SEP26,1.01,-,374.0,-1092.0,-27.0
2026-04-10,OPT,DEC26,0.88,-,207.0,-984.0,-12.0
2026-04-10,OPT,MAR27,2.50,-,7.0,111.0,-5.0
2026-04-10,OPT,JUN27,0.00,-,0.0,7.0,0.0
2026-04-10,OPT,DEC27,0.00,-,0.0,237.0,0.0
2026-04-10,OPT,DEC28,0.00,-,0.0,915.0,0.0
2026-04-10,OPT,DEC29,0.00,-,0.0,-1.0,0.0
2026-04-13,ALL,JUN26,25543.50,+262.25,680137.3,271300.9,7460.4
2026-04-13,RET,JUN26,25543.50,+262.25,173920.30000000002,15689.900000000001,1454.4
2026-04-13,ALL,SEP26,25775.25,+265.50,1290.8,1060.0,33.6
2026-04-13,RET,SEP26,25775.25,+265.50,306.8,233.0,21.6
2026-04-13,ALL,DEC26,25994.00,+265.00,4.6000000000000005,18.9,-2.2
2026-04-13,RET,DEC26,25994.00,+265.00,4.6000000000000005,8.9,-3.2
2026-04-13,ALL,MAR27,0.00,+0.00,0.0,0.7000000000000001,-0.1
2026-04-13,RET,MAR27,0.00,+0.00,0.0,0.7000000000000001,-0.1
2026-04-13,ALL,DEC29,28738.75,+265.00,0.0,1.0,0.0
2026-04-13,RET,DEC29,28738.75,+265.00,0,0,0
2026-04-13,OPT,APR26,1.46,-,17298.200000000004,-11303.100000000002,-733.0
2026-04-13,OPT,MAY26,2.09,-,4618.0,-4721.0,-853.0
2026-04-13,OPT,JUN26,1.20,-,3782.0,-3573.0,63.0
2026-04-13,OPT,JUL26,0.94,-,64.0,96.0,13.0
2026-04-13,OPT,SEP26,0.48,-,255.0,-1039.0,53.0
2026-04-13,OPT,DEC26,3.88,-,415.0,-851.0,133.0
2026-04-13,OPT,MAR27,0.00,-,2.0,111.0,0.0
2026-04-13,OPT,JUN27,0.00,-,0.0,7.0,0.0
2026-04-13,OPT,DEC27,0.00,-,0.0,237.0,0.0
2026-04-13,OPT,DEC28,0.00,-,0.0,915.0,0.0
2026-04-13,OPT,DEC29,0.00,-,0.0,-1.0,0.0
2026-04-14,ALL,JUN26,25996.75,+453.25,626045.8,276034.7,5773.6
2026-04-14,RET,JUN26,25996.75,+453.25,149946.80000000002,16088.7,680.6
2026-04-14,ALL,SEP26,26233.50,+458.25,893.2,1077.9,17.9
2026-04-14,RET,SEP26,26233.50,+458.25,290.2,233.9,0.9
2026-04-14,ALL,DEC26,26452.00,+458.00,22.5,21.6,27.200000000000003
2026-04-14,RET,DEC26,26452.00,+458.00,12.5,11.600000000000001,27.200000000000003
2026-04-14,ALL,MAR27,0.00,+0.00,0.0,0.7000000000000001,0.0
2026-04-14,RET,MAR27,0.00,+0.00,0.0,0.7000000000000001,0.0
2026-04-14,ALL,DEC29,29196.75,+458.00,0.0,1.0,0.0
2026-04-14,RET,DEC29,29196.75,+458.00,0,0,0
2026-04-14,OPT,APR26,1.23,-,24470.2,-14529.900000000001,-3223.7999999999997
2026-04-14,OPT,MAY26,2.01,-,10781.0,-6774.0,-2053.0
2026-04-14,OPT,JUN26,1.71,-,5916.0,-3799.0,-228.0
2026-04-14,OPT,JUL26,1.32,-,573.0,139.0,43.0
2026-04-14,OPT,SEP26,1.15,-,4170.0,-1094.0,-55.0
2026-04-14,OPT,DEC26,1.93,-,516.0,-1139.0,-288.0
2026-04-14,OPT,MAR27,0.67,-,5.0,111.0,0.0
2026-04-14,OPT,JUN27,0.00,-,3.0,10.0,3.0
2026-04-14,OPT,DEC27,0.00,-,0.0,237.0,0.0
2026-04-14,OPT,DEC28,0.00,-,0.0,915.0,0.0
2026-04-14,OPT,DEC29,0.00,-,0.0,-1.0,0.0
2026-04-15,ALL,JUN26,26365.50,+368.75,681136.6,280098.6,4667.9
2026-04-15,RET,JUN26,26365.50,+368.75,161079.6,16425.600000000002,336.90000000000003
2026-04-15,ALL,SEP26,26606.75,+373.25,1099.6,1175.0,96.9
2026-04-15,RET,SEP26,26606.75,+373.25,374.6,254.0,19.900000000000002
2026-04-15,ALL,DEC26,26825.00,+373.00,17.3,29.4,33.2
2026-04-15,RET,DEC26,26825.00,+373.00,7.300000000000001,14.4,28.200000000000003
2026-04-15,ALL,MAR27,0.00,+0.00,0.0,0.7000000000000001,0.0
2026-04-15,RET,MAR27,0.00,+0.00,0.0,0.7000000000000001,0.0
2026-04-15,ALL,DEC29,29569.75,+373.00,0.0,1.0,0.0
2026-04-15,RET,DEC29,29569.75,+373.00,0,0,0
2026-04-15,OPT,APR26,1.03,-,24495.9,-14946.199999999999,-406.19999999999993
2026-04-15,OPT,MAY26,0.79,-,7653.6,-6330.4,443.5999999999999
2026-04-15,OPT,JUN26,0.71,-,5749.0,-4432.0,-636.0
2026-04-15,OPT,JUL26,0.94,-,653.0,6.0,-133.0
2026-04-15,OPT,SEP26,1.95,-,1316.0,-1667.0,-573.0
2026-04-15,OPT,DEC26,6.83,-,1120.0,-1575.0,-436.0
2026-04-15,OPT,MAR27,0.00,-,0.0,111.0,0.0
2026-04-15,OPT,JUN27,0.00,-,0.0,10.0,0.0
2026-04-15,OPT,DEC27,0.00,-,0.0,237.0,0.0
2026-04-15,OPT,DEC28,0.00,-,0.0,915.0,0.0
2026-04-15,OPT,DEC29,0.00,-,0.0,-1.0,0.0
2026-04-16,ALL,JUN26,26487.25,+121.75,775604.4,280703.6,996.4000000000001
2026-04-16,RET,JUN26,26487.25,+121.75,187862.40000000002,17630.600000000002,1208.4
2026-04-16,ALL,SEP26,26728.75,+122.00,932.1,1274.6,99.6
2026-04-16,RET,SEP26,26728.75,+122.00,301.1,278.6,24.6
2026-04-16,ALL,DEC26,26947.00,+122.00,14.5,34.900000000000006,37.2
2026-04-16,RET,DEC26,26947.00,+122.00,6.5,17.900000000000002,35.2
2026-04-16,ALL,MAR27,0.00,+0.00,0.0,0.7000000000000001,0.0
2026-04-16,RET,MAR27,0.00,+0.00,0.0,0.7000000000000001,0.0
2026-04-16,ALL,DEC29,29691.75,+122.00,0.0,1.0,0.0
2026-04-16,RET,DEC29,29691.75,+122.00,0,0,0
2026-04-16,OPT,APR26,0.95,-,31771.9,-16552.1,-1610.8999999999996
2026-04-16,OPT,MAY26,0.39,-,8473.1,-4986.9000000000015,1343.5
2026-04-16,OPT,JUN26,0.72,-,6187.0,-4913.0,-481.0
2026-04-16,OPT,JUL26,2.66,-,216.0,-55.0,-61.0
2026-04-16,OPT,AUG26,0.00,-,10.0,10.0,10.0
2026-04-16,OPT,SEP26,1.00,-,3020.0,-1209.0,458.0
2026-04-16,OPT,DEC26,0.44,-,127.0,-1598.0,-22.0
2026-04-16,OPT,MAR27,4.67,-,17.0,99.0,-12.0
2026-04-16,OPT,JUN27,0.00,-,0.0,10.0,0.0
2026-04-16,OPT,DEC27,0.00,-,0.0,237.0,0.0
2026-04-16,OPT,DEC28,0.00,-,0.0,915.0,0.0
2026-04-16,OPT,DEC29,0.00,-,0.0,-1.0,0.0
2026-04-17,ALL,JUN26,26825.50,+338.25,786292.7,282757.8,2451.8
2026-04-17,RET,JUN26,26825.50,+338.25,190230.7,19055.8,1426.8000000000002
2026-04-17,ALL,SEP26,27068.00,+339.25,1120.0,1309.6,34.6
2026-04-17,RET,SEP26,27068.00,+339.25,453.0,298.6,19.6
2026-04-17,ALL,DEC26,27286.00,+339.00,6.6000000000000005,37.5,2.6
2026-04-17,RET,DEC26,27286.00,+339.00,6.6000000000000005,21.5,3.6
2026-04-17,ALL,MAR27,0.00,+0.00,0.0,0.7000000000000001,0.0
2026-04-17,RET,MAR27,0.00,+0.00,0.0,0.7000000000000001,0.0
2026-04-17,ALL,DEC29,30030.75,+339.00,0.0,1.0,0.0
2026-04-17,RET,DEC29,30030.75,+339.00,0,0,0
2026-04-17,OPT,APR26,1.05,-,59673.4,-7855.099999999999,8697.0
2026-04-17,OPT,MAY26,0.93,-,13344.3,-5794.9,-812.3999999999999
2026-04-17,OPT,JUN26,1.06,-,6050.0,-5109.0,-194.0
2026-04-17,OPT,JUL26,4.20,-,130.0,-119.0,-64.0
2026-04-17,OPT,AUG26,1.12,-,34.0,4.0,-6.0
2026-04-17,OPT,SEP26,0.61,-,2700.0,-1267.0,-58.0
2026-04-17,OPT,DEC26,5.61,-,304.0,-1745.0,-149.0
2026-04-17,OPT,MAR27,0.04,-,255.0,331.0,232.0
2026-04-17,OPT,JUN27,0.00,-,0.0,10.0,0.0
2026-04-17,OPT,DEC27,0.00,-,0.0,237.0,0.0
2026-04-17,OPT,DEC28,0.00,-,0.0,915.0,0.0
2026-04-17,OPT,DEC29,0.00,-,0.0,-1.0,0.0
2026-04-20,ALL,JUN26,26748.75,-76.75,665032.5,290992.6,8334.5
2026-04-20,RET,JUN26,26748.75,-76.75,170552.5,20791.600000000002,1730.5
2026-04-20,ALL,SEP26,26991.50,-76.50,792.9,1290.3,-19.200000000000003
2026-04-20,RET,SEP26,26991.50,-76.50,201.9,289.3,-9.200000000000001
2026-04-20,ALL,DEC26,27209.50,-76.50,26.6,34.7,-2.8000000000000003
2026-04-20,RET,DEC26,27209.50,-76.50,10.600000000000001,18.7,-2.8000000000000003
2026-04-20,ALL,MAR27,0.00,+0.00,0.0,0.6000000000000001,0.0
2026-04-20,RET,MAR27,0.00,+0.00,0.0,0.6000000000000001,0.0
2026-04-20,ALL,DEC29,29954.25,-76.50,0.0,1.0,0.0
2026-04-20,RET,DEC29,29954.25,-76.50,0,0,0
2026-04-20,OPT,APR26,1.08,-,25272.199999999997,-7712.799999999998,141.19999999999953
2026-04-20,OPT,MAY26,1.62,-,6000.3,-6589.200000000001,-794.3
2026-04-20,OPT,JUN26,0.34,-,4743.0,-4614.0,475.0
2026-04-20,OPT,JUL26,0.73,-,140.0,-116.0,3.0
2026-04-20,OPT,AUG26,7.00,-,40.0,-25.0,-29.0
2026-04-20,OPT,SEP26,1.23,-,777.0,-1527.0,-261.0
2026-04-20,OPT,DEC26,1.52,-,58.0,-1765.0,-20.0
2026-04-20,OPT,MAR27,17.00,-,18.0,315.0,-16.0
2026-04-20,OPT,JUN27,0.00,-,0.0,10.0,0.0
2026-04-20,OPT,DEC27,0.00,-,0.0,237.0,0.0
2026-04-20,OPT,DEC28,0.00,-,0.0,915.0,0.0
2026-04-20,OPT,DEC29,0.00,-,0.0,-1.0,0.0
2026-04-21,ALL,JUN26,26634.75,-114.00,820502.6,288856.7,-2001.3999999999999
2026-04-21,RET,JUN26,26634.75,-114.00,210936.6,22283.7,1495.6000000000001
2026-04-21,ALL,SEP26,26878.25,-113.25,862.8,1369.8,93.2
2026-04-21,RET,SEP26,26878.25,-113.25,231.8,290.8,15.200000000000001
2026-04-21,ALL,DEC26,27096.00,-113.50,18.9,35.0,0.30000000000000004
2026-04-21,RET,DEC26,27096.00,-113.50,2.9000000000000004,19.0,0.30000000000000004
2026-04-21,ALL,MAR27,0.00,+0.00,0.0,0.6000000000000001,0.0
2026-04-21,RET,MAR27,0.00,+0.00,0.0,0.6000000000000001,0.0
2026-04-21,ALL,DEC29,29840.75,-113.50,0.0,1.0,0.0
2026-04-21,RET,DEC29,29840.75,-113.50,0,0,0
2026-04-21,OPT,APR26,1.44,-,14160.1,-8987.899999999998,-1275.1
2026-04-21,OPT,MAY26,1.86,-,5883.599999999999,-7474.000000000002,-891.1999999999999
2026-04-21,OPT,JUN26,0.69,-,3971.0,-4206.0,408.0
2026-04-21,OPT,JUL26,1.38,-,243.0,-185.0,-69.0
2026-04-21,OPT,AUG26,6.57,-,53.0,-62.0,-37.0
2026-04-21,OPT,SEP26,1.07,-,859.0,-1418.0,109.0
2026-04-21,OPT,DEC26,0.61,-,122.0,-1756.0,9.0
2026-04-21,OPT,MAR27,0.00,-,12.0,304.0,-11.0
2026-04-21,OPT,JUN27,0.00,-,0.0,10.0,0.0
2026-04-21,OPT,DEC27,0.00,-,0.0,237.0,0.0
2026-04-21,OPT,DEC28,0.00,-,0.0,915.0,0.0
2026-04-21,OPT,DEC29,0.00,-,0.0,-1.0,0.0
2026-04-22,ALL,JUN26,27083.00,+448.25,670046.9,292904.1,4043.9
2026-04-22,RET,JUN26,27083.00,+448.25,161029.90000000002,22789.100000000002,503.90000000000003
2026-04-22,ALL,SEP26,27328.50,+450.25,903.5,1405.4,86.3
2026-04-22,RET,SEP26,27328.50,+450.25,237.5,301.40000000000003,10.3
2026-04-22,ALL,DEC26,27546.00,+450.00,9.0,42.3,7.300000000000001
2026-04-22,RET,DEC26,27546.00,+450.00,9.0,25.3,6.300000000000001
2026-04-22,ALL,MAR27,0.00,+0.00,0.0,0.6000000000000001,0.0
2026-04-22,RET,MAR27,0.00,+0.00,0.0,0.6000000000000001,0.0
2026-04-22,ALL,DEC29,30290.75,+450.00,0.0,1.0,0.0
2026-04-22,RET,DEC29,30290.75,+450.00,0,0,0
2026-04-22,OPT,APR26,1.37,-,13779.7,-9771.900000000001,-828.1000000000001
2026-04-22,OPT,MAY26,1.70,-,9071.4,-9207.300000000001,-1732.6
2026-04-22,OPT,JUN26,0.93,-,7523.0,-3507.0,699.0
2026-04-22,OPT,JUL26,0.93,-,372.0,-270.0,-85.0
2026-04-22,OPT,AUG26,1.00,-,28.0,-68.0,-6.0
2026-04-22,OPT,SEP26,1.18,-,1101.0,-1244.0,174.0
2026-04-22,OPT,DEC26,0.97,-,122.0,-1759.0,-3.0
2026-04-22,OPT,MAR27,0.00,-,10.0,314.0,10.0
2026-04-22,OPT,JUN27,0.00,-,0.0,10.0,0.0
2026-04-22,OPT,DEC27,0.00,-,0.0,237.0,0.0
2026-04-22,OPT,DEC28,0.00,-,0.0,915.0,0.0
2026-04-22,OPT,DEC29,0.00,-,0.0,-1.0,0.0
2026-04-23,ALL,JUN26,26934.00,-149.00,873276.0,292591.3,-46.799999999999955
2026-04-23,RET,JUN26,26934.00,-149.00,230181.0,23202.300000000003,402.20000000000005
2026-04-23,ALL,SEP26,27178.50,-150.00,1218.0,1501.7,97.1
2026-04-23,RET,SEP26,27178.50,-150.00,387.0,299.7,-0.9
2026-04-23,ALL,DEC26,27396.50,-149.50,18.700000000000003,35.7,-6.6000000000000005
2026-04-23,RET,DEC26,27396.50,-149.50,12.700000000000001,18.7,-6.6000000000000005
2026-04-23,ALL,MAR27,0.00,+0.00,0.0,0.6000000000000001,0.0
2026-04-23,RET,MAR27,0.00,+0.00,0.0,0.6000000000000001,0.0
2026-04-23,ALL,DEC29,30141.25,-149.50,0.0,1.0,0.0
2026-04-23,RET,DEC29,30141.25,-149.50,0,0,0
2026-04-23,OPT,APR26,1.21,-,26583.100000000002,-11002.700000000006,-1230.800000000001
2026-04-23,OPT,MAY26,1.34,-,8745.8,-9831.9,-624.6
2026-04-23,OPT,JUN26,0.66,-,5140.0,-3296.0,211.0
2026-04-23,OPT,JUL26,11.83,-,77.0,-284.0,-14.0
2026-04-23,OPT,AUG26,8.53,-,143.0,-179.0,-111.0
2026-04-23,OPT,SEP26,0.93,-,3347.0,-1679.0,-435.0
2026-04-23,OPT,DEC26,1.92,-,114.0,-1738.0,21.0
2026-04-23,OPT,MAR27,0.00,-,5.0,310.0,-4.0
2026-04-23,OPT,JUN27,0.00,-,0.0,10.0,0.0
2026-04-23,OPT,DEC27,0.00,-,0.0,237.0,0.0
2026-04-23,OPT,DEC28,0.00,-,0.0,915.0,0.0
2026-04-23,OPT,DEC29,0.00,-,0.0,-1.0,0.0
2026-04-24,ALL,JUN26,27435.00,+501.00,729483.2,301041.9,9167.7
2026-04-24,RET,JUN26,27435.00,+501.00,187603.2,24331.9,1131.7
2026-04-24,ALL,SEP26,27684.00,+505.50,1171.2,1592.5,346.2
2026-04-24,RET,SEP26,27684.00,+505.50,349.20000000000005,325.5,256.2
2026-04-24,ALL,DEC26,27900.50,+504.00,11.0,40.0,4.3
2026-04-24,RET,DEC26,27900.50,+504.00,4.0,19.0,0.30000000000000004
2026-04-24,ALL,MAR27,0.00,+0.00,0.0,0.7000000000000001,1.2000000000000002
2026-04-24,RET,MAR27,0.00,+0.00,0.0,0.7000000000000001,1.2000000000000002
2026-04-24,ALL,JUN27,28352.50,+0.00,0.0,1.0,1.0
2026-04-24,RET,JUN27,28352.50,+0.00,0,0,0
2026-04-24,ALL,DEC29,30645.25,+504.00,0.0,1.0,0.0
2026-04-24,RET,DEC29,30645.25,+504.00,0,0,0
2026-04-24,OPT,APR26,1.11,-,55527.20000000001,-5281.199999999999,5784.1
2026-04-24,OPT,MAY26,1.42,-,13120.200000000003,-10968.9,-1136.9999999999998
2026-04-24,OPT,JUN26,0.63,-,9962.0,-3174.0,122.0
2026-04-24,OPT,JUL26,2.58,-,583.0,-354.0,-70.0
2026-04-24,OPT,AUG26,6.67,-,69.0,-228.0,-49.0
2026-04-24,OPT,SEP26,0.54,-,3081.0,-2419.0,-740.0
2026-04-24,OPT,DEC26,0.10,-,997.0,-902.0,836.0
2026-04-24,OPT,MAR27,4.00,-,5.0,307.0,-3.0
2026-04-24,OPT,JUN27,0.00,-,0.0,10.0,0.0
2026-04-24,OPT,DEC27,0.00,-,0.0,237.0,0.0
2026-04-24,OPT,DEC28,0.00,-,0.0,915.0,0.0
2026-04-24,OPT,DEC29,0.00,-,0.0,-1.0,0.0
2026-04-27,ALL,JUN26,27440.50,+5.50,603722.6,299683.1,-40.89999999999998
2026-04-27,RET,JUN26,27440.50,+5.50,160634.6,25194.100000000002,878.1
2026-04-27,ALL,SEP26,27689.50,+5.50,844.4,1630.5,77.2
2026-04-27,RET,SEP26,27689.50,+5.50,207.4,329.5,43.2
2026-04-27,ALL,DEC26,27906.00,+5.50,24.1,41.400000000000006,1.4000000000000001
2026-04-27,RET,DEC26,27906.00,+5.50,3.1,20.400000000000002,1.4000000000000001
2026-04-27,ALL,MAR27,0.00,+0.00,0.0,0.7000000000000001,0.0
2026-04-27,RET,MAR27,0.00,+0.00,0.0,0.7000000000000001,0.0
2026-04-27,ALL,JUN27,28358.00,+5.50,0.0,1.0,0.0
2026-04-27,RET,JUN27,28358.00,+5.50,0,0,0
2026-04-27,ALL,DEC29,30650.75,+5.50,0.0,1.0,0.0
2026-04-27,RET,DEC29,30650.75,+5.50,0,0,0
2026-04-27,OPT,APR26,0.91,-,10539.100000000002,-4946.199999999999,228.0999999999999
2026-04-27,OPT,MAY26,1.67,-,8884.4,-12813.700000000003,-1844.8000000000002
2026-04-27,OPT,JUN26,0.42,-,5631.0,-3741.0,-568.0
2026-04-27,OPT,JUL26,0.40,-,179.0,-316.0,38.0
2026-04-27,OPT,AUG26,15.00,-,48.0,-261.0,-33.0
2026-04-27,OPT,SEP26,1.76,-,1719.0,-2029.0,390.0
2026-04-27,OPT,DEC26,1.50,-,1057.0,-759.0,143.0
2026-04-27,OPT,MAR27,3.62,-,60.0,314.0,7.0
2026-04-27,OPT,JUN27,0.00,-,0.0,10.0,0.0
2026-04-27,OPT,DEC27,0.00,-,0.0,237.0,0.0
2026-04-27,OPT,DEC28,0.00,-,0.0,915.0,0.0
2026-04-27,OPT,DEC29,0.00,-,0.0,-1.0,0.0
2026-04-28,ALL,JUN26,27168.75,-271.75,805467.3,302005.8,3245.0
2026-04-28,RET,JUN26,27168.75,-271.75,204354.30000000002,26106.800000000003,904.0
2026-04-28,ALL,SEP26,27416.75,-272.75,950.1,1683.2,44.8
2026-04-28,RET,SEP26,27416.75,-272.75,267.1,329.20000000000005,-8.200000000000001
2026-04-28,ALL,DEC26,27634.00,-272.00,23.0,41.2,-0.2
2026-04-28,RET,DEC26,27634.00,-272.00,2.0,20.200000000000003,-0.2
2026-04-28,ALL,MAR27,0.00,+0.00,0.0,0.6000000000000001,-1.2000000000000002
2026-04-28,RET,MAR27,0.00,+0.00,0.0,0.6000000000000001,-1.2000000000000002
2026-04-28,ALL,JUN27,28086.00,-272.00,0.0,1.0,0.0
2026-04-28,RET,JUN27,28086.00,-272.00,0,0,0
2026-04-28,ALL,DEC29,30378.75,-272.00,0.0,1.0,0.0
2026-04-28,RET,DEC29,30378.75,-272.00,0,0,0
2026-04-28,OPT,APR26,0.89,-,10487.9,-4098.799999999999,917.3999999999999
2026-04-28,OPT,MAY26,0.96,-,11591.199999999999,-13041.1,-198.39999999999998
2026-04-28,OPT,JUN26,0.22,-,10558.0,-4974.0,-1233.0
2026-04-28,OPT,JUL26,2.71,-,178.0,-323.0,-7.0
2026-04-28,OPT,AUG26,0.46,-,105.0,-210.0,51.0
2026-04-28,OPT,SEP26,1.97,-,718.0,-2210.0,-181.0
2026-04-28,OPT,DEC26,3.71,-,325.0,-781.0,-22.0
2026-04-28,OPT,MAR27,0.08,-,195.0,487.0,173.0
2026-04-28,OPT,JUN27,0.00,-,0.0,10.0,0.0
2026-04-28,OPT,DEC27,0.00,-,0.0,237.0,0.0
2026-04-28,OPT,DEC28,0.00,-,0.0,915.0,0.0
2026-04-28,OPT,DEC29,0.00,-,0.0,-1.0,0.0
2026-04-29,ALL,JUN26,27325.25,+156.50,692066.4,299711.8,-991.4
2026-04-29,RET,JUN26,27325.25,+156.50,175817.40000000002,25904.800000000003,-212.4
2026-04-29,ALL,SEP26,27573.00,+156.25,1219.3,1787.9,192.2
2026-04-29,RET,SEP26,27573.00,+156.25,306.3,338.90000000000003,97.2
2026-04-29,ALL,DEC26,27790.25,+156.25,3.6,43.5,2.3
2026-04-29,RET,DEC26,27790.25,+156.25,3.6,21.5,1.3
2026-04-29,ALL,MAR27,0.00,+0.00,0.0,0.6000000000000001,0.0
2026-04-29,RET,MAR27,0.00,+0.00,0.0,0.6000000000000001,0.0
2026-04-29,ALL,JUN27,28242.25,+156.25,0.0,1.0,0.0
2026-04-29,RET,JUN27,28242.25,+156.25,0,0,0
2026-04-29,ALL,DEC29,30535.00,+156.25,0.0,1.0,0.0
2026-04-29,RET,DEC29,30535.00,+156.25,0,0,0
2026-04-29,OPT,APR26,0.97,-,18296.4,-5171.0,-1072.1999999999998
2026-04-29,OPT,MAY26,1.31,-,13795.300000000001,-14422.200000000003,-1381.1
2026-04-29,OPT,JUN26,0.72,-,6400.0,-5563.0,-588.0
2026-04-29,OPT,JUL26,5.93,-,873.0,-558.0,-235.0
2026-04-29,OPT,AUG26,7.31,-,133.0,-302.0,-92.0
2026-04-29,OPT,SEP26,0.57,-,1167.0,-1871.0,339.0
2026-04-29,OPT,DEC26,0.62,-,696.0,-421.0,360.0
2026-04-29,OPT,MAR27,0.00,-,5.0,482.0,-5.0
2026-04-29,OPT,JUN27,0.00,-,0.0,10.0,0.0
2026-04-29,OPT,DEC27,0.00,-,0.0,237.0,0.0
2026-04-29,OPT,DEC28,0.00,-,0.0,915.0,0.0
2026-04-29,OPT,DEC29,0.00,-,0.0,-1.0,0.0
2026-04-30,ALL,JUN26,27596.00,+270.75,930845.3,303104.6,4383.8
2026-04-30,RET,JUN26,27596.00,+270.75,230874.30000000002,26442.600000000002,558.8000000000001
2026-04-30,ALL,SEP26,27846.00,+273.00,1779.1,1798.1,10.3
2026-04-30,RET,SEP26,27846.00,+273.00,401.1,357.1,18.3
2026-04-30,ALL,DEC26,28063.25,+273.00,5.5,44.400000000000006,1.0
2026-04-30,RET,DEC26,28063.25,+273.00,5.5,23.400000000000002,2.0
2026-04-30,ALL,MAR27,0.00,+0.00,0.0,0.6000000000000001,0.0
2026-04-30,RET,MAR27,0.00,+0.00,0.0,0.6000000000000001,0.0
2026-04-30,ALL,JUN27,28515.25,+273.00,0.0,1.0,0.0
2026-04-30,RET,JUN27,28515.25,+273.00,0,0,0
2026-04-30,ALL,DEC29,30808.00,+273.00,0.0,1.0,0.0
2026-04-30,RET,DEC29,30808.00,+273.00,0,0,0
2026-04-30,OPT,APR26,0.87,-,51621.0,0.0,5170.0
2026-04-30,OPT,MAY26,1.34,-,33101.2,-16240.8,-1818.6
2026-04-30,OPT,JUN26,0.55,-,8285.0,-4622.0,940.0
2026-04-30,OPT,JUL26,2.39,-,796.0,-864.0,-306.0
2026-04-30,OPT,AUG26,2.16,-,215.0,-303.0,-1.0
2026-04-30,OPT,SEP26,0.74,-,1046.0,-1801.0,70.0
2026-04-30,OPT,DEC26,1.49,-,132.0,-394.0,27.0
2026-04-30,OPT,MAR27,0.50,-,9.0,487.0,5.0
2026-04-30,OPT,JUN27,0.00,-,0.0,10.0,0.0
2026-04-30,OPT,DEC27,0.00,-,0.0,237.0,0.0
2026-04-30,OPT,DEC28,0.00,-,0.0,915.0,0.0
2026-04-30,OPT,DEC29,0.00,-,0.0,-1.0,0.0
2026-05-01,ALL,JUN26,27835.75,+239.75,680462.0,305506.3,3902.1
2026-05-01,RET,JUN26,27835.75,+239.75,171896.0,26490.300000000003,53.1
2026-05-01,ALL,SEP26,28087.50,+241.50,1732.2,1765.7,72.2
2026-05-01,RET,SEP26,28087.50,+241.50,276.2,368.70000000000005,116.2
2026-05-01,ALL,DEC26,28304.50,+241.25,12.8,45.6,1.2000000000000002
2026-05-01,RET,DEC26,28304.50,+241.25,6.800000000000001,24.6,1.2000000000000002
2026-05-01,ALL,MAR27,0.00,+0.00,0.0,0.6000000000000001,0.0
2026-05-01,RET,MAR27,0.00,+0.00,0.0,0.6000000000000001,0.0
2026-05-01,ALL,JUN27,28756.50,+241.25,0.0,1.0,0.0
2026-05-01,RET,JUN27,28756.50,+241.25,0,0,0
2026-05-01,ALL,DEC29,31049.25,+241.25,0.0,1.0,0.0
2026-05-01,RET,DEC29,31049.25,+241.25,0,0,0
2026-05-01,OPT,MAY26,1.21,-,59633.8,-12936.699999999999,3304.0999999999985
2026-05-01,OPT,JUN26,1.98,-,5779.0,-4935.0,-293.0
2026-05-01,OPT,JUL26,3.68,-,786.0,-1081.0,-217.0
2026-05-01,OPT,AUG26,0.20,-,100.0,-245.0,58.0
2026-05-01,OPT,SEP26,2.35,-,1041.0,-2278.0,-477.0
2026-05-01,OPT,DEC26,18.12,-,497.0,-726.0,-332.0
2026-05-01,OPT,MAR27,1.00,-,162.0,492.0,5.0
2026-05-01,OPT,JUN27,0.00,-,1.0,11.0,1.0
2026-05-01,OPT,DEC27,0.00,-,0.0,237.0,0.0
2026-05-01,OPT,DEC28,0.00,-,0.0,915.0,0.0
2026-05-01,OPT,DEC29,0.00,-,0.0,-1.0,0.0
2026-05-04,ALL,JUN26,27776.00,-59.75,776313.6,307749.2,3680.0
2026-05-04,RET,JUN26,27776.00,-59.75,201869.6,27129.2,652.0
2026-05-04,ALL,SEP26,28026.50,-61.00,1145.1,1794.5,28.9
2026-05-04,RET,SEP26,28026.50,-61.00,321.1,357.5,-11.100000000000001
2026-05-04,ALL,DEC26,28243.00,-61.50,11.6,46.2,-3.2
2026-05-04,RET,DEC26,28243.00,-61.50,2.6,24.200000000000003,-4.2
2026-05-04,ALL,MAR27,0.00,+0.00,0.0,0.6000000000000001,0.0
2026-05-04,RET,MAR27,0.00,+0.00,0.0,0.6000000000000001,0.0
2026-05-04,ALL,JUN27,28695.00,-61.50,0.0,1.0,0.0
2026-05-04,RET,JUN27,28695.00,-61.50,0,0,0
2026-05-04,ALL,DEC29,30987.75,-61.50,0.0,1.0,0.0
2026-05-04,RET,DEC29,30987.75,-61.50,0,0,0
2026-05-04,OPT,MAY26,1.65,-,19907.499999999996,-15238.5,-2301.8
2026-05-04,OPT,JUN26,1.35,-,5760.0,-6145.0,-1210.0
2026-05-04,OPT,JUL26,7.57,-,377.0,-1170.0,-89.0
2026-05-04,OPT,AUG26,2.69,-,96.0,-284.0,-39.0
2026-05-04,OPT,SEP26,0.99,-,3223.0,-2587.0,-309.0
2026-05-04,OPT,DEC26,5.37,-,261.0,-881.0,-155.0
2026-05-04,OPT,MAR27,0.00,-,363.0,457.0,-35.0
2026-05-04,OPT,JUN27,0.00,-,0.0,11.0,0.0
2026-05-04,OPT,DEC27,0.00,-,0.0,237.0,0.0
2026-05-04,OPT,DEC28,0.00,-,0.0,915.0,0.0
2026-05-04,OPT,DEC29,0.00,-,0.0,-1.0,0.0
2026-05-05,ALL,JUN26,28136.00,+360.00,595747.7,315583.2,9051.9
2026-05-05,RET,JUN26,28136.00,+360.00,145863.7,27362.2,233.9
2026-05-05,ALL,SEP26,28390.00,+363.50,1423.0,2104.9,310.0
2026-05-05,RET,SEP26,28390.00,+363.50,410.0,372.90000000000003,15.0
2026-05-05,ALL,DEC26,28630.00,+387.00,15.7,52.0,5.8
2026-05-05,RET,DEC26,28630.00,+387.00,4.7,25.0,0.8
2026-05-05,ALL,MAR27,0.00,+0.00,0.0,0.6000000000000001,0.0
2026-05-05,RET,MAR27,0.00,+0.00,0.0,0.6000000000000001,0.0
2026-05-05,ALL,JUN27,29082.00,+387.00,0.0,1.0,0.0
2026-05-05,RET,JUN27,29082.00,+387.00,0,0,0
2026-05-05,ALL,DEC29,31374.75,+387.00,0.0,1.0,0.0
2026-05-05,RET,DEC29,31374.75,+387.00,0,0,0
2026-05-05,OPT,MAY26,1.71,-,18616.3,-17049.6,-1811.1
2026-05-05,OPT,JUN26,1.63,-,5809.0,-6874.0,-775.0
2026-05-05,OPT,JUL26,2.44,-,2152.0,-1389.0,-219.0
2026-05-05,OPT,AUG26,3.79,-,206.0,-379.0,-95.0
2026-05-05,OPT,SEP26,1.61,-,878.0,-2557.0,30.0
2026-05-05,OPT,DEC26,7.58,-,549.0,-760.0,121.0
2026-05-05,OPT,MAR27,0.10,-,44.0,494.0,37.0
2026-05-05,OPT,JUN27,0.00,-,0.0,11.0,0.0
2026-05-05,OPT,DEC27,0.00,-,0.0,237.0,0.0
2026-05-05,OPT,DEC28,0.00,-,0.0,915.0,0.0
2026-05-05,OPT,DEC29,0.00,-,0.0,-1.0,0.0
2026-05-06,ALL,JUN26,28716.75,+580.75,833228.2,317853.2,4591.4
2026-05-06,RET,JUN26,28716.75,+580.75,197178.2,28310.2,944.4000000000001
2026-05-06,ALL,SEP26,28974.25,+584.25,1931.4,2238.4,133.9
2026-05-06,RET,SEP26,28974.25,+584.25,610.4,366.40000000000003,-6.1000000000000005
2026-05-06,ALL,DEC26,29226.00,+596.00,17.2,57.6,11.2
2026-05-06,RET,DEC26,29226.00,+596.00,7.2,25.6,6.2
2026-05-06,ALL,MAR27,0.00,+0.00,0.0,0.6000000000000001,0.0
2026-05-06,RET,MAR27,0.00,+0.00,0.0,0.6000000000000001,0.0
2026-05-06,ALL,JUN27,29678.00,+596.00,0.0,1.0,0.0
2026-05-06,RET,JUN27,29678.00,+596.00,0,0,0
2026-05-06,ALL,DEC29,31970.75,+596.00,0.0,1.0,0.0
2026-05-06,RET,DEC29,31970.75,+596.00,0,0,0
2026-05-06,OPT,MAY26,1.11,-,55436.9,-18844.4,-1794.8999999999996
2026-05-06,OPT,JUN26,1.41,-,13292.0,-8119.0,-1245.0
2026-05-06,OPT,JUL26,1.66,-,1809.0,-1532.0,-143.0
2026-05-06,OPT,AUG26,1.96,-,329.0,-420.0,-41.0
2026-05-06,OPT,SEP26,1.85,-,5225.0,-2861.0,-304.0
2026-05-06,OPT,DEC26,4.18,-,674.0,-901.0,-141.0
2026-05-06,OPT,MAR27,1.81,-,45.0,481.0,-13.0
2026-05-06,OPT,JUN27,0.00,-,0.0,11.0,0.0
2026-05-06,OPT,DEC27,0.00,-,0.0,237.0,0.0
2026-05-06,OPT,DEC28,0.00,-,0.0,915.0,0.0
2026-05-06,OPT,DEC29,0.00,-,0.0,-1.0,0.0
2026-05-07,ALL,JUN26,28682.25,-34.50,888351.9,317550.4,2147.7
2026-05-07,RET,JUN26,28682.25,-34.50,232827.90000000002,27864.4,-441.3
2026-05-07,ALL,SEP26,28940.25,-34.00,2373.4,2418.5,180.1
2026-05-07,RET,SEP26,28940.25,-34.00,419.40000000000003,368.5,2.1
2026-05-07,ALL,DEC26,29196.75,-29.25,27.3,59.400000000000006,-9.200000000000001
2026-05-07,RET,DEC26,29196.75,-29.25,9.3,24.400000000000002,-12.200000000000001
2026-05-07,ALL,MAR27,0.00,+0.00,0.0,0.6000000000000001,0.0
2026-05-07,RET,MAR27,0.00,+0.00,0.0,0.6000000000000001,0.0
2026-05-07,ALL,JUN27,29648.75,-29.25,0.0,1.0,0.0
2026-05-07,RET,JUN27,29648.75,-29.25,0,0,0
2026-05-07,ALL,DEC29,31941.50,-29.25,0.0,1.0,0.0
2026-05-07,RET,DEC29,31941.50,-29.25,0,0,0
2026-05-07,OPT,MAY26,1.27,-,37489.5,-21492.6,-2648.1000000000004
2026-05-07,OPT,JUN26,0.26,-,3825.0,17467.0,-205.0
2026-05-07,OPT,JUL26,1.42,-,885.0,-1641.0,-109.0
2026-05-07,OPT,AUG26,1.47,-,111.0,-405.0,15.0
2026-05-07,OPT,SEP26,1.60,-,2987.0,-2156.0,705.0
2026-05-07,OPT,DEC26,1.98,-,1812.0,-1144.0,-243.0
2026-05-07,OPT,MAR27,0.05,-,246.0,357.0,-124.0
2026-05-07,OPT,JUN27,0.00,-,1.0,12.0,1.0
2026-05-07,OPT,DEC27,0.00,-,0.0,237.0,0.0
2026-05-07,OPT,DEC28,0.00,-,0.0,915.0,0.0
2026-05-07,OPT,DEC29,0.00,-,0.0,-1.0,0.0
2026-05-08,ALL,JUN26,29332.50,+650.25,713180.9,326627.9,10694.8
2026-05-08,RET,JUN26,29332.50,+650.25,173633.90000000002,27448.9,-405.20000000000005
2026-05-08,ALL,SEP26,29594.75,+654.50,1569.8,2539.4,264.20000000000005
2026-05-08,RET,SEP26,29594.75,+654.50,405.8,384.40000000000003,159.20000000000002
2026-05-08,ALL,DEC26,29855.50,+658.75,37.7,72.5,13.1
2026-05-08,RET,DEC26,29855.50,+658.75,7.7,25.5,1.1
2026-05-08,ALL,MAR27,0.00,+0.00,0.0,0.6000000000000001,0.0
2026-05-08,RET,MAR27,0.00,+0.00,0.0,0.6000000000000001,0.0
2026-05-08,ALL,JUN27,30381.50,+732.75,0.0,2.0,1.0
2026-05-08,RET,JUN27,30381.50,+732.75,0.0,0.0,0.0
2026-05-08,ALL,DEC29,32674.25,+732.75,0.0,1.0,0.0
2026-05-08,RET,DEC29,32674.25,+732.75,0,0,0
2026-05-08,OPT,MAY26,0.97,-,82600.0,-12976.999999999996,8485.599999999999
2026-05-08,OPT,JUN26,0.36,-,5487.500000000001,17539.700000000004,72.6999999999999
2026-05-08,OPT,JUL26,2.19,-,2255.0,-2320.0,-679.0
2026-05-08,OPT,AUG26,2.49,-,220.0,-452.0,-47.0
2026-05-08,OPT,SEP26,0.85,-,2251.0,-2843.0,-683.0
2026-05-08,OPT,DEC26,0.90,-,2101.0,-621.0,523.0
2026-05-08,OPT,MAR27,13.40,-,72.0,311.0,-46.0
2026-05-08,OPT,JUN27,0.00,-,0.0,12.0,0.0
2026-05-08,OPT,DEC27,0.00,-,1.0,238.0,1.0
2026-05-08,OPT,DEC28,0.00,-,0.0,915.0,0.0
2026-05-08,OPT,DEC29,0.00,-,0.0,-1.0,0.0
2026-05-11,ALL,JUN26,29424.00,+91.50,751459.3,324342.7,-729.1
2026-05-11,RET,JUN26,29424.00,+91.50,195244.30000000002,27978.7,537.9
2026-05-11,ALL,SEP26,29690.00,+95.25,1960.6,2951.6,412.1
2026-05-11,RET,SEP26,29690.00,+95.25,355.6,372.6,-11.9
2026-05-11,ALL,DEC26,29962.00,+106.50,26.4,76.3,3.8
2026-05-11,RET,DEC26,29962.00,+106.50,6.4,26.3,0.8
2026-05-11,ALL,MAR27,0.00,+0.00,0.0,0.6000000000000001,0.0
2026-05-11,RET,MAR27,0.00,+0.00,0.0,0.6000000000000001,0.0
2026-05-11,ALL,JUN27,30488.00,+106.50,0.0,2.3,0.0
2026-05-11,RET,JUN27,30488.00,+106.50,0.0,0.30000000000000004,0.0
2026-05-11,ALL,DEC29,32780.75,+106.50,0.0,1.0,0.0
2026-05-11,RET,DEC29,32780.75,+106.50,0,0,0
2026-05-11,OPT,MAY26,1.30,-,23126.399999999998,-15120.299999999997,-2143.2999999999997
2026-05-11,OPT,JUN26,0.41,-,7607.200000000001,17182.2,-355.5
2026-05-11,OPT,JUL26,1.59,-,1227.0,-2156.0,164.0
2026-05-11,OPT,AUG26,0.18,-,542.0,-105.0,347.0
2026-05-11,OPT,SEP26,0.66,-,2105.0,-3045.0,-213.0
2026-05-11,OPT,DEC26,0.85,-,1571.0,-539.0,82.0
2026-05-11,OPT,MAR27,2.00,-,15.0,299.0,-12.0
2026-05-11,OPT,JUN27,0.00,-,0.0,12.0,0.0
2026-05-11,OPT,DEC27,0.00,-,0.0,238.0,0.0
2026-05-11,OPT,DEC28,0.00,-,0.0,915.0,0.0
2026-05-11,OPT,DEC29,0.00,-,0.0,-1.0,0.0
2026-05-12,ALL,JUN26,29170.00,-254.00,952596.0,315821.6,-5784.7
2026-05-12,RET,JUN26,29170.00,-254.00,234784.0,28122.600000000002,165.3
2026-05-12,ALL,SEP26,29435.00,-255.00,2405.5,3029.7,78.3
2026-05-12,RET,SEP26,29435.00,-255.00,519.5,346.70000000000005,-25.700000000000003
2026-05-12,ALL,DEC26,29704.50,-257.50,26.700000000000003,72.3,-4.0
2026-05-12,RET,DEC26,29704.50,-257.50,12.700000000000001,23.3,-3.0
2026-05-12,ALL,MAR27,0.00,+0.00,0.0,0.6000000000000001,0.0
2026-05-12,RET,MAR27,0.00,+0.00,0.0,0.6000000000000001,0.0
2026-05-12,ALL,JUN27,30230.50,-257.50,0.0,2.3,0.0
2026-05-12,RET,JUN27,30230.50,-257.50,0.0,0.30000000000000004,0.0
2026-05-12,ALL,DEC29,32523.25,-257.50,0.0,1.0,0.0
2026-05-12,RET,DEC29,32523.25,-257.50,0,0,0
2026-05-12,OPT,MAY26,1.09,-,23287.199999999997,-14595.099999999993,575.1999999999998
2026-05-12,OPT,JUN26,0.34,-,6854.5,18243.899999999998,1061.7
2026-05-12,OPT,JUL26,2.82,-,1409.0,-2269.0,-113.0
2026-05-12,OPT,AUG26,0.90,-,478.0,-159.0,-54.0
2026-05-12,OPT,SEP26,0.83,-,1240.0,-2832.0,213.0
2026-05-12,OPT,DEC26,0.37,-,417.0,-367.0,172.0
2026-05-12,OPT,MAR27,0.20,-,24.0,315.0,16.0
2026-05-12,OPT,JUN27,0.00,-,0.0,12.0,0.0
2026-05-12,OPT,DEC27,0.00,-,0.0,238.0,0.0
2026-05-12,OPT,DEC28,0.00,-,0.0,915.0,0.0
2026-05-12,OPT,DEC29,0.00,-,0.0,-1.0,0.0
2026-05-13,ALL,JUN26,29479.25,+309.25,775433.3,317441.9,4316.0
2026-05-13,RET,JUN26,29479.25,+309.25,205888.30000000002,27514.9,-589.0
2026-05-13,ALL,SEP26,29748.25,+313.25,1799.2,3253.1,412.20000000000005
2026-05-13,RET,SEP26,29748.25,+313.25,391.20000000000005,367.1,204.20000000000002
2026-05-13,ALL,DEC26,30011.25,+306.75,41.2,78.4,6.1
2026-05-13,RET,DEC26,30011.25,+306.75,9.200000000000001,22.400000000000002,-0.9
2026-05-13,ALL,MAR27,0.00,+0.00,0.0,0.7000000000000001,1.3
2026-05-13,RET,MAR27,0.00,+0.00,0.0,0.7000000000000001,1.3
2026-05-13,ALL,JUN27,30534.50,+304.00,0.0,2.2,-1.3
2026-05-13,RET,JUN27,30534.50,+304.00,0.0,0.2,-1.3
2026-05-13,ALL,DEC29,32827.25,+304.00,0.0,1.0,0.0
2026-05-13,RET,DEC29,32827.25,+304.00,0,0,0
2026-05-13,OPT,MAY26,1.14,-,24291.399999999998,-12965.099999999999,1630.0000000000005
2026-05-13,OPT,JUN26,0.30,-,5245.999999999999,19606.1,1362.2
2026-05-13,OPT,JUL26,0.91,-,3139.0,-1990.0,279.0
2026-05-13,OPT,AUG26,0.99,-,560.0,-183.0,-24.0
2026-05-13,OPT,SEP26,2.15,-,491.0,-2896.0,-64.0
2026-05-13,OPT,DEC26,0.27,-,938.0,165.0,532.0
2026-05-13,OPT,MAR27,2.53,-,106.0,242.0,-73.0
2026-05-13,OPT,JUN27,0.00,-,0.0,12.0,0.0
2026-05-13,OPT,DEC27,0.00,-,0.0,238.0,0.0
2026-05-13,OPT,DEC28,0.00,-,0.0,915.0,0.0
2026-05-13,OPT,DEC29,0.00,-,0.0,-1.0,0.0
2026-05-14,ALL,JUN26,29687.75,+208.50,833254.6,316734.1,1891.2
2026-05-14,RET,JUN26,29687.75,+208.50,222858.6,27730.100000000002,221.20000000000002
2026-05-14,ALL,SEP26,29960.25,+212.00,2440.5,3249.7,-3.3999999999999986
2026-05-14,RET,SEP26,29960.25,+212.00,692.5,380.70000000000005,13.600000000000001
2026-05-14,ALL,DEC26,30232.00,+220.75,47.3,105.5,27.1
2026-05-14,RET,DEC26,30232.00,+220.75,11.3,27.5,5.1000000000000005
2026-05-14,ALL,MAR27,30468.25,+0.00,0.0,1.7000000000000002,1.0
2026-05-14,RET,MAR27,30468.25,+0.00,0.0,0.7000000000000001,0.0
2026-05-14,ALL,JUN27,30755.25,+220.75,0.0,2.4,0.2
2026-05-14,RET,JUN27,30755.25,+220.75,0.0,0.4,0.2
2026-05-14,ALL,DEC29,33048.00,+220.75,0.0,1.0,0.0
2026-05-14,RET,DEC29,33048.00,+220.75,0,0,0
2026-05-14,OPT,MAY26,1.19,-,33323.100000000006,-15286.999999999989,-2256.8999999999996
2026-05-14,OPT,JUN26,0.40,-,5081.400000000001,19427.3,-178.80000000000004
2026-05-14,OPT,JUL26,1.67,-,2677.0,-2287.0,-297.0
2026-05-14,OPT,AUG26,0.87,-,249.0,-208.0,-25.0
2026-05-14,OPT,SEP26,0.77,-,1233.0,-2825.0,71.0
2026-05-14,OPT,DEC26,0.37,-,845.0,229.0,64.0
2026-05-14,OPT,MAR27,2.33,-,20.0,230.0,-12.0
2026-05-14,OPT,JUN27,0.00,-,1.0,12.0,0.0
2026-05-14,OPT,DEC27,0.00,-,0.0,238.0,0.0
2026-05-14,OPT,DEC28,0.00,-,0.0,915.0,0.0
2026-05-14,OPT,DEC29,0.00,-,0.0,-1.0,0.0
2026-05-15,ALL,JUN26,29231.75,-456.00,1032464.4,317239.1,4100.3
2026-05-15,RET,JUN26,29231.75,-456.00,283442.4,27749.100000000002,2.3000000000000003
2026-05-15,ALL,SEP26,29500.75,-459.50,2781.4,3513.6,264.3
2026-05-15,RET,SEP26,29500.75,-459.50,690.4000000000001,391.6,11.3
2026-05-15,ALL,DEC26,29776.75,-455.25,47.0,97.2,-7.6
2026-05-15,RET,DEC26,29776.75,-455.25,13.0,31.200000000000003,4.4
2026-05-15,ALL,MAR27,30016.25,-452.00,0.0,1.6,0.0
2026-05-15,RET,MAR27,30016.25,-452.00,0.0,0.6000000000000001,0.0
2026-05-15,ALL,JUN27,30303.25,-452.00,0.0,2.8,0.4
2026-05-15,RET,JUN27,30303.25,-452.00,0.0,0.8,0.4
2026-05-15,ALL,DEC29,32596.00,-452.00,0.0,1.0,0.0
2026-05-15,RET,DEC29,32596.00,-452.00,0,0,0
2026-05-15,OPT,MAY26,1.27,-,88880.40000000001,-13719.099999999999,2167.899999999999
2026-05-15,OPT,JUN26,0.80,-,5289.2,19006.000000000004,-421.3
2026-05-15,OPT,JUL26,2.60,-,3100.0,-2337.0,-50.0
2026-05-15,OPT,AUG26,1.40,-,309.0,-244.0,-36.0
2026-05-15,OPT,SEP26,2.28,-,636.0,-2924.0,-99.0
2026-05-15,OPT,DEC26,1.53,-,288.0,264.0,35.0
2026-05-15,OPT,MAR27,8.17,-,55.0,195.0,-35.0
2026-05-15,OPT,JUN27,0.00,-,0.0,12.0,0.0
2026-05-15,OPT,DEC27,0.00,-,0.0,238.0,0.0
2026-05-15,OPT,DEC28,0.00,-,0.0,915.0,0.0
2026-05-15,OPT,DEC29,0.00,-,0.0,-1.0,0.0
2026-05-18,ALL,JUN26,29096.00,-135.75,1130007.9,320859.8,8528.3
2026-05-18,RET,JUN26,29096.00,-135.75,278189.9,27971.800000000003,227.3
2026-05-18,ALL,SEP26,29363.00,-137.75,3747.9,4201.6,687.3
2026-05-18,RET,SEP26,29363.00,-137.75,712.9000000000001,393.6,1.3
2026-05-18,ALL,DEC26,29636.25,-140.50,69.2,103.80000000000001,6.7
2026-05-18,RET,DEC26,29636.25,-140.50,40.2,35.800000000000004,4.7
2026-05-18,ALL,MAR27,29875.75,-140.50,0.0,1.6,0.0
2026-05-18,RET,MAR27,29875.75,-140.50,0.0,0.6000000000000001,0.0
2026-05-18,ALL,JUN27,30162.75,-140.50,0.0,2.8,0.2
2026-05-18,RET,JUN27,30162.75,-140.50,0.0,0.8,0.2
2026-05-18,ALL,DEC29,32455.50,-140.50,0.0,1.0,0.0
2026-05-18,RET,DEC29,32455.50,-140.50,0,0,0
2026-05-18,OPT,MAY26,1.26,-,19606.5,-13959.800000000001,-180.5999999999998
2026-05-18,OPT,JUN26,0.57,-,5459.099999999999,18824.4,-181.6
2026-05-18,OPT,JUL26,1.38,-,3240.0,-2471.0,-134.0
2026-05-18,OPT,AUG26,2.10,-,214.0,-260.0,-16.0
2026-05-18,OPT,SEP26,0.63,-,1161.0,-2896.0,28.0
2026-05-18,OPT,DEC26,1.28,-,739.0,122.0,-142.0
2026-05-18,OPT,MAR27,19.50,-,41.0,179.0,-16.0
2026-05-18,OPT,JUN27,0.00,-,0.0,12.0,0.0
2026-05-18,OPT,DEC27,0.00,-,0.0,238.0,0.0
2026-05-18,OPT,DEC28,0.00,-,0.0,915.0,0.0
2026-05-18,OPT,DEC29,0.00,-,0.0,-1.0,0.0
2026-05-19,ALL,JUN26,28924.25,-171.75,984642.7,318993.3,1406.6
2026-05-19,RET,JUN26,28924.25,-171.75,269904.7,26416.300000000003,-1556.4
2026-05-19,ALL,SEP26,29191.75,-171.25,3527.4,4483.1,281.4
2026-05-19,RET,SEP26,29191.75,-171.25,659.4000000000001,423.1,29.400000000000002
2026-05-19,ALL,DEC26,29468.25,-168.00,115.30000000000001,104.9,3.6
2026-05-19,RET,DEC26,29468.25,-168.00,89.30000000000001,34.9,1.6
2026-05-19,ALL,MAR27,29707.75,-168.00,0.0,1.5,-0.1
2026-05-19,RET,MAR27,29707.75,-168.00,0.0,0.5,-0.1
2026-05-19,ALL,JUN27,29994.75,-168.00,0.0,2.8,0.0
2026-05-19,RET,JUN27,29994.75,-168.00,0.0,0.8,0.0
2026-05-19,ALL,DEC29,32287.50,-168.00,0.0,1.0,0.0
2026-05-19,RET,DEC29,32287.50,-168.00,0,0,0
2026-05-19,OPT,MAY26,1.12,-,17608.4,-13570.800000000003,339.0
2026-05-19,OPT,JUN26,0.32,-,6423.400000000001,17567.3,-1254.9
2026-05-19,OPT,JUL26,1.41,-,1751.0,-2233.0,238.0
2026-05-19,OPT,AUG26,1.63,-,166.0,-275.0,-15.0
2026-05-19,OPT,SEP26,1.30,-,1228.0,-3014.0,-118.0
2026-05-19,OPT,DEC26,2.57,-,1818.0,-838.0,-961.0
2026-05-19,OPT,MAR27,0.34,-,51.0,205.0,26.0
2026-05-19,OPT,JUN27,0.00,-,0.0,12.0,0.0
2026-05-19,OPT,DEC27,0.00,-,0.0,238.0,0.0
2026-05-19,OPT,DEC28,0.00,-,0.0,915.0,0.0
2026-05-19,OPT,DEC29,0.00,-,0.0,-1.0,0.0
2026-05-20,ALL,JUN26,29390.50,+466.25,849538.3,316595.9,1145.0
2026-05-20,RET,JUN26,29390.50,+466.25,244346.30000000002,26350.9,-48.0
2026-05-20,ALL,SEP26,29663.75,+472.00,2658.9,4711.9,228.8
2026-05-20,RET,SEP26,29663.75,+472.00,600.9,418.90000000000003,-4.2
2026-05-20,ALL,DEC26,29941.00,+472.75,18.5,106.30000000000001,1.6
2026-05-20,RET,DEC26,29941.00,+472.75,11.5,34.300000000000004,-0.4
2026-05-20,ALL,MAR27,30180.50,+472.75,0.0,1.5,0.0
2026-05-20,RET,MAR27,30180.50,+472.75,0.0,0.5,0.0
2026-05-20,ALL,JUN27,30467.50,+472.75,0.0,2.8,0.0
2026-05-20,RET,JUN27,30467.50,+472.75,0.0,0.8,0.0
2026-05-20,ALL,DEC29,32760.25,+472.75,0.0,1.0,0.0
2026-05-20,RET,DEC29,32760.25,+472.75,0,0,0
2026-05-20,OPT,MAY26,1.20,-,18345.4,-13866.0,-211.79999999999978
2026-05-20,OPT,JUN26,0.45,-,2907.0,17890.4,323.0999999999999
2026-05-20,OPT,JUL26,6.54,-,1432.0,-2622.0,-389.0
2026-05-20,OPT,AUG26,0.74,-,164.0,-239.0,36.0
2026-05-20,OPT,SEP26,1.54,-,1397.0,-3541.0,-527.0
2026-05-20,OPT,DEC26,0.38,-,637.0,-968.0,-130.0
2026-05-20,OPT,MAR27,20.00,-,21.0,184.0,-21.0
2026-05-20,OPT,JUN27,0.00,-,0.0,12.0,0.0
2026-05-20,OPT,DEC27,0.00,-,0.0,238.0,0.0
2026-05-20,OPT,DEC28,0.00,-,0.0,915.0,0.0
2026-05-20,OPT,DEC29,0.00,-,0.0,-1.0,0.0
2026-05-21,ALL,JUN26,29447.25,+56.75,865250.4,318010.1,5776.9
2026-05-21,RET,JUN26,29447.25,+56.75,254434.40000000002,26804.100000000002,446.90000000000003
2026-05-21,ALL,SEP26,29721.75,+58.00,3130.9,11510.4,6798.6
2026-05-21,RET,SEP26,29721.75,+58.00,678.9000000000001,416.40000000000003,-2.4000000000000004
2026-05-21,ALL,DEC26,29999.50,+58.50,28.400000000000002,108.9,2.6
2026-05-21,RET,DEC26,29999.50,+58.50,18.400000000000002,36.9,2.6
2026-05-21,ALL,MAR27,30239.00,+58.50,0.0,1.5,0.0
2026-05-21,RET,MAR27,30239.00,+58.50,0.0,0.5,0.0
2026-05-21,ALL,JUN27,30526.00,+58.50,0.0,2.8,0.0
2026-05-21,RET,JUN27,30526.00,+58.50,0.0,0.8,0.0
2026-05-21,ALL,DEC29,32818.75,+58.50,0.0,1.0,0.0
2026-05-21,RET,DEC29,32818.75,+58.50,0,0,0
2026-05-21,OPT,MAY26,1.36,-,34270.3,-14901.2,-1086.6000000000004
2026-05-21,OPT,JUN26,0.80,-,6396.2,18149.1,258.69999999999976
2026-05-21,OPT,JUL26,2.15,-,3670.0,-3717.0,-1095.0
2026-05-21,OPT,AUG26,2.07,-,221.0,-312.0,-73.0
2026-05-21,OPT,SEP26,1.45,-,1938.0,-3538.0,3.0
2026-05-21,OPT,DEC26,2.13,-,213.0,-1010.0,-42.0
2026-05-21,OPT,MAR27,0.00,-,39.0,157.0,-27.0
2026-05-21,OPT,JUN27,0.00,-,0.0,12.0,0.0
2026-05-21,OPT,DEC27,0.00,-,0.0,238.0,0.0
2026-05-21,OPT,DEC28,0.00,-,0.0,915.0,0.0
2026-05-21,OPT,DEC29,0.00,-,0.0,-1.0,0.0
2026-05-22,ALL,JUN26,29558.75,+111.50,692961.0,317630.9,3979.2
2026-05-22,RET,JUN26,29558.75,+111.50,200831.0,26787.9,12.200000000000001
2026-05-22,ALL,SEP26,29836.50,+114.75,2640.7,11833.8,323.6
2026-05-22,RET,SEP26,29836.50,+114.75,611.7,431.8,15.600000000000001
2026-05-22,ALL,DEC26,30120.00,+120.50,73.2,127.2,19.3
2026-05-22,RET,DEC26,30120.00,+120.50,33.2,39.2,2.3000000000000003
2026-05-22,ALL,MAR27,30359.50,+120.50,0.0,1.5,0.0
2026-05-22,RET,MAR27,30359.50,+120.50,0.0,0.5,0.0
2026-05-22,ALL,JUN27,30646.50,+120.50,0.0,2.8,0.0
2026-05-22,RET,JUN27,30646.50,+120.50,0.0,0.8,0.0
2026-05-22,ALL,DEC29,32939.25,+120.50,0.0,1.0,0.0
2026-05-22,RET,DEC29,32939.25,+120.50,0,0,0
2026-05-22,OPT,MAY26,1.27,-,67132.0,-10195.199999999999,5105.4
2026-05-22,OPT,JUN26,0.70,-,6331.500000000001,17849.0,-307.0999999999998
2026-05-22,OPT,JUL26,2.82,-,3154.0,-4056.0,-339.0
2026-05-22,OPT,AUG26,0.53,-,404.0,-307.0,5.0
2026-05-22,OPT,SEP26,0.88,-,2107.0,-3836.0,-298.0
2026-05-22,OPT,DEC26,8.25,-,333.0,-1150.0,-140.0
2026-05-22,OPT,MAR27,117.00,-,118.0,44.0,-113.0
2026-05-22,OPT,JUN27,0.00,-,0.0,12.0,0.0
2026-05-22,OPT,DEC27,0.00,-,0.0,238.0,0.0
2026-05-22,OPT,DEC28,0.00,-,0.0,915.0,0.0
2026-05-22,OPT,DEC29,0.00,-,0.0,-1.0,0.0
2026-05-26,ALL,JUN26,30073.50,+514.75,933791.9,323585.6,9506.8
2026-05-26,RET,JUN26,30073.50,+514.75,266650.9,27100.600000000002,333.8
2026-05-26,ALL,SEP26,30356.50,+520.00,5085.1,12021.2,188.2
2026-05-26,RET,SEP26,30356.50,+520.00,1534.1000000000001,475.20000000000005,44.2
2026-05-26,ALL,DEC26,30633.50,+513.50,89.4,163.8,36.6
2026-05-26,RET,DEC26,30633.50,+513.50,40.400000000000006,53.800000000000004,14.600000000000001
2026-05-26,ALL,MAR27,30872.25,+512.75,0.0,1.5,0.0
2026-05-26,RET,MAR27,30872.25,+512.75,0.0,0.5,0.0
2026-05-26,ALL,JUN27,31159.25,+512.75,0.0,2.8,0.0
2026-05-26,RET,JUN27,31159.25,+512.75,0.0,0.8,0.0
2026-05-26,ALL,DEC29,33452.00,+512.75,0.0,1.0,0.0
2026-05-26,RET,DEC29,33452.00,+512.75,0,0,0
2026-05-26,OPT,MAY26,1.33,-,21995.100000000002,-11951.2,-1716.0
2026-05-26,OPT,JUN26,0.89,-,9454.0,17700.6,-148.4000000000001
2026-05-26,OPT,JUL26,1.86,-,3730.0,-4592.0,-536.0
2026-05-26,OPT,AUG26,4.65,-,576.0,-427.0,-120.0
2026-05-26,OPT,SEP26,0.96,-,2854.0,-3941.0,-105.0
2026-05-26,OPT,DEC26,0.87,-,341.0,-1146.0,4.0
2026-05-26,OPT,MAR27,2.45,-,145.0,26.0,-18.0
2026-05-26,OPT,JUN27,0.00,-,1.0,11.0,-1.0
2026-05-26,OPT,DEC27,0.00,-,0.0,238.0,0.0
2026-05-26,OPT,DEC28,0.00,-,0.0,915.0,0.0
2026-05-26,OPT,DEC29,0.00,-,0.0,-1.0,0.0
2026-05-27,ALL,JUN26,30047.25,-26.25,876630.6,324167.3,5719.4
2026-05-27,RET,JUN26,30047.25,-26.25,239606.6,27584.300000000003,488.40000000000003
2026-05-27,ALL,SEP26,30331.75,-24.75,7724.9,12617.0,616.6
2026-05-27,RET,SEP26,30331.75,-24.75,956.9000000000001,484.0,7.6000000000000005
2026-05-27,ALL,DEC26,30625.50,-8.00,119.4,156.6,-7.200000000000003
2026-05-27,RET,DEC26,30625.50,-8.00,62.400000000000006,34.6,-19.200000000000003
2026-05-27,ALL,MAR27,30864.25,-8.00,0.0,1.5,0.0
2026-05-27,RET,MAR27,30864.25,-8.00,0.0,0.5,0.0
2026-05-27,ALL,JUN27,31151.25,-8.00,0.0,2.8,0.0
2026-05-27,RET,JUN27,31151.25,-8.00,0.0,0.8,0.0
2026-05-27,ALL,DEC29,33444.00,-8.00,0.0,1.0,0.0
2026-05-27,RET,DEC29,33444.00,-8.00,0,0,0
2026-05-27,OPT,MAY26,0.98,-,22840.4,-11501.300000000001,572.0999999999999
2026-05-27,OPT,JUN26,1.17,-,7013.8,17302.899999999998,-397.70000000000005
2026-05-27,OPT,JUL26,1.67,-,1995.0,-4885.0,-293.0
2026-05-27,OPT,AUG26,0.77,-,386.0,-414.0,13.0
2026-05-27,OPT,SEP26,1.14,-,1814.0,-4332.0,-391.0
2026-05-27,OPT,DEC26,3.97,-,328.0,-1301.0,-155.0
2026-05-27,OPT,MAR27,0.06,-,131.0,133.0,107.0
2026-05-27,OPT,JUN27,0.00,-,0.0,11.0,0.0
2026-05-27,OPT,DEC27,0.00,-,0.0,238.0,0.0
2026-05-27,OPT,DEC28,0.00,-,0.0,915.0,0.0
2026-05-27,OPT,DEC29,0.00,-,0.0,-1.0,0.0
2026-05-28,ALL,JUN26,30307.00,+259.75,777738.0,328855.1,9585.5
2026-05-28,RET,JUN26,30307.00,+259.75,215155.0,27862.100000000002,448.5
2026-05-28,ALL,SEP26,30597.50,+265.75,6545.6,14368.3,1752.9
2026-05-28,RET,SEP26,30597.50,+265.75,828.6,523.3000000000001,40.900000000000006
2026-05-28,ALL,DEC26,30900.00,+274.50,76.6,171.9,15.4
2026-05-28,RET,DEC26,30900.00,+274.50,38.6,48.900000000000006,14.4
2026-05-28,ALL,MAR27,31203.25,+339.00,0.0,5.6,4.1
2026-05-28,RET,MAR27,31203.25,+339.00,0.0,0.6000000000000001,0.1
2026-05-28,ALL,JUN27,31490.25,+339.00,0.0,2.8,0.0
2026-05-28,RET,JUN27,31490.25,+339.00,0.0,0.8,0.0
2026-05-28,ALL,DEC29,33783.00,+339.00,0.0,1.0,0.0
2026-05-28,RET,DEC29,33783.00,+339.00,0,0,0
2026-05-28,OPT,MAY26,0.91,-,27191.2,-11084.0,339.1999999999998
2026-05-28,OPT,JUN26,0.89,-,8284.2,17108.699999999997,-195.19999999999993
2026-05-28,OPT,JUL26,4.74,-,2769.0,-5848.0,-963.0
2026-05-28,OPT,AUG26,0.49,-,237.0,-368.0,46.0
2026-05-28,OPT,SEP26,1.16,-,2527.0,-4427.0,-95.0
2026-05-28,OPT,DEC26,0.37,-,725.0,-1161.0,140.0
2026-05-28,OPT,MAR27,0.17,-,132.0,210.0,77.0
2026-05-28,OPT,JUN27,0.00,-,0.0,11.0,0.0
2026-05-28,OPT,DEC27,0.00,-,0.0,238.0,0.0
2026-05-28,OPT,DEC28,0.00,-,0.0,915.0,0.0
2026-05-28,OPT,DEC29,0.00,-,0.0,-1.0,0.0
2026-05-29,ALL,JUN26,30405.25,+98.25,808299.2,324415.3,722.9000000000001
2026-05-29,RET,JUN26,30405.25,+98.25,231011.2,28194.300000000003,326.90000000000003
2026-05-29,ALL,SEP26,30695.00,+97.50,4892.4,15745.1,1387.5
2026-05-29,RET,SEP26,30695.00,+97.50,799.4000000000001,540.1,17.5
2026-05-29,ALL,DEC26,30996.00,+96.00,44.7,171.5,-0.5
2026-05-29,RET,DEC26,30996.00,+96.00,13.700000000000001,51.5,2.5
2026-05-29,ALL,MAR27,31317.75,+114.50,0.0,5.6,0.0
2026-05-29,RET,MAR27,31317.75,+114.50,0.0,0.6000000000000001,0.0
2026-05-29,ALL,JUN27,31604.75,+114.50,0.0,2.8,0.0
2026-05-29,RET,JUN27,31604.75,+114.50,0.0,0.8,0.0
2026-05-29,ALL,DEC29,33897.50,+114.50,0.0,1.0,0.0
2026-05-29,RET,DEC29,33897.50,+114.50,0,0,0
2026-05-29,OPT,MAY26,1.36,-,62534.0,0.0,11084.0
2026-05-29,OPT,JUN26,0.83,-,13684.999999999996,16611.200000000008,-497.30000000000007
2026-05-29,OPT,JUL26,1.46,-,3074.0,-5734.0,114.0
2026-05-29,OPT,AUG26,0.55,-,308.0,-307.0,61.0
2026-05-29,OPT,SEP26,0.78,-,2515.0,-3850.0,576.0
2026-05-29,OPT,DEC26,0.24,-,2014.0,-225.0,936.0
2026-05-29,OPT,MAR27,58.00,-,59.0,176.0,-34.0
2026-05-29,OPT,JUN27,0.00,-,1.0,11.0,0.0
2026-05-29,OPT,DEC27,0.00,-,0.0,238.0,0.0
2026-05-29,OPT,DEC28,0.00,-,0.0,915.0,0.0
2026-05-29,OPT,DEC29,0.00,-,0.0,-1.0,0.0
2026-06-01,ALL,JUN26,30566.25,+161.00,785152.6,328058.0,9367.2
2026-06-01,RET,JUN26,30566.25,+161.00,217389.6,29053.0,913.2
2026-06-01,ALL,SEP26,30856.75,+161.75,4719.4,16931.4,1225.3
2026-06-01,RET,SEP26,30856.75,+161.75,1006.4000000000001,604.4,64.3
2026-06-01,ALL,DEC26,31158.00,+162.00,72.8,190.2,18.8
2026-06-01,RET,DEC26,31158.00,+162.00,22.8,65.2,13.8
2026-06-01,ALL,MAR27,31484.50,+166.75,0.0,10.7,5.1
2026-06-01,RET,MAR27,31484.50,+166.75,0.0,0.7000000000000001,0.1
2026-06-01,ALL,JUN27,31771.50,+166.75,0.0,2.9,1.3
2026-06-01,RET,JUN27,31771.50,+166.75,0.0,0.9,1.3
2026-06-01,ALL,DEC29,34064.25,+166.75,0.0,1.0,0.0
2026-06-01,RET,DEC29,34064.25,+166.75,0,0,0
2026-06-01,OPT,JUN26,1.23,-,24013.899999999998,13175.200000000004,-3366.3999999999996
2026-06-01,OPT,JUL26,1.43,-,3267.0,-5802.0,-68.0
2026-06-01,OPT,AUG26,3.01,-,573.0,-342.0,-35.0
2026-06-01,OPT,SEP26,0.99,-,2170.0,-3772.0,78.0
2026-06-01,OPT,DEC26,2.97,-,1075.0,-732.0,-507.0
2026-06-01,OPT,MAR27,1.40,-,12.0,174.0,-2.0
2026-06-01,OPT,JUN27,0.00,-,0.0,11.0,0.0
2026-06-01,OPT,DEC27,0.00,-,0.0,238.0,0.0
2026-06-01,OPT,DEC28,0.00,-,0.0,915.0,0.0
2026-06-01,OPT,DEC29,0.00,-,0.0,-1.0,0.0
2026-06-02,ALL,JUN26,30712.75,+146.50,725011.7,335101.0,13257.5
2026-06-02,RET,JUN26,30712.75,+146.50,202457.7,30656.0,1781.5
2026-06-02,ALL,SEP26,31006.25,+149.50,4161.2,17743.1,1302.3
2026-06-02,RET,SEP26,31006.25,+149.50,892.2,622.1,439.3
2026-06-02,ALL,DEC26,31303.75,+145.75,17.4,189.0,0.20000000000000018
2026-06-02,RET,DEC26,31303.75,+145.75,10.4,66.0,1.2000000000000002
2026-06-02,ALL,MAR27,31634.75,+150.25,0.0,10.6,1.0
2026-06-02,RET,MAR27,31634.75,+150.25,0.0,0.6000000000000001,0.0
2026-06-02,ALL,JUN27,31921.75,+150.25,0.0,2.8,0.0
2026-06-02,RET,JUN27,31921.75,+150.25,0.0,0.8,0.0
2026-06-02,ALL,DEC29,34214.50,+150.25,0.0,1.0,0.0
2026-06-02,RET,DEC29,34214.50,+150.25,0,0,0
2026-06-02,OPT,JUN26,1.21,-,26468.700000000008,10143.100000000002,-2747.1000000000004
2026-06-02,OPT,JUL26,1.03,-,2537.0,-5346.0,456.0
2026-06-02,OPT,AUG26,3.85,-,490.0,-508.0,-166.0
2026-06-02,OPT,SEP26,1.44,-,955.0,-3921.0,-149.0
2026-06-02,OPT,DEC26,1.21,-,1673.0,-722.0,8.0
2026-06-02,OPT,MAR27,2.00,-,3.0,173.0,-1.0
2026-06-02,OPT,JUN27,0.00,-,0.0,11.0,0.0
2026-06-02,OPT,DEC27,0.00,-,0.0,238.0,0.0
2026-06-02,OPT,DEC28,0.00,-,0.0,915.0,0.0
2026-06-02,OPT,DEC29,0.00,-,0.0,-1.0,0.0
2026-06-03,ALL,JUN26,30633.25,-79.50,896845.4,331083.8,3182.7
2026-06-03,RET,JUN26,30633.25,-79.50,262110.40000000002,30555.800000000003,373.70000000000005
2026-06-03,ALL,SEP26,30929.50,-76.75,6709.5,18892.6,1159.9
2026-06-03,RET,SEP26,30929.50,-76.75,1155.5,631.6,15.9
2026-06-03,ALL,DEC26,31227.25,-76.50,20.6,194.0,31.3
2026-06-03,RET,DEC26,31227.25,-76.50,11.600000000000001,69.0,29.3
2026-06-03,ALL,MAR27,31563.00,-71.75,0.0,11.6,1.0
2026-06-03,RET,MAR27,31563.00,-71.75,0.0,0.6000000000000001,0.0
2026-06-03,ALL,JUN27,31856.75,-65.00,0.0,2.8,0.0
2026-06-03,RET,JUN27,31856.75,-65.00,0.0,0.8,0.0
2026-06-03,ALL,DEC29,34149.50,-65.00,0.0,1.0,0.0
2026-06-03,RET,DEC29,34149.50,-65.00,0,0,0
2026-06-03,OPT,JUN26,1.24,-,25456.09999999999,8613.700000000012,-1426.3999999999996
2026-06-03,OPT,JUL26,1.56,-,2920.0,-5439.0,-93.0
2026-06-03,OPT,AUG26,1.57,-,398.0,-635.0,-127.0
2026-06-03,OPT,SEP26,3.15,-,1945.0,-4108.0,-187.0
2026-06-03,OPT,DEC26,0.90,-,798.0,-814.0,-92.0
2026-06-03,OPT,MAR27,5.00,-,18.0,164.0,-9.0
2026-06-03,OPT,JUN27,0.00,-,0.0,11.0,0.0
2026-06-03,OPT,DEC27,0.00,-,0.0,238.0,0.0
2026-06-03,OPT,DEC28,0.00,-,0.0,915.0,0.0
2026-06-03,OPT,DEC29,0.00,-,0.0,-1.0,0.0
2026-06-04,ALL,JUN26,30488.25,-145.00,957845.6000000001,325440.9,-366.80000000000007
2026-06-04,RET,JUN26,30488.25,-145.00,276952.60000000003,29661.9,-895.8000000000001
2026-06-04,ALL,SEP26,30783.75,-145.75,7650.8,19986.4,1109.7
2026-06-04,RET,SEP26,30783.75,-145.75,1182.8,642.4000000000001,9.700000000000001
2026-06-04,ALL,DEC26,31083.00,-144.25,69.4,206.0,30.3
2026-06-04,RET,DEC26,31083.00,-144.25,26.400000000000002,71.0,20.3
2026-06-04,ALL,MAR27,31409.00,-154.00,11.0,11.6,0.0
2026-06-04,RET,MAR27,31409.00,-154.00,0.0,0.6000000000000001,0.0
2026-06-04,ALL,JUN27,31702.75,-154.00,0.0,2.8,0.0
2026-06-04,RET,JUN27,31702.75,-154.00,0.0,0.8,0.0
2026-06-04,ALL,DEC29,33995.50,-154.00,0.0,1.0,0.0
2026-06-04,RET,DEC29,33995.50,-154.00,0,0,0
2026-06-04,OPT,JUN26,1.25,-,43460.700000000004,4576.399999999994,-4072.3
2026-06-04,OPT,JUL26,1.64,-,3724.0,-5858.0,-419.0
2026-06-04,OPT,AUG26,2.29,-,691.0,-777.0,-142.0
2026-06-04,OPT,SEP26,5.13,-,2098.0,-4917.0,-809.0
2026-06-04,OPT,DEC26,3.20,-,344.0,-1010.0,-196.0
2026-06-04,OPT,MAR27,0.00,-,6.0,163.0,-1.0
2026-06-04,OPT,JUN27,0.00,-,0.0,11.0,0.0
2026-06-04,OPT,DEC27,0.00,-,0.0,238.0,0.0
2026-06-04,OPT,DEC28,0.00,-,0.0,915.0,0.0
2026-06-04,OPT,DEC29,0.00,-,0.0,-1.0,0.0
2026-06-05,ALL,JUN26,297772.00,+89.76,0.0,0.0,0.0
2026-06-05,RET,JUN26,297772.00,+89.76,0.0,0.0,0.0
2026-06-05,ALL,SEP26,21171.00,+18.60,0.0,0.0,0.0
2026-06-05,RET,SEP26,21171.00,+18.60,0.0,0.0,0.0
2026-06-05,ALL,DEC26,149.00,+0.14,0.0,0.0,0.0
2026-06-05,RET,DEC26,149.00,+0.14,0.0,0.0,0.0
2026-06-05,ALL,MAR27,0.00,+0.00,11.0,11.0,0.0
2026-06-05,RET,MAR27,0.00,+0.00,0.0,0.0,0.0
2026-06-05,ALL,JUN27,0.00,+0.00,0.0,2.0,0.0
2026-06-05,RET,JUN27,0.00,+0.00,0.0,0.0,0.0
2026-06-05,ALL,DEC29,0.00,+0.00,0.0,1.0,0.0
2026-06-05,RET,DEC29,0.00,+0.00,0,0,0
2026-06-05,OPT,JUN26,1.30,-,166399.79999999996,18049.2,13735.800000000001
2026-06-05,OPT,JUL26,2.06,-,7275.0,-6640.0,-782.0
2026-06-05,OPT,AUG26,1.56,-,836.0,-870.0,-93.0
2026-06-05,OPT,SEP26,1.55,-,3565.0,-5045.0,-128.0
2026-06-05,OPT,DEC26,0.72,-,405.0,-1038.0,-31.0
2026-06-05,OPT,MAR27,3.67,-,56.0,141.0,-22.0
2026-06-05,OPT,JUN27,0.00,-,0.0,11.0,0.0
2026-06-05,OPT,DEC27,0.00,-,0.0,238.0,0.0
2026-06-05,OPT,DEC28,0.00,-,0.0,915.0,0.0
2026-06-05,OPT,DEC29,0.00,-,0.0,-1.0,0.0
2026-06-08,ALL,JUN26,29454.75,+428.25,1150484.0,317448.9,-1808.8
2026-06-08,RET,JUN26,29454.75,+428.25,308240.0,28127.9,-474.8
2026-06-08,ALL,SEP26,29741.25,+433.00,17588.3,22753.5,695.9
2026-06-08,RET,SEP26,29741.25,+433.00,2894.3,829.5,-57.1
2026-06-08,ALL,DEC26,30038.50,+432.75,107.2,245.0,-36.300000000000004
2026-06-08,RET,DEC26,30038.50,+432.75,32.2,80.0,-52.300000000000004
2026-06-08,ALL,MAR27,30367.00,+446.75,11.0,11.8,0.1
2026-06-08,RET,MAR27,30367.00,+446.75,0.0,0.8,0.1
2026-06-08,ALL,JUN27,30660.75,+446.75,0.0,3.0,0.0
2026-06-08,RET,JUN27,30660.75,+446.75,0.0,1.0,0.0
2026-06-08,ALL,DEC29,32953.50,+446.75,0.0,1.0,0.0
2026-06-08,RET,DEC29,32953.50,+446.75,0,0,0
2026-06-08,OPT,JUN26,1.03,-,33254.600000000006,18764.899999999994,841.6
2026-06-08,OPT,JUL26,1.58,-,5624.0,-6692.0,-52.0
2026-06-08,OPT,AUG26,3.16,-,545.0,-1059.0,-189.0
2026-06-08,OPT,SEP26,0.76,-,2954.0,-5306.0,-262.0
2026-06-08,OPT,DEC26,0.42,-,1443.0,-198.0,840.0
2026-06-08,OPT,MAR27,0.49,-,64.0,122.0,-19.0
2026-06-08,OPT,JUN27,0.00,-,37.0,48.0,37.0
2026-06-08,OPT,DEC27,0.00,-,0.0,238.0,0.0
2026-06-08,OPT,DEC28,0.00,-,0.0,915.0,0.0
2026-06-08,OPT,DEC29,0.00,-,0.0,-1.0,0.0
2026-06-09,ALL,JUN26,29117.00,-337.75,1512710.8,316486.0,5924.7
2026-06-09,RET,JUN26,29117.00,-337.75,432510.80000000005,28005.0,-107.30000000000001
2026-06-09,ALL,SEP26,29400.75,-340.50,28585.5,24889.1,2137.3
2026-06-09,RET,SEP26,29400.75,-340.50,4616.5,1116.1000000000001,286.3
2026-06-09,ALL,DEC26,29689.75,-348.75,225.5,283.1,84.30000000000001
2026-06-09,RET,DEC26,29689.75,-348.75,62.5,85.10000000000001,51.300000000000004
2026-06-09,ALL,MAR27,30020.00,-347.00,11.7,12.1,0.30000000000000004
2026-06-09,RET,MAR27,30020.00,-347.00,0.7000000000000001,1.1,0.30000000000000004
2026-06-09,ALL,JUN27,30313.75,-347.00,0.0,3.0,0.0
2026-06-09,RET,JUN27,30313.75,-347.00,0.0,1.0,0.0
2026-06-09,ALL,DEC29,32606.50,-347.00,0.0,1.0,0.0
2026-06-09,RET,DEC29,32606.50,-347.00,0,0,0
2026-06-09,OPT,JUN26,0.00,-,36059.6,73176.2,4657.0
2026-06-09,OPT,JUL26,0.00,-,4656.0,17351.0,917.0
2026-06-09,OPT,AUG26,0.00,-,268.0,2309.0,115.0
2026-06-09,OPT,SEP26,0.00,-,4110.0,23597.0,2052.0
2026-06-09,OPT,DEC26,0.00,-,917.0,18595.0,615.0
2026-06-09,OPT,MAR27,0.00,-,36.0,1680.0,22.0
2026-06-09,OPT,JUN27,0.00,-,1.0,53.0,1.0
2026-06-09,OPT,DEC27,0.00,-,0.0,630.0,0.0
2026-06-09,OPT,DEC28,0.00,-,0.0,1167.0,0.0
2026-06-09,OPT,DEC29,0.00,-,0.0,1.0,0.0
2026-06-10,ALL,JUN26,28554.00,-563.00,1137539.6,315613.5,6011.9
2026-06-10,RET,JUN26,28554.00,-563.00,368445.60000000003,26733.5,-1285.1000000000001
2026-06-10,ALL,SEP26,28831.25,-569.50,25462.1,27703.9,2814.8
2026-06-10,RET,SEP26,28831.25,-569.50,3827.1000000000004,1370.9,254.8
2026-06-10,ALL,DEC26,29114.00,-575.75,106.2,284.5,14.3
2026-06-10,RET,DEC26,29114.00,-575.75,38.2,86.5,14.3
2026-06-10,ALL,MAR27,29444.75,-575.25,11.0,12.2,0.1
2026-06-10,RET,MAR27,29444.75,-575.25,0.0,1.2000000000000002,0.1
2026-06-10,ALL,JUN27,29738.50,-575.25,0.0,2.9,0.0
2026-06-10,RET,JUN27,29738.50,-575.25,0.0,0.9,0.0
2026-06-10,ALL,DEC29,32036.00,-570.50,0.0,1.0,0.0
2026-06-10,RET,DEC29,32036.00,-570.50,0,0,0
2026-06-10,OPT,JUN26,0.00,-,24329.0,77347.20000000001,4656.0
2026-06-10,OPT,JUL26,0.00,-,2990.0,18426.0,1075.0
2026-06-10,OPT,AUG26,0.00,-,139.0,2364.0,55.0
2026-06-10,OPT,SEP26,0.00,-,1713.0,23937.0,340.0
2026-06-10,OPT,DEC26,0.00,-,464.0,18765.0,170.0
2026-06-10,OPT,MAR27,0.00,-,46.0,1710.0,30.0
2026-06-10,OPT,JUN27,0.00,-,0.0,53.0,0.0
2026-06-10,OPT,DEC27,0.00,-,0.0,630.0,0.0
2026-06-10,OPT,DEC28,0.00,-,0.0,1167.0,0.0
2026-06-10,OPT,DEC29,0.00,-,0.0,1.0,0.0
2026-06-11,ALL,JUN26,29464.75,+910.75,1100485.8,290553.5,-17944.3
2026-06-11,RET,JUN26,29464.75,+910.75,367267.80000000005,25900.5,-824.3000000000001
2026-06-11,ALL,SEP26,29751.75,+920.50,67539.5,37438.4,9740.3
2026-06-11,RET,SEP26,29751.75,+920.50,5474.5,1606.4,233.3
2026-06-11,ALL,DEC26,30035.25,+921.25,208.4,328.5,125.30000000000001
2026-06-11,RET,DEC26,30035.25,+921.25,43.400000000000006,95.5,90.30000000000001
2026-06-11,ALL,MAR27,30338.50,+893.75,11.0,12.2,0.0
2026-06-11,RET,MAR27,30338.50,+893.75,0.0,1.2000000000000002,0.0
2026-06-11,ALL,JUN27,30632.25,+893.75,0.0,2.9,0.0
2026-06-11,RET,JUN27,30632.25,+893.75,0.0,0.9,0.0
2026-06-11,ALL,DEC29,32929.75,+893.75,0.0,1.0,0.0
2026-06-11,RET,DEC29,32929.75,+893.75,0,0,0
2026-06-11,OPT,JUN26,0.94,-,41851.899999999994,20231.799999999996,1160.4000000000008
2026-06-11,OPT,JUL26,1.14,-,5787.0,-6930.0,76.0
2026-06-11,OPT,AUG26,1.21,-,776.0,-1016.0,176.0
2026-06-11,OPT,SEP26,1.27,-,2047.0,-3961.0,144.0
2026-06-11,OPT,DEC26,0.58,-,1883.0,-267.0,384.0
2026-06-11,OPT,MAR27,24.00,-,25.0,58.0,-20.0
2026-06-11,OPT,JUN27,0.00,-,0.0,47.0,0.0
2026-06-11,OPT,DEC27,0.00,-,0.0,238.0,0.0
2026-06-11,OPT,DEC28,0.00,-,0.0,915.0,0.0
2026-06-11,OPT,DEC29,0.00,-,0.0,-1.0,0.0
2026-06-12,ALL,JUN26,29662.00,+197.25,750524.9,261802.3,-21751.0
2026-06-12,RET,JUN26,29662.00,+197.25,252607.90000000002,26565.300000000003,682.0
2026-06-12,ALL,SEP26,29954.75,+203.00,230675.9,74876.2,37439.3
2026-06-12,RET,SEP26,29954.75,+203.00,52543.9,2315.2000000000003,709.3000000000001
2026-06-12,ALL,DEC26,30250.25,+215.00,225.0,333.3,-20.3
2026-06-12,RET,DEC26,30250.25,+215.00,43.0,92.30000000000001,-28.3
2026-06-12,ALL,MAR27,30562.50,+224.00,11.0,12.2,0.0
2026-06-12,RET,MAR27,30562.50,+224.00,0.0,1.2000000000000002,0.0
2026-06-12,ALL,JUN27,30856.25,+224.00,0.0,2.9,0.0
2026-06-12,RET,JUN27,30856.25,+224.00,0.0,0.9,0.0
2026-06-12,ALL,DEC29,33153.75,+224.00,0.0,1.0,0.0
2026-06-12,RET,DEC29,33153.75,+224.00,0,0,0
2026-06-12,OPT,JUN26,1.04,-,83773.00000000001,23695.40000000001,3249.5999999999976
2026-06-12,OPT,JUL26,1.86,-,6047.0,-7533.0,-603.0
2026-06-12,OPT,AUG26,0.39,-,989.0,-556.0,460.0
2026-06-12,OPT,SEP26,2.21,-,1959.0,-4013.0,-52.0
2026-06-12,OPT,DEC26,0.56,-,934.0,46.0,313.0
2026-06-12,OPT,MAR27,4.00,-,20.0,54.0,-4.0
2026-06-12,OPT,JUN27,0.00,-,0.0,47.0,0.0
2026-06-12,OPT,DEC27,0.00,-,0.0,238.0,0.0
2026-06-12,OPT,DEC28,0.00,-,0.0,915.0,0.0
2026-06-12,OPT,DEC29,0.00,-,0.0,-1.0,0.0
2026-06-15,ALL,JUN26,30559.25,+897.25,397803.9,164023.8,-90522.4
2026-06-15,RET,JUN26,30559.25,+897.25,60997.9,25397.800000000003,-1172.4
2026-06-15,ALL,SEP26,30864.25,+909.50,691037.3,182713.4,107845.2
2026-06-15,RET,SEP26,30864.25,+909.50,173478.30000000002,3880.4,1567.2
2026-06-15,ALL,DEC26,31167.00,+916.75,249.2,352.4,101.30000000000001
2026-06-15,RET,DEC26,31167.00,+916.75,113.2,101.4,91.30000000000001
2026-06-15,ALL,MAR27,31502.75,+940.25,15.0,15.600000000000001,3.4000000000000004
2026-06-15,RET,MAR27,31502.75,+940.25,4.0,4.6000000000000005,3.4000000000000004
2026-06-15,ALL,JUN27,31796.50,+940.25,0.0,2.9,0.0
2026-06-15,RET,JUN27,31796.50,+940.25,0.0,0.9,0.0
2026-06-15,ALL,DEC29,34094.00,+940.25,0.0,1.0,0.0
2026-06-15,RET,DEC29,34094.00,+940.25,0,0,0
2026-06-15,OPT,JUN26,0.79,-,24312.200000000004,22661.4,-609.2000000000002
2026-06-15,OPT,JUL26,2.23,-,7625.5,-7568.5,-35.5
2026-06-15,OPT,AUG26,0.46,-,1399.0,-263.0,293.0
2026-06-15,OPT,SEP26,1.47,-,3105.0,-3782.0,231.0
2026-06-15,OPT,DEC26,0.31,-,2121.0,665.0,619.0
2026-06-15,OPT,MAR27,3.00,-,4.0,54.0,0.0
2026-06-15,OPT,JUN27,0.00,-,0.0,47.0,0.0
2026-06-15,OPT,DEC27,0.00,-,0.0,238.0,0.0
2026-06-15,OPT,DEC28,0.00,-,0.0,915.0,0.0
2026-06-15,OPT,DEC29,0.00,-,0.0,-1.0,0.0
2026-06-16,ALL,JUN26,29995.00,-564.25,249068.0,123011.4,-31210.2
2026-06-16,RET,JUN26,29995.00,-564.25,40557.0,24277.4,-1017.2
2026-06-16,ALL,SEP26,30313.75,-550.50,883150.0,256396.7,73706.2
2026-06-16,RET,SEP26,30313.75,-550.50,278676.0,6797.700000000001,2928.2000000000003
2026-06-16,ALL,DEC26,30625.50,-541.50,485.6,365.7,6.699999999999999
2026-06-16,RET,DEC26,30625.50,-541.50,187.60000000000002,100.7,-7.300000000000001
2026-06-16,ALL,MAR27,30951.25,-551.50,12.0,16.6,1.0
2026-06-16,RET,MAR27,30951.25,-551.50,1.0,5.6000000000000005,1.0
2026-06-16,ALL,JUN27,31245.00,-551.50,0.0,2.9,0.0
2026-06-16,RET,JUN27,31245.00,-551.50,0.0,0.9,0.0
2026-06-16,ALL,DEC29,33542.50,-551.50,0.0,1.0,0.0
2026-06-16,RET,DEC29,33542.50,-551.50,0,0,0
2026-06-16,OPT,JUN26,0.70,-,22577.299999999996,20739.999999999993,1387.4000000000005
2026-06-16,OPT,JUL26,0.90,-,9551.0,-5845.199999999999,1720.9
2026-06-16,OPT,AUG26,1.02,-,1470.0,-138.0,125.0
2026-06-16,OPT,SEP26,0.55,-,3707.0,-3015.0,767.0
2026-06-16,OPT,DEC26,0.86,-,1207.0,599.0,-66.0
2026-06-16,OPT,MAR27,0.02,-,58.0,98.0,44.0
2026-06-16,OPT,JUN27,0.50,-,3.0,47.0,0.0
2026-06-16,OPT,DEC27,0.00,-,0.0,238.0,0.0
2026-06-16,OPT,DEC28,0.00,-,2.0,913.0,-2.0
2026-06-16,OPT,DEC29,0.00,-,0.0,-1.0,0.0
2026-06-17,ALL,JUN26,29687.50,-307.50,115024.3,82468.3,-36272.4
2026-06-17,RET,JUN26,29687.50,-307.50,22748.300000000003,9430.300000000001,-14666.400000000001
2026-06-17,ALL,SEP26,29998.75,-315.00,890114.8,271112.7,14984.4
2026-06-17,RET,SEP26,29998.75,-315.00,308754.8,7269.700000000001,659.4000000000001
2026-06-17,ALL,DEC26,30315.75,-309.75,773.4,383.0,59.300000000000004
2026-06-17,RET,DEC26,30315.75,-309.75,199.4,104.0,45.300000000000004
2026-06-17,ALL,MAR27,30672.00,-279.25,11.0,16.6,0.0
2026-06-17,RET,MAR27,30672.00,-279.25,0.0,5.6000000000000005,0.0
2026-06-17,ALL,JUN27,30992.25,-252.75,8.0,9.9,7.0
2026-06-17,RET,JUN27,30992.25,-252.75,0.0,0.9,0.0
2026-06-17,ALL,DEC29,33289.75,-252.75,0.0,1.0,0.0
2026-06-17,RET,DEC29,33289.75,-252.75,0,0,0
2026-06-17,OPT,JUN26,0.63,-,25397.6,15875.700000000004,-303.20000000000005
2026-06-17,OPT,JUL26,1.35,-,5893.2,-6101.699999999999,-256.5
2026-06-17,OPT,AUG26,0.44,-,1425.0,-92.0,46.0
2026-06-17,OPT,SEP26,1.56,-,3522.0,-3336.0,-321.0
2026-06-17,OPT,DEC26,1.28,-,299.0,595.0,-4.0
2026-06-17,OPT,MAR27,4.00,-,5.0,96.0,-2.0
2026-06-17,OPT,JUN27,0.00,-,11.0,58.0,11.0
2026-06-17,OPT,DEC27,0.00,-,0.0,238.0,0.0
2026-06-17,OPT,DEC28,0.00,-,0.0,913.0,0.0
2026-06-17,OPT,DEC29,0.00,-,0.0,-1.0,0.0
2026-06-18,ALL,JUN26,30263.30,+575.85,15528.6,69343.2,-2631.5
2026-06-18,RET,JUN26,30263.30,+575.85,3308.6000000000004,8745.2,-692.5
2026-06-18,ALL,SEP26,30719.75,+721.00,817806.2,273723.7,3077.4
2026-06-18,RET,SEP26,30719.75,+721.00,258583.2,8089.700000000001,831.4000000000001
2026-06-18,ALL,DEC26,31050.75,+735.00,994.0,520.0,403.3
2026-06-18,RET,DEC26,31050.75,+735.00,248.0,130.0,292.3
2026-06-18,ALL,MAR27,31397.75,+725.75,11.0,16.5,-0.1
2026-06-18,RET,MAR27,31397.75,+725.75,0.0,5.5,-0.1
2026-06-18,ALL,JUN27,31718.00,+725.75,0.0,44.9,35.0
2026-06-18,RET,JUN27,31718.00,+725.75,0.0,0.9,0.0
2026-06-18,ALL,DEC29,34015.50,+725.75,0.0,1.0,0.0
2026-06-18,RET,DEC29,34015.50,+725.75,0,0,0
2026-06-18,OPT,JUN26,1.67,-,24463.1,-11849.0,-22119.7
2026-06-18,OPT,JUL26,1.07,-,9250.0,-5358.5999999999985,743.1
2026-06-18,OPT,AUG26,0.76,-,1869.0,173.0,265.0
2026-06-18,OPT,SEP26,0.68,-,4506.0,-2710.0,626.0
2026-06-18,OPT,DEC26,1.22,-,516.0,600.0,5.0
2026-06-18,OPT,MAR27,1.06,-,35.0,79.0,-17.0
2026-06-18,OPT,JUN27,0.00,-,101.0,-43.0,-101.0
2026-06-18,OPT,DEC27,0.00,-,0.0,238.0,0.0
2026-06-18,OPT,DEC28,0.00,-,0.0,913.0,0.0
2026-06-18,OPT,DEC29,0.00,-,0.0,-1.0,0.0
2026-06-22,ALL,JUN26,0.00,+0.00,0.0,0.0,-67130.2
2026-06-22,RET,JUN26,0.00,+0.00,0.0,0.0,-8733.2
2026-06-22,ALL,SEP26,30653.50,-66.25,1010682.1000000001,281496.8,8647.9
2026-06-22,RET,SEP26,30653.50,-66.25,368768.10000000003,9655.800000000001,1638.9
2026-06-22,ALL,DEC26,30977.75,-73.00,1758.8000000000002,624.0,149.3
2026-06-22,RET,DEC26,30977.75,-73.00,546.8000000000001,134.0,49.300000000000004
2026-06-22,ALL,MAR27,31329.75,-68.00,11.0,16.6,1.3
2026-06-22,RET,MAR27,31329.75,-68.00,0.0,5.6000000000000005,1.3
2026-06-22,ALL,JUN27,31650.00,-68.00,44.0,45.0,1.3
2026-06-22,RET,JUN27,31650.00,-68.00,0.0,1.0,1.3
2026-06-22,ALL,DEC29,33947.50,-68.00,0.0,1.0,0.0
2026-06-22,RET,DEC29,33947.50,-68.00,0,0,0
2026-06-22,OPT,JUN26,1.68,-,24097.100000000002,-14251.9,-2392.9
2026-06-22,OPT,JUL26,2.00,-,7068.9,-5682.0999999999985,-323.5000000000001
2026-06-22,OPT,AUG26,1.69,-,1485.0,-142.0,-315.0
2026-06-22,OPT,SEP26,1.43,-,4356.0,-2672.0,38.0
2026-06-22,OPT,DEC26,1.20,-,420.0,636.0,-32.0
2026-06-22,OPT,MAR27,0.19,-,102.0,75.0,-4.0
2026-06-22,OPT,JUN27,0.00,-,18.0,-60.0,-17.0
2026-06-22,OPT,DEC27,0.00,-,0.0,238.0,0.0
2026-06-22,OPT,DEC28,0.00,-,0.0,913.0,0.0
2026-06-22,OPT,DEC29,0.00,-,0.0,-1.0,0.0
2026-06-23,ALL,JUN26,0.00,+0.00,0.0,0.0,-43.0
2026-06-23,RET,JUN26,0.00,+0.00,0.0,0.0,-2.0
2026-06-23,ALL,SEP26,29666.00,-987.50,1078674.6,276132.0,-4602.2
2026-06-23,RET,SEP26,29666.00,-987.50,354381.60000000003,11544.0,1922.8000000000002
2026-06-23,ALL,DEC26,29978.75,-999.00,2001.2,751.1,580.3
2026-06-23,RET,DEC26,29978.75,-999.00,792.2,185.10000000000002,504.3
2026-06-23,ALL,MAR27,0.00,+0.00,11.0,11.0,0.0
2026-06-23,RET,MAR27,0.00,+0.00,0.0,0.0,0.0
2026-06-23,ALL,JUN27,30650.25,-999.75,44.0,45.0,0.0
2026-06-23,RET,JUN27,30650.25,-999.75,0.0,1.0,0.0
2026-06-23,ALL,DEC29,0.00,+0.00,0.0,1.0,0.0
2026-06-23,RET,DEC29,0.00,+0.00,0,0,0
2026-06-23,OPT,JUN26,2.25,-,43589.9,-14638.999999999998,-407.9999999999998
2026-06-23,OPT,JUL26,2.43,-,10212.6,-7991.999999999999,-2309.9
2026-06-23,OPT,AUG26,1.96,-,1302.0,-197.0,-55.0
2026-06-23,OPT,SEP26,3.35,-,4919.0,-3315.0,-647.0
2026-06-23,OPT,DEC26,2.41,-,1531.0,1362.0,726.0
2026-06-23,OPT,MAR27,0.20,-,12.0,75.0,0.0
2026-06-23,OPT,JUN27,0.20,-,6.0,-56.0,4.0
2026-06-23,OPT,DEC27,0.00,-,0.0,238.0,0.0
2026-06-23,OPT,DEC28,0.00,-,0.0,913.0,0.0
2026-06-23,OPT,DEC29,0.00,-,0.0,-1.0,0.0
2026-06-24,ALL,SEP26,29514.25,-151.75,1042452.6000000001,278664.4,2667.3
2026-06-24,RET,SEP26,29514.25,-151.75,361772.60000000003,11528.400000000001,-5.7
2026-06-24,ALL,DEC26,29822.50,-156.25,2184.3,930.0,316.3
2026-06-24,RET,DEC26,29822.50,-156.25,555.3000000000001,198.0,148.3
2026-06-24,ALL,MAR27,30152.50,-170.25,11.0,17.0,1.3
2026-06-24,RET,MAR27,30152.50,-170.25,0.0,6.0,1.3
2026-06-24,ALL,JUN27,30498.75,-151.50,44.0,45.1,1.3
2026-06-24,RET,JUN27,30498.75,-151.50,0.0,1.1,1.3
2026-06-24,ALL,DEC29,32770.25,-170.25,0.0,1.0,0.0
2026-06-24,RET,DEC29,32770.25,-170.25,0,0,0
2026-06-24,OPT,JUN26,1.12,-,41129.8,-14253.499999999996,585.4999999999995
2026-06-24,OPT,JUL26,1.98,-,8718.4,-8979.799999999994,-987.8000000000001
2026-06-24,OPT,AUG26,1.72,-,1266.0,-514.0,-317.0
2026-06-24,OPT,SEP26,1.20,-,3280.0,-2975.0,280.0
2026-06-24,OPT,DEC26,0.33,-,844.0,1758.0,396.0
2026-06-24,OPT,MAR27,1.21,-,31.0,74.0,-1.0
2026-06-24,OPT,JUN27,0.20,-,6.0,-52.0,4.0
2026-06-24,OPT,DEC27,0.00,-,0.0,238.0,0.0
2026-06-24,OPT,DEC28,0.00,-,0.0,913.0,0.0
2026-06-24,OPT,DEC29,0.00,-,0.0,-1.0,0.0
2026-06-25,ALL,JUN26,0.00,+0.00,0.0,0.0,-0.8
2026-06-25,RET,JUN26,0.00,+0.00,0.0,0.0,-0.8
2026-06-25,ALL,SEP26,29724.75,+210.50,1026654.6000000001,283972.2,6223.5
2026-06-25,RET,SEP26,29724.75,+210.50,371012.60000000003,12204.2,671.5
2026-06-25,ALL,DEC26,30036.00,+213.50,2005.6,1050.0,218.3
2026-06-25,RET,DEC26,30036.00,+213.50,482.6,209.0,109.30000000000001
2026-06-25,ALL,MAR27,30386.75,+234.25,11.0,16.9,-1.3
2026-06-25,RET,MAR27,30386.75,+234.25,0.0,5.9,-1.3
2026-06-25,ALL,JUN27,30777.25,+278.50,44.0,45.1,0.0
2026-06-25,RET,JUN27,30777.25,+278.50,0.0,1.1,0.0
2026-06-25,ALL,DEC29,33048.75,+278.50,0.0,1.0,0.0
2026-06-25,RET,DEC29,33048.75,+278.50,0,0,0
2026-06-25,OPT,JUN26,1.18,-,55287.6,-16750.899999999998,-2426.8999999999996
2026-06-25,OPT,JUL26,1.21,-,10761.5,-9347.7,-367.9
2026-06-25,OPT,AUG26,1.28,-,1465.0,-632.0,-118.0
2026-06-25,OPT,SEP26,1.76,-,2167.0,-2974.0,1.0
2026-06-25,OPT,DEC26,0.44,-,500.0,1706.0,-58.0
2026-06-25,OPT,MAR27,1.00,-,28.0,74.0,0.0
2026-06-25,OPT,JUN27,0.50,-,3.0,-54.0,-2.0
2026-06-25,OPT,DEC27,0.00,-,0.0,238.0,0.0
2026-06-25,OPT,DEC28,0.00,-,0.0,913.0,0.0
2026-06-25,OPT,DEC29,0.00,-,0.0,-1.0,0.0
2026-06-26,ALL,SEP26,29368.25,-356.50,911135.6000000001,286496.2,4368.3
2026-06-26,RET,SEP26,29368.25,-356.50,330561.60000000003,12670.2,474.3
2026-06-26,ALL,DEC26,29667.75,-368.25,3178.5,1390.4,532.3
2026-06-26,RET,DEC26,29667.75,-368.25,569.5,230.4,213.3
2026-06-26,ALL,MAR27,30017.50,-369.25,11.0,17.0,1.3
2026-06-26,RET,MAR27,30017.50,-369.25,0.0,6.0,1.3
2026-06-26,ALL,JUN27,30378.00,-399.25,0.0,46.1,1.0
2026-06-26,RET,JUN27,30378.00,-399.25,0.0,1.1,0.0
2026-06-26,ALL,DEC29,32657.75,-391.00,0.0,1.0,0.0
2026-06-26,RET,DEC29,32657.75,-391.00,0,0,0
2026-06-26,OPT,JUN26,1.29,-,65862.0,-11055.1,5695.799999999999
2026-06-26,OPT,JUL26,1.39,-,9792.3,-10843.799999999997,-1076.1000000000001
2026-06-26,OPT,AUG26,2.01,-,2108.0,-959.0,-327.0
2026-06-26,OPT,SEP26,2.48,-,3531.0,-3274.0,-300.0
2026-06-26,OPT,DEC26,2.45,-,1865.0,777.0,-929.0
2026-06-26,OPT,MAR27,1.62,-,34.0,81.0,7.0
2026-06-26,OPT,JUN27,0.00,-,1.0,-55.0,-1.0
2026-06-26,OPT,DEC27,0.00,-,0.0,238.0,0.0
2026-06-26,OPT,DEC28,0.00,-,0.0,913.0,0.0
2026-06-26,OPT,DEC29,0.00,-,0.0,-1.0,0.0
2026-06-29,ALL,SEP26,30052.75,+684.50,845413.0,292059.7,6980.3
2026-06-29,RET,SEP26,30052.75,+684.50,316485.0,13769.7,1085.3
2026-06-29,ALL,DEC26,30363.25,+695.50,2503.4,1450.1,28.699999999999996
2026-06-29,RET,DEC26,30363.25,+695.50,446.40000000000003,227.10000000000002,-34.300000000000004
2026-06-29,ALL,MAR27,30703.50,+686.00,11.0,16.9,-1.3
2026-06-29,RET,MAR27,30703.50,+686.00,0.0,5.9,-1.3
2026-06-29,ALL,JUN27,31064.00,+686.00,45.0,46.1,0.0
2026-06-29,RET,JUN27,31064.00,+686.00,0.0,1.1,0.0
2026-06-29,ALL,DEC29,33343.75,+686.00,0.0,1.0,0.0
2026-06-29,RET,DEC29,33343.75,+686.00,0,0,0
2026-06-29,OPT,JUN26,1.23,-,26877.5,-12216.0,-1160.8999999999996
2026-06-29,OPT,JUL26,2.51,-,16372.3,-15121.200000000003,-4277.4
2026-06-29,OPT,AUG26,1.22,-,1489.0,-1009.0,-50.0
2026-06-29,OPT,SEP26,1.93,-,2965.0,-3634.0,-360.0
2026-06-29,OPT,DEC26,2.51,-,505.0,617.0,-160.0
2026-06-29,OPT,MAR27,0.45,-,16.0,72.0,-9.0
2026-06-29,OPT,JUN27,0.00,-,1.0,-54.0,1.0
2026-06-29,OPT,DEC27,0.00,-,0.0,238.0,0.0
2026-06-29,OPT,DEC28,0.00,-,0.0,913.0,0.0
2026-06-29,OPT,DEC29,0.00,-,0.0,-1.0,0.0
2026-06-30,ALL,SEP26,30523.50,+470.75,721929.2,299325.2,10714.0
2026-06-30,RET,SEP26,30523.50,+470.75,241101.2,17858.2,4153.0
2026-06-30,ALL,DEC26,30842.50,+479.25,1433.3,1330.7,-29.69999999999999
2026-06-30,RET,DEC26,30842.50,+479.25,316.3,236.70000000000002,95.30000000000001
2026-06-30,ALL,MAR27,31166.00,+462.50,11.0,17.0,1.3
2026-06-30,RET,MAR27,31166.00,+462.50,0.0,6.0,1.3
2026-06-30,ALL,JUN27,31526.50,+462.50,45.0,46.1,0.0
2026-06-30,RET,JUN27,31526.50,+462.50,0.0,1.1,0.0
2026-06-30,ALL,DEC29,33806.25,+462.50,0.0,1.0,0.0
2026-06-30,RET,DEC29,33806.25,+462.50,0,0,0
2026-06-30,OPT,JUN26,1.28,-,46443.0,0.0,12216.0
2026-06-30,OPT,JUL26,1.74,-,18263.5,-18214.199999999997,-3093.0000000000005
2026-06-30,OPT,AUG26,0.64,-,3754.0,-388.0,621.0
2026-06-30,OPT,SEP26,1.57,-,1797.0,-4274.0,-640.0
2026-06-30,OPT,DEC26,1.99,-,1057.0,407.0,-210.0
2026-06-30,OPT,MAR27,3.18,-,92.0,9.0,-63.0
2026-06-30,OPT,JUN27,0.00,-,20.0,-66.0,-12.0
2026-06-30,OPT,DEC27,0.00,-,0.0,238.0,0.0
2026-06-30,OPT,DEC28,0.00,-,0.0,913.0,0.0
2026-06-30,OPT,DEC29,0.00,-,0.0,-1.0,0.0
2026-07-01,ALL,SEP26,30094.25,-429.25,800168.5,295826.9,587.0999999999999
2026-07-01,RET,SEP26,30094.25,-429.25,278852.5,17217.9,-614.9000000000001
2026-07-01,ALL,DEC26,30405.75,-436.75,1205.1,1263.8,-180.3
2026-07-01,RET,DEC26,30405.75,-436.75,255.10000000000002,223.8,-126.30000000000001
2026-07-01,ALL,MAR27,30755.00,-411.00,11.0,17.3,3.3000000000000003
2026-07-01,RET,MAR27,30755.00,-411.00,0.0,6.300000000000001,3.3000000000000003
2026-07-01,ALL,JUN27,31104.00,-422.50,45.0,46.2,1.3
2026-07-01,RET,JUN27,31104.00,-422.50,0.0,1.2000000000000002,1.3
2026-07-01,ALL,DEC29,33383.75,-422.50,0.0,1.0,0.0
2026-07-01,RET,DEC29,33383.75,-422.50,0,0,0
2026-07-01,OPT,JUL26,1.59,-,20538.4,-20287.5,-2074.2999999999997
2026-07-01,OPT,AUG26,0.73,-,2475.0,-206.0,182.0
2026-07-01,OPT,SEP26,0.97,-,2466.0,-4215.0,59.0
2026-07-01,OPT,DEC26,1.29,-,483.0,433.0,26.0
2026-07-01,OPT,MAR27,0.17,-,49.0,3.0,-6.0
2026-07-01,OPT,JUN27,0.00,-,1.0,-67.0,-1.0
2026-07-01,OPT,DEC27,0.00,-,0.0,238.0,0.0
2026-07-01,OPT,DEC28,0.00,-,0.0,913.0,0.0
2026-07-01,OPT,DEC29,0.00,-,0.0,-1.0,0.0
2026-07-02,ALL,SEP26,29556.00,-538.25,1045207.2,294617.0,856.3000000000002
2026-07-02,RET,SEP26,29556.00,-538.25,397989.2,18547.0,1329.3000000000002
2026-07-02,ALL,DEC26,29859.25,-546.50,1876.8000000000002,1249.4,127.30000000000001
2026-07-02,RET,DEC26,29859.25,-546.50,543.8000000000001,239.4,157.3
2026-07-02,ALL,MAR27,30187.00,-568.00,11.0,17.7,4.3
2026-07-02,RET,MAR27,30187.00,-568.00,0.0,6.7,4.3
2026-07-02,ALL,JUN27,30536.00,-568.00,45.0,46.3,1.3
2026-07-02,RET,JUN27,30536.00,-568.00,0.0,1.3,1.3
2026-07-02,ALL,DEC29,32815.75,-568.00,0.0,1.0,0.0
2026-07-02,RET,DEC29,32815.75,-568.00,0,0,0
2026-07-02,OPT,JUL26,1.33,-,30210.9,-19881.9,405.59999999999957
2026-07-02,OPT,AUG26,0.98,-,2539.0,-57.0,149.0
2026-07-02,OPT,SEP26,1.38,-,3564.0,-4257.0,-42.0
2026-07-02,OPT,DEC26,1.33,-,755.0,267.0,-166.0
2026-07-02,OPT,MAR27,1.83,-,99.0,11.0,8.0
2026-07-02,OPT,JUN27,0.00,-,0.0,-67.0,0.0
2026-07-02,OPT,DEC27,0.00,-,0.0,238.0,0.0
2026-07-02,OPT,DEC28,0.00,-,0.0,913.0,0.0
2026-07-02,OPT,DEC29,0.00,-,0.0,-1.0,0.0
2026-07-06,ALL,SEP26,29941.00,+385.00,873431.3,289437.4,-3847.4
2026-07-06,RET,SEP26,29941.00,+385.00,326287.30000000005,17540.4,-876.4000000000001
2026-07-06,ALL,DEC26,30248.75,+389.50,1531.8,1199.8,-104.30000000000001
2026-07-06,RET,DEC26,30248.75,+389.50,422.8,233.8,-60.300000000000004
2026-07-06,ALL,MAR27,30579.75,+392.75,11.0,17.9,2.3000000000000003
2026-07-06,RET,MAR27,30579.75,+392.75,0.0,6.9,2.3000000000000003
2026-07-06,ALL,JUN27,30928.75,+392.75,45.0,46.3,0.0
2026-07-06,RET,JUN27,30928.75,+392.75,0.0,1.3,0.0
2026-07-06,ALL,DEC29,33208.50,+392.75,0.0,1.0,0.0
2026-07-06,RET,DEC29,33208.50,+392.75,0,0,0
2026-07-06,OPT,JUL26,1.09,-,26535.9,-18330.90000000001,1503.0000000000002
2026-07-06,OPT,AUG26,0.49,-,4205.0,832.0,889.0
2026-07-06,OPT,SEP26,1.71,-,4023.0,-4392.0,-135.0
2026-07-06,OPT,DEC26,5.18,-,544.0,202.0,-65.0
2026-07-06,OPT,MAR27,1.50,-,20.0,9.0,-2.0
2026-07-06,OPT,JUN27,2.00,-,6.0,-69.0,-2.0
2026-07-06,OPT,DEC27,0.00,-,0.0,238.0,0.0
2026-07-06,OPT,DEC28,0.00,-,0.0,913.0,0.0
2026-07-06,OPT,DEC29,0.00,-,0.0,-1.0,0.0
2026-07-07,ALL,SEP26,29391.50,-549.50,908557.9,303105.9,15660.4
2026-07-07,RET,SEP26,29391.50,-549.50,323073.9,17779.9,259.40000000000003
2026-07-07,ALL,DEC26,29694.25,-554.50,1760.6,1367.9,359.3
2026-07-07,RET,DEC26,29694.25,-554.50,414.6,254.9,212.3
2026-07-07,ALL,MAR27,30032.25,-547.50,11.9,17.6,-3.3000000000000003
2026-07-07,RET,MAR27,30032.25,-547.50,0.9,6.6000000000000005,-3.3000000000000003
2026-07-07,ALL,JUN27,30381.25,-547.50,45.0,46.3,0.0
2026-07-07,RET,JUN27,30381.25,-547.50,0.0,1.3,0.0
2026-07-07,ALL,DEC29,32661.00,-547.50,0.0,1.0,0.0
2026-07-07,RET,DEC29,32661.00,-547.50,0,0,0
2026-07-07,OPT,JUL26,0.90,-,33287.399999999994,-15922.699999999997,2394.900000000001
2026-07-07,OPT,AUG26,1.54,-,3106.0,451.0,-381.0
2026-07-07,OPT,SEP26,1.93,-,2890.0,-4667.0,-275.0
2026-07-07,OPT,DEC26,2.02,-,608.0,-38.0,-240.0
2026-07-07,OPT,MAR27,0.06,-,18.0,3.0,-6.0
2026-07-07,OPT,JUN27,0.00,-,0.0,-69.0,0.0
2026-07-07,OPT,DEC27,0.00,-,0.0,238.0,0.0
2026-07-07,OPT,DEC28,0.00,-,3.0,912.0,-1.0
2026-07-07,OPT,DEC29,0.00,-,0.0,-1.0,0.0
2026-07-08,ALL,SEP26,29468.50,+77.00,891432.4,297974.1,-3745.1
2026-07-08,RET,SEP26,29468.50,+77.00,338800.4,18346.100000000002,542.9
2026-07-08,ALL,DEC26,29769.25,+75.00,2503.5,1411.4,82.30000000000001
2026-07-08,RET,DEC26,29769.25,+75.00,525.5,259.40000000000003,43.300000000000004
2026-07-08,ALL,MAR27,30109.75,+77.50,12.5,17.7,2.3000000000000003
2026-07-08,RET,MAR27,30109.75,+77.50,1.5,6.7,2.3000000000000003
2026-07-08,ALL,JUN27,30458.75,+77.50,45.0,46.3,0.0
2026-07-08,RET,JUN27,30458.75,+77.50,0.0,1.3,0.0
2026-07-08,ALL,DEC29,32738.50,+77.50,0.0,1.0,0.0
2026-07-08,RET,DEC29,32738.50,+77.50,0,0,0
2026-07-08,OPT,JUL26,1.21,-,48639.80000000001,-20350.9,-4428.099999999999
2026-07-08,OPT,AUG26,0.57,-,3798.0,847.0,396.0
2026-07-08,OPT,SEP26,1.34,-,3824.0,-4879.0,-212.0
2026-07-08,OPT,DEC26,0.58,-,580.0,-92.0,-54.0
2026-07-08,OPT,MAR27,0.82,-,120.0,-35.0,-38.0
2026-07-08,OPT,JUN27,6.67,-,23.0,-86.0,-17.0
2026-07-08,OPT,DEC27,0.00,-,0.0,238.0,0.0
2026-07-08,OPT,DEC28,0.00,-,0.0,912.0,0.0
2026-07-08,OPT,DEC29,0.00,-,0.0,-1.0,0.0
2026-07-09,ALL,SEP26,29937.00,+468.50,731252.6,299266.4,3036.9
2026-07-09,RET,SEP26,29937.00,+468.50,260927.6,19700.4,1358.9
2026-07-09,ALL,DEC26,30238.75,+469.50,1773.4,1444.8,301.3
2026-07-09,RET,DEC26,30238.75,+469.50,670.4000000000001,288.8,293.3
2026-07-09,ALL,MAR27,30578.50,+468.75,11.0,17.8,1.3
2026-07-09,RET,MAR27,30578.50,+468.75,0.0,6.800000000000001,1.3
2026-07-09,ALL,JUN27,30927.50,+468.75,45.0,46.3,0.0
2026-07-09,RET,JUN27,30927.50,+468.75,0.0,1.3,0.0
2026-07-09,ALL,DEC29,33207.25,+468.75,0.0,1.0,0.0
2026-07-09,RET,DEC29,33207.25,+468.75,0,0,0
2026-07-09,OPT,JUL26,1.36,-,44414.899999999994,-22874.699999999997,-2523.100000000001
2026-07-09,OPT,AUG26,1.06,-,2205.0,877.0,30.0
2026-07-09,OPT,SEP26,0.89,-,2497.0,-5366.0,-487.0
2026-07-09,OPT,DEC26,1.15,-,1030.0,-529.0,-437.0
2026-07-09,OPT,MAR27,0.51,-,53.0,-6.0,29.0
2026-07-09,OPT,JUN27,0.17,-,14.0,-76.0,10.0
2026-07-09,OPT,DEC27,0.00,-,8.0,232.0,-6.0
2026-07-09,OPT,DEC28,0.00,-,0.0,912.0,0.0
2026-07-09,OPT,DEC29,0.00,-,0.0,-1.0,0.0
2026-07-10,ALL,SEP26,30032.25,+95.25,668260.6,296893.2,708.3
2026-07-10,RET,SEP26,30032.25,+95.25,239409.6,19122.2,-551.7
2026-07-10,ALL,DEC26,30339.25,+100.50,1037.8,1419.4,43.3
2026-07-10,RET,DEC26,30339.25,+100.50,387.8,296.40000000000003,76.3
2026-07-10,ALL,MAR27,30680.75,+102.25,11.0,17.5,-3.3000000000000003
2026-07-10,RET,MAR27,30680.75,+102.25,0.0,6.5,-3.3000000000000003
2026-07-10,ALL,JUN27,31029.75,+102.25,45.0,46.3,0.0
2026-07-10,RET,JUN27,31029.75,+102.25,0.0,1.3,0.0
2026-07-10,ALL,DEC29,33309.50,+102.25,0.0,1.0,0.0
2026-07-10,RET,DEC29,33309.50,+102.25,0,0,0
2026-07-10,OPT,JUL26,1.10,-,57485.600000000006,-15228.2,7645.499999999998
2026-07-10,OPT,AUG26,1.25,-,1627.0,757.0,-120.0
2026-07-10,OPT,SEP26,1.63,-,2212.0,-5409.0,-43.0
2026-07-10,OPT,DEC26,1.84,-,338.0,-696.0,-167.0
2026-07-10,OPT,MAR27,0.85,-,48.0,23.0,29.0
2026-07-10,OPT,JUN27,40.00,-,41.0,-114.0,-38.0
2026-07-10,OPT,DEC27,0.00,-,0.0,232.0,0.0
2026-07-10,OPT,DEC28,0.00,-,0.0,912.0,0.0
2026-07-10,OPT,DEC29,0.00,-,0.0,-1.0,0.0
