Date,Type,Month,Sett_PC,Change,Vol,OI,Delta
2026-02-27,FUT,MAR26,6889.00,-31.00,1638910,1972566,-29402
2026-02-27,FUT,JUN26,6941.50,-31.25,8531,52494,1862
2026-02-27,FUT,SEP26,6994.00,-29.75,40,616,-5
2026-02-27,FUT,DEC26,7041.75,-29.75,0,730,0
2026-02-27,FUT,MAR27,7087.50,-34.00,0,2,0
2026-02-27,FUT,DEC27,7222.75,-38.00,0,81,0
2026-02-27,FUT,DEC28,7421.75,-42.00,0,20,0
2026-02-27,OPT,FEB26,1.47,-,367046.0,0.0,365608.0
2026-02-27,OPT,MAR26,2.48,-,772162.0,-1470677.0,-312128.0
2026-02-27,OPT,APR26,1.39,-,33915.0,-280707.0,-8022.0
2026-02-27,OPT,MAY26,2.05,-,17428.0,-160310.0,-265.0
2026-02-27,OPT,JUN26,1.19,-,16128.0,-143843.0,-507.0
2026-02-27,OPT,JUL26,1.69,-,3089.0,-36257.0,574.0
2026-02-27,OPT,AUG26,3.20,-,2539.0,-21626.0,12.0
2026-02-27,OPT,SEP26,4.08,-,3106.0,-52511.0,-337.0
2026-02-27,OPT,OCT26,4.88,-,141.0,-18928.0,-61.0
2026-02-27,OPT,NOV26,1.92,-,35.0,-5115.0,26.0
2026-02-27,OPT,DEC26,2.76,-,1768.0,-41681.0,-756.0
2026-02-27,OPT,JAN27,9.60,-,53.0,-1555.0,9.0
2026-02-27,OPT,FEB27,11.50,-,25.0,-1016.0,-19.0
2026-02-27,OPT,MAR27,0.14,-,385.0,-5975.0,197.0
2026-02-27,OPT,JUN27,0.00,-,18.0,-1127.0,0.0
2026-02-27,OPT,SEP27,0.00,-,69.0,-1441.0,-69.0
2026-02-27,OPT,DEC27,239.00,-,240.0,-6595.0,-94.0
2026-03-02,FUT,MAR26,6888.25, -0.75,1844835,2011367,41849
2026-03-02,FUT,JUN26,6940.75, -0.75,12205,52762,268
2026-03-02,FUT,SEP26,6991.50, -2.50,49,632,16
2026-03-02,FUT,DEC26,7041.00, -0.75,0,730,0
2026-03-02,FUT,MAR27,7089.75, +2.25,0,2,0
2026-03-02,FUT,DEC27,7229.75, +7.00,0,81,0
2026-03-02,FUT,DEC28,7428.75, +7.00,0,20,0
2026-03-02,OPT,MAR26,2.62,-,1387369.0,-1508000.0,-37513.0
2026-03-02,OPT,APR26,2.12,-,38060.0,-287537.0,-6730.0
2026-03-02,OPT,MAY26,3.83,-,14879.0,-162840.0,-2530.0
2026-03-02,OPT,JUN26,6.75,-,96896.0,-217725.0,-73887.0
2026-03-02,OPT,JUL26,3.30,-,1304.0,-36629.0,-372.0
2026-03-02,OPT,AUG26,1.33,-,693.0,-21644.0,-18.0
2026-03-02,OPT,SEP26,2.30,-,4467.0,-53545.0,-1034.0
2026-03-02,OPT,OCT26,1.20,-,799.0,-19092.0,-164.0
2026-03-02,OPT,NOV26,3.08,-,147.0,-5159.0,-44.0
2026-03-02,OPT,DEC26,0.51,-,1581.0,-41018.0,663.0
2026-03-02,OPT,JAN27,2.19,-,599.0,-1765.0,-210.0
2026-03-02,OPT,FEB27,1.25,-,117.0,-1034.0,-18.0
2026-03-02,OPT,MAR27,0.78,-,420.0,-5854.0,121.0
2026-03-02,OPT,JUN27,4.67,-,119.0,-1214.0,-87.0
2026-03-02,OPT,SEP27,0.02,-,101.0,-1342.0,99.0
2026-03-02,OPT,DEC27,2.01,-,476.0,-6702.0,-107.0
2026-03-02,OPT,DEC28,0.00,-,32.0,-662.0,19.0
2026-03-03,FUT,MAR26,6824.75,-63.50,2259359,2026698,25825
2026-03-03,FUT,JUN26,6876.50,-64.25,24074,55246,2484
2026-03-03,FUT,SEP26,6926.00,-65.50,90,637,5
2026-03-03,FUT,DEC26,6974.00,-67.00,2,732,2
2026-03-03,FUT,MAR27,7023.75,-66.00,0,2,0
2026-03-03,FUT,DEC27,7163.75,-66.00,0,81,0
2026-03-03,FUT,DEC28,7347.75,-81.00,0,20,0
2026-03-03,OPT,MAR26,1.63,-,1494722.0,-1427502.0,80557.0
2026-03-03,OPT,APR26,2.73,-,87974.0,-298626.0,-11089.0
2026-03-03,OPT,MAY26,2.05,-,18156.0,-163019.0,-179.0
2026-03-03,OPT,JUN26,2.11,-,34410.0,-218995.0,-1270.0
2026-03-03,OPT,JUL26,3.88,-,2649.0,-37320.0,-691.0
2026-03-03,OPT,AUG26,1.28,-,6964.0,-22257.0,-613.0
2026-03-03,OPT,SEP26,3.97,-,5190.0,-55779.0,-2234.0
2026-03-03,OPT,OCT26,0.77,-,555.0,-19094.0,-2.0
2026-03-03,OPT,NOV26,0.93,-,400.0,-5120.0,39.0
2026-03-03,OPT,DEC26,2.25,-,4508.0,-42059.0,-1041.0
2026-03-03,OPT,JAN27,0.71,-,101.0,-1750.0,15.0
2026-03-03,OPT,FEB27,0.08,-,227.0,-892.0,142.0
2026-03-03,OPT,MAR27,2.07,-,3035.0,-6715.0,-861.0
2026-03-03,OPT,JUN27,0.60,-,146.0,-1178.0,36.0
2026-03-03,OPT,SEP27,0.00,-,2.0,-1342.0,0.0
2026-03-03,OPT,DEC27,26.84,-,529.0,-7065.0,-363.0
2026-03-03,OPT,DEC28,1.00,-,8.0,-664.0,-2.0
2026-03-03,OPT,DEC29,0.00,-,1.0,62.0,0.0
2026-03-03,OPT,DEC30,0.00,-,1.0,-30.0,1.0
2026-03-04,FUT,MAR26,6876.00,+51.25,1546814,2000450,-3589
2026-03-04,FUT,JUN26,6928.50,+52.00,15915,56197,975
2026-03-04,FUT,SEP26,6979.25,+53.25,23,649,12
2026-03-04,FUT,DEC26,7029.25,+55.25,1,731,-1
2026-03-04,FUT,MAR27,7082.25,+58.50,0,2,0
2026-03-04,FUT,DEC27,7222.50,+58.75,0,81,0
2026-03-04,FUT,DEC28,7424.50,+76.75,0,20,0
2026-03-04,OPT,MAR26,1.95,-,1214996.0,-1458600.0,-31804.0
2026-03-04,OPT,APR26,1.76,-,52183.0,-300201.0,-1418.0
2026-03-04,OPT,MAY26,1.53,-,21366.0,-166282.0,-2592.0
2026-03-04,OPT,JUN26,19.65,-,60314.0,-255500.0,-36542.0
2026-03-04,OPT,JUL26,1.20,-,1820.0,-37295.0,21.0
2026-03-04,OPT,AUG26,2.79,-,901.0,-22639.0,-382.0
2026-03-04,OPT,SEP26,1.95,-,5366.0,-56541.0,-762.0
2026-03-04,OPT,OCT26,5.40,-,333.0,-19316.0,-222.0
2026-03-04,OPT,NOV26,1.68,-,314.0,-5169.0,-49.0
2026-03-04,OPT,DEC26,1.01,-,1155.0,-41988.0,68.0
2026-03-04,OPT,JAN27,14.67,-,141.0,-1867.0,-117.0
2026-03-04,OPT,FEB27,69.00,-,280.0,-1158.0,-266.0
2026-03-04,OPT,MAR27,0.45,-,344.0,-6584.0,131.0
2026-03-04,OPT,JUN27,36.75,-,151.0,-1323.0,-145.0
2026-03-04,OPT,SEP27,11.75,-,102.0,-1412.0,-70.0
2026-03-04,OPT,DEC27,3.39,-,101.0,-7101.0,-36.0
2026-03-04,OPT,DEC28,0.00,-,13.0,-677.0,-13.0
2026-03-04,OPT,DEC29,0.00,-,2.0,62.0,0.0
2026-03-05,FUT,MAR26,6835.25,-40.75,1948470,1983825,-10763
2026-03-05,FUT,JUN26,6886.75,-41.75,34700,55879,46
2026-03-05,FUT,SEP26,6937.50,-41.75,118,713,64
2026-03-05,FUT,DEC26,6986.75,-42.50,1,732,1
2026-03-05,FUT,MAR27,7039.75,-42.50,0,2,0
2026-03-05,FUT,DEC27,7180.00,-42.50,0,81,0
2026-03-05,FUT,DEC28,7382.00,-42.50,0,20,0
2026-03-05,OPT,MAR26,1.60,-,1410590.0,-1539834.0,-82327.0
2026-03-05,OPT,APR26,1.64,-,50605.0,-305997.0,-5796.0
2026-03-05,OPT,MAY26,1.01,-,18113.0,-164173.0,2109.0
2026-03-05,OPT,JUN26,1.87,-,17332.0,-256299.0,-814.0
2026-03-05,OPT,JUL26,1.55,-,4266.0,-37578.0,-283.0
2026-03-05,OPT,AUG26,5.55,-,1146.0,-22809.0,-170.0
2026-03-05,OPT,SEP26,1.63,-,3489.0,-56933.0,-392.0
2026-03-05,OPT,OCT26,4.82,-,163.0,-19409.0,-93.0
2026-03-05,OPT,NOV26,5.86,-,439.0,-5469.0,-300.0
2026-03-05,OPT,DEC26,1.79,-,2584.0,-42355.0,-362.0
2026-03-05,OPT,JAN27,0.02,-,114.0,-1765.0,102.0
2026-03-05,OPT,FEB27,4.33,-,64.0,-1155.0,3.0
2026-03-05,OPT,MAR27,0.55,-,427.0,-6401.0,183.0
2026-03-05,OPT,JUN27,0.12,-,9.0,-1323.0,0.0
2026-03-05,OPT,SEP27,0.00,-,100.0,-1512.0,-100.0
2026-03-05,OPT,DEC27,51.00,-,52.0,-7152.0,-52.0
2026-03-05,OPT,DEC29,0.00,-,1.0,62.0,0.0
2026-03-06,FUT,MAR26,6743.75,-91.50,1940173,1966791,-12356
2026-03-06,FUT,JUN26,6794.00,-92.75,28542,61208,5330
2026-03-06,FUT,SEP26,6844.50,-93.00,435,986,273
2026-03-06,FUT,DEC26,6891.25,-95.50,1,733,1
2026-03-06,FUT,MAR27,6939.25,-100.50,0,2,0
2026-03-06,FUT,DEC27,7082.00,-98.00,0,81,0
2026-03-06,FUT,DEC28,7284.00,-98.00,0,20,0
2026-03-06,OPT,MAR26,2.23,-,1547809.0,-1503022.0,36108.0
2026-03-06,OPT,APR26,2.60,-,93029.0,-323035.0,-17038.0
2026-03-06,OPT,MAY26,2.26,-,36337.0,-164020.0,153.0
2026-03-06,OPT,JUN26,3.17,-,29975.0,-259115.0,-2816.0
2026-03-06,OPT,JUL26,1.50,-,5322.0,-38410.0,-832.0
2026-03-06,OPT,AUG26,2.39,-,2322.0,-23379.0,-570.0
2026-03-06,OPT,SEP26,3.69,-,5077.0,-57294.0,-361.0
2026-03-06,OPT,OCT26,6.18,-,2190.0,-20324.0,-915.0
2026-03-06,OPT,NOV26,0.78,-,246.0,-5425.0,44.0
2026-03-06,OPT,DEC26,2.95,-,5730.0,-45141.0,-2782.0
2026-03-06,OPT,JAN27,0.82,-,366.0,-1732.0,33.0
2026-03-06,OPT,FEB27,1.00,-,32.0,-1158.0,-3.0
2026-03-06,OPT,MAR27,106.50,-,215.0,-6484.0,-83.0
2026-03-06,OPT,JUN27,1.15,-,43.0,-1303.0,20.0
2026-03-06,OPT,SEP27,0.00,-,3.0,-1509.0,3.0
2026-03-06,OPT,DEC27,4.51,-,215.0,-7270.0,-118.0
2026-03-06,OPT,DEC28,0.00,-,1.0,-678.0,-1.0
2026-03-06,OPT,DEC29,0.00,-,2.0,64.0,2.0
2026-03-09,FUT,MAR26,6801.00,+57.25,2265287,1963612,2833
2026-03-09,FUT,JUN26,6852.00,+58.00,54532,72169,10961
2026-03-09,FUT,SEP26,6900.75,+56.25,214,1020,34
2026-03-09,FUT,DEC26,6948.75,+57.50,1,733,0
2026-03-09,FUT,MAR27,7000.75,+61.50,1,2,0
2026-03-09,FUT,DEC27,7147.50,+65.50,0,81,0
2026-03-09,FUT,DEC28,7356.50,+72.50,0,20,0
2026-03-09,OPT,MAR26,2.12,-,1580356.0,-1504362.0,557.0
2026-03-09,OPT,APR26,1.76,-,134223.0,-330830.0,-7794.0
2026-03-09,OPT,MAY26,2.33,-,27651.0,-165898.0,-1878.0
2026-03-09,OPT,JUN26,2.37,-,59310.0,-264166.0,-5051.0
2026-03-09,OPT,JUL26,2.63,-,8123.0,-41090.0,-2680.0
2026-03-09,OPT,AUG26,4.65,-,4485.0,-25090.0,-1711.0
2026-03-09,OPT,SEP26,0.86,-,7222.0,-57698.0,-404.0
2026-03-09,OPT,OCT26,0.47,-,2085.0,-19326.0,998.0
2026-03-09,OPT,NOV26,2.25,-,523.0,-5526.0,-101.0
2026-03-09,OPT,DEC26,0.59,-,8418.0,-43882.0,1259.0
2026-03-09,OPT,JAN27,0.19,-,357.0,-1559.0,173.0
2026-03-09,OPT,FEB27,1.41,-,320.0,-1195.0,-37.0
2026-03-09,OPT,MAR27,2.06,-,379.0,-6381.0,103.0
2026-03-09,OPT,JUN27,0.32,-,90.0,-1263.0,40.0
2026-03-09,OPT,SEP27,4.29,-,37.0,-1483.0,26.0
2026-03-09,OPT,DEC27,0.64,-,241.0,-7186.0,84.0
2026-03-09,OPT,DEC28,3.00,-,16.0,-676.0,2.0
2026-03-09,OPT,DEC29,0.00,-,22.0,64.0,0.0
2026-03-09,OPT,DEC30,0.00,-,2.0,-30.0,0.0
2026-03-10,FUT,MAR26,6787.25,-13.75,1893966,1923264,-35229
2026-03-10,FUT,JUN26,6838.00,-14.00,43361,75156,2929
2026-03-10,FUT,SEP26,6887.75,-13.00,95,1045,25
2026-03-10,FUT,DEC26,6936.50,-12.25,1,732,-1
2026-03-10,FUT,MAR27,6988.50,-12.25,0,2,0
2026-03-10,FUT,DEC27,7133.00,-14.50,0,81,0
2026-03-10,FUT,DEC28,7342.00,-14.50,0,20,0
2026-03-10,OPT,MAR26,2.63,-,1238177.0,-1511885.0,-4548.0
2026-03-10,OPT,APR26,1.09,-,103146.0,-319028.0,11795.0
2026-03-10,OPT,MAY26,2.74,-,18035.0,-171078.0,-5182.0
2026-03-10,OPT,JUN26,7.71,-,45418.0,-281515.0,-17367.0
2026-03-10,OPT,JUL26,0.72,-,7620.0,-38666.0,2423.0
2026-03-10,OPT,AUG26,10.41,-,2361.0,-24323.0,572.0
2026-03-10,OPT,SEP26,1.16,-,3621.0,-57608.0,84.0
2026-03-10,OPT,OCT26,9.58,-,455.0,-19429.0,-103.0
2026-03-10,OPT,NOV26,3.80,-,288.0,-5616.0,-90.0
2026-03-10,OPT,DEC26,0.68,-,1982.0,-43205.0,677.0
2026-03-10,OPT,JAN27,1.10,-,218.0,-1598.0,-39.0
2026-03-10,OPT,FEB27,0.00,-,86.0,-1273.0,-78.0
2026-03-10,OPT,MAR27,31.75,-,262.0,-6606.0,-225.0
2026-03-10,OPT,JUN27,1.12,-,51.0,-1248.0,15.0
2026-03-10,OPT,SEP27,23.14,-,169.0,-1638.0,-155.0
2026-03-10,OPT,DEC27,31.67,-,196.0,-7220.0,-34.0
2026-03-10,OPT,DEC28,1.06,-,33.0,-682.0,-6.0
2026-03-10,OPT,DEC29,0.00,-,1.0,63.0,-1.0
2026-03-10,OPT,DEC30,0.00,-,1.0,-30.0,0.0
2026-03-11,FUT,MAR26,6779.50, -7.75,1603374,1893936,-25748
2026-03-11,FUT,JUN26,6830.50, -7.50,78240,97970,22814
2026-03-11,FUT,SEP26,6880.50, -7.25,1248,1999,954
2026-03-11,FUT,DEC26,6930.50, -6.00,0,732,0
2026-03-11,FUT,MAR27,6981.00, -7.50,0,2,0
2026-03-11,FUT,DEC27,7136.00, +3.00,0,81,0
2026-03-11,FUT,DEC28,7348.00, +6.00,0,20,0
2026-03-11,OPT,MAR26,1.81,-,956878.0,-1435105.0,73762.0
2026-03-11,OPT,APR26,3.80,-,89074.0,-334728.0,-15881.0
2026-03-11,OPT,MAY26,1.85,-,12283.0,-170936.0,164.0
2026-03-11,OPT,JUN26,7.98,-,31684.0,-291627.0,-10172.0
2026-03-11,OPT,JUL26,0.33,-,2909.0,-39522.0,-854.0
2026-03-11,OPT,AUG26,1.82,-,3110.0,-24281.0,42.0
2026-03-11,OPT,SEP26,1.23,-,1640.0,-59078.0,-1470.0
2026-03-11,OPT,OCT26,0.20,-,931.0,-18834.0,595.0
2026-03-11,OPT,NOV26,1.25,-,72.0,-5620.0,-4.0
2026-03-11,OPT,DEC26,15.39,-,4998.0,-46709.0,-3504.0
2026-03-11,OPT,JAN27,0.16,-,66.0,-1566.0,32.0
2026-03-11,OPT,FEB27,1.61,-,154.0,-1283.0,-10.0
2026-03-11,OPT,MAR27,4.08,-,188.0,-6583.0,23.0
2026-03-11,OPT,JUN27,42.17,-,259.0,-1401.0,-153.0
2026-03-11,OPT,SEP27,4.62,-,45.0,-1667.0,-29.0
2026-03-11,OPT,DEC27,14.10,-,151.0,-7188.0,32.0
2026-03-11,OPT,DEC28,0.00,-,44.0,-690.0,-8.0
2026-03-11,OPT,DEC29,0.00,-,2.0,65.0,2.0
2026-03-12,FUT,MAR26,6677.50,-102.00,2042016,1867613,-25305
2026-03-12,FUT,JUN26,6727.25,-103.25,238921,164746,66780
2026-03-12,FUT,SEP26,6779.00,-101.50,175,2004,5
2026-03-12,FUT,DEC26,6827.25,-103.25,1,732,0
2026-03-12,FUT,MAR27,6880.75,-100.25,0,2,0
2026-03-12,FUT,DEC27,7035.75,-100.25,0,81,0
2026-03-12,FUT,DEC28,7254.50,-93.50,0,20,0
2026-03-12,OPT,MAR26,1.65,-,1086155.0,-1503919.0,-68222.0
2026-03-12,OPT,APR26,1.69,-,78435.0,-343114.0,-8386.0
2026-03-12,OPT,MAY26,2.04,-,21102.0,-173165.0,-2254.0
2026-03-12,OPT,JUN26,7.68,-,61233.0,-334110.0,-42483.0
2026-03-12,OPT,JUL26,0.57,-,1427.0,-39722.0,-200.0
2026-03-12,OPT,AUG26,42.73,-,5554.0,-22043.0,2238.0
2026-03-12,OPT,SEP26,1.28,-,4174.0,-59203.0,-125.0
2026-03-12,OPT,OCT26,0.63,-,1018.0,-18464.0,370.0
2026-03-12,OPT,NOV26,2.21,-,77.0,-5642.0,-22.0
2026-03-12,OPT,DEC26,2.03,-,1492.0,-47006.0,-297.0
2026-03-12,OPT,JAN27,0.23,-,32.0,-1569.0,-3.0
2026-03-12,OPT,FEB27,0.18,-,20.0,-1282.0,1.0
2026-03-12,OPT,MAR27,305.00,-,306.0,-6758.0,-175.0
2026-03-12,OPT,JUN27,0.23,-,16.0,-1391.0,10.0
2026-03-12,OPT,SEP27,0.00,-,2.0,-1668.0,-1.0
2026-03-12,OPT,DEC27,40.44,-,373.0,-7230.0,-42.0
2026-03-12,OPT,DEC28,28.00,-,58.0,-722.0,-32.0
2026-03-13,FUT,MAR26,6636.00,-41.50,2407679,1547244,-317306
2026-03-13,FUT,JUN26,6685.75,-41.50,799329,564278,389025
2026-03-13,FUT,SEP26,6734.50,-44.50,134,1997,-7
2026-03-13,FUT,DEC26,6783.75,-43.50,5,735,3
2026-03-13,FUT,MAR27,6835.00,-45.75,0,2,0
2026-03-13,FUT,DEC27,6985.75,-50.00,0,81,0
2026-03-13,FUT,DEC28,7198.00,-56.50,0,20,0
2026-03-13,OPT,MAR26,2.02,-,1328325.0,-1421049.0,82078.0
2026-03-13,OPT,APR26,1.64,-,96152.0,-354786.0,-11672.0
2026-03-13,OPT,MAY26,2.37,-,23415.0,-176538.0,-3373.0
2026-03-13,OPT,JUN26,1.61,-,39073.0,-338271.0,-4163.0
2026-03-13,OPT,JUL26,3.17,-,2470.0,-40271.0,-549.0
2026-03-13,OPT,AUG26,1.02,-,1174.0,-22109.0,-66.0
2026-03-13,OPT,SEP26,1.64,-,8037.0,-59897.0,-694.0
2026-03-13,OPT,OCT26,0.30,-,1037.0,-17855.0,609.0
2026-03-13,OPT,NOV26,1.61,-,685.0,-5832.0,-190.0
2026-03-13,OPT,DEC26,2.14,-,2816.0,-46963.0,43.0
2026-03-13,OPT,JAN27,0.29,-,80.0,-1517.0,52.0
2026-03-13,OPT,FEB27,0.46,-,35.0,-1267.0,15.0
2026-03-13,OPT,MAR27,0.41,-,316.0,-6648.0,110.0
2026-03-13,OPT,JUN27,0.37,-,96.0,-1348.0,43.0
2026-03-13,OPT,SEP27,0.00,-,2.0,-1666.0,2.0
2026-03-13,OPT,DEC27,3.70,-,141.0,-7271.0,-41.0
2026-03-16,FUT,MAR26,6704.75,+68.75,2025388,966958,-568517
2026-03-16,FUT,JUN26,6755.50,+69.75,2237284,1351444,782772
2026-03-16,FUT,SEP26,6805.75,+71.25,467,2043,46
2026-03-16,FUT,DEC26,6855.25,+71.50,11,742,7
2026-03-16,FUT,MAR27,6906.50,+71.50,1,2,0
2026-03-16,FUT,DEC27,7057.25,+71.50,0,81,0
2026-03-16,FUT,DEC28,7269.50,+71.50,0,20,0
2026-03-16,OPT,MAR26,2.19,-,1156516.0,-1385531.0,37209.0
2026-03-16,OPT,APR26,2.51,-,110535.0,-387682.0,-33696.0
2026-03-16,OPT,MAY26,1.45,-,25696.0,-178680.0,-2245.0
2026-03-16,OPT,JUN26,3.46,-,36502.0,-345362.0,-7091.0
2026-03-16,OPT,JUL26,1.22,-,4657.0,-39587.0,684.0
2026-03-16,OPT,AUG26,14.27,-,1619.0,-22881.0,-772.0
2026-03-16,OPT,SEP26,1.41,-,7793.0,-60734.0,-837.0
2026-03-16,OPT,OCT26,0.31,-,881.0,-17386.0,469.0
2026-03-16,OPT,NOV26,138.20,-,8909.0,-13808.0,-7976.0
2026-03-16,OPT,DEC26,4.61,-,5584.0,-49583.0,-2620.0
2026-03-16,OPT,JAN27,0.43,-,679.0,-1228.0,289.0
2026-03-16,OPT,FEB27,3.95,-,574.0,-1491.0,-224.0
2026-03-16,OPT,MAR27,0.53,-,141.0,-6653.0,-5.0
2026-03-16,OPT,JUN27,1.55,-,84.0,-1382.0,-34.0
2026-03-16,OPT,SEP27,0.62,-,255.0,-1571.0,95.0
2026-03-16,OPT,DEC27,2.69,-,705.0,-7214.0,57.0
2026-03-16,OPT,DEC28,0.00,-,1.0,-721.0,1.0
2026-03-16,OPT,DEC29,0.00,-,1.0,65.0,0.0
2026-03-17,FUT,MAR26,6721.75,+17.00,834934,635313,-304328
2026-03-17,FUT,JUN26,6773.25,+17.75,1648453,1702559,347662
2026-03-17,FUT,SEP26,6823.50,+17.75,661,1877,-166
2026-03-17,FUT,DEC26,6873.00,+17.75,0,742,0
2026-03-17,FUT,MAR27,6927.00,+20.50,1,3,1
2026-03-17,FUT,DEC27,7073.75,+16.50,0,81,0
2026-03-17,FUT,DEC28,7286.00,+16.50,0,20,0
2026-03-17,OPT,MAR26,2.32,-,862383.0,-1457468.0,-73085.0
2026-03-17,OPT,APR26,1.86,-,88543.0,-393616.0,-6074.0
2026-03-17,OPT,MAY26,1.41,-,27221.0,-183142.0,-4462.0
2026-03-17,OPT,JUN26,7.31,-,84096.0,-373940.0,-28518.0
2026-03-17,OPT,JUL26,1.34,-,2134.0,-39932.0,-345.0
2026-03-17,OPT,AUG26,2.23,-,742.0,-23086.0,-205.0
2026-03-17,OPT,SEP26,1.11,-,6349.0,-60497.0,237.0
2026-03-17,OPT,OCT26,0.31,-,714.0,-16993.0,393.0
2026-03-17,OPT,NOV26,14.02,-,796.0,-13970.0,-162.0
2026-03-17,OPT,DEC26,1.89,-,3407.0,-50742.0,-1159.0
2026-03-17,OPT,JAN27,0.45,-,493.0,-1022.0,206.0
2026-03-17,OPT,FEB27,0.83,-,653.0,-1422.0,69.0
2026-03-17,OPT,MAR27,0.39,-,838.0,-6549.0,104.0
2026-03-17,OPT,JUN27,16.22,-,2359.0,-3542.0,-2160.0
2026-03-17,OPT,SEP27,0.12,-,18.0,-1568.0,3.0
2026-03-17,OPT,DEC27,4.70,-,57.0,-7237.0,-23.0
2026-03-17,OPT,DEC28,0.00,-,35.0,-721.0,0.0
2026-03-18,FUT,MAR26,6626.00,-95.75,501911,513515,-103792
2026-03-18,FUT,JUN26,6677.00,-96.25,1681048,1805343,94714
2026-03-18,FUT,SEP26,6727.25,-96.25,483,1909,32
2026-03-18,FUT,DEC26,6779.00,-94.00,38,763,21
2026-03-18,FUT,MAR27,6833.00,-94.00,0,3,0
2026-03-18,FUT,DEC27,6979.75,-94.00,0,81,0
2026-03-18,FUT,DEC28,7192.00,-94.00,0,20,0
2026-03-18,OPT,MAR26,2.12,-,923263.0,-1403505.0,53347.0
2026-03-18,OPT,APR26,1.79,-,151610.0,-435418.0,-41802.0
2026-03-18,OPT,MAY26,1.45,-,21809.0,-186184.0,-3042.0
2026-03-18,OPT,JUN26,6.98,-,77515.0,-386775.0,-12835.0
2026-03-18,OPT,JUL26,2.00,-,2120.0,-40654.0,-722.0
2026-03-18,OPT,AUG26,2.70,-,2171.0,-23750.0,-664.0
2026-03-18,OPT,SEP26,1.65,-,3020.0,-61395.0,-898.0
2026-03-18,OPT,OCT26,0.81,-,678.0,-16702.0,291.0
2026-03-18,OPT,NOV26,114.73,-,1736.0,-15637.0,-1667.0
2026-03-18,OPT,DEC26,3.18,-,3354.0,-52036.0,-1294.0
2026-03-18,OPT,JAN27,0.08,-,299.0,-805.0,217.0
2026-03-18,OPT,FEB27,5.38,-,83.0,-1438.0,-16.0
2026-03-18,OPT,MAR27,1.53,-,200.0,-6543.0,6.0
2026-03-18,OPT,JUN27,0.00,-,54.0,-3595.0,-53.0
2026-03-18,OPT,SEP27,0.00,-,4.0,-1570.0,-2.0
2026-03-18,OPT,DEC27,17.91,-,832.0,-7525.0,-288.0
2026-03-18,OPT,DEC28,0.00,-,200.0,-521.0,200.0
2026-03-18,OPT,DEC29,0.00,-,1.0,66.0,1.0
2026-03-19,FUT,MAR26,6609.25,-16.75,450179,491508,-13458
2026-03-19,FUT,JUN26,6660.00,-17.00,2044481,1850186,47420
2026-03-19,FUT,SEP26,6711.00,-16.25,723,2075,166
2026-03-19,FUT,DEC26,6761.75,-17.25,43,727,-36
2026-03-19,FUT,MAR27,6815.75,-17.25,1,4,1
2026-03-19,FUT,DEC27,6965.75,-14.00,0,81,0
2026-03-19,FUT,DEC28,7186.75, -5.25,0,20,0
2026-03-19,OPT,MAR26,2.11,-,1246187.0,-1466408.0,-63635.0
2026-03-19,OPT,APR26,1.71,-,150150.0,-454894.0,-19475.0
2026-03-19,OPT,MAY26,1.09,-,37679.0,-179494.0,5075.0
2026-03-19,OPT,JUN26,1.43,-,67956.0,-387354.0,-613.0
2026-03-19,OPT,JUL26,3.75,-,11339.0,-45971.0,-5317.0
2026-03-19,OPT,AUG26,3.05,-,3859.0,-25357.0,-1607.0
2026-03-19,OPT,SEP26,0.93,-,24380.0,-60265.0,1030.0
2026-03-19,OPT,OCT26,6.60,-,1247.0,-16858.0,-156.0
2026-03-19,OPT,NOV26,0.94,-,581.0,-15697.0,-60.0
2026-03-19,OPT,DEC26,0.73,-,15084.0,-53745.0,-1539.0
2026-03-19,OPT,JAN27,2.38,-,649.0,-1118.0,-313.0
2026-03-19,OPT,FEB27,22.60,-,236.0,-1629.0,-191.0
2026-03-19,OPT,MAR27,3.03,-,2521.0,-7551.0,-1008.0
2026-03-19,OPT,APR27,3.17,-,263.0,-137.0,-137.0
2026-03-19,OPT,JUN27,0.35,-,546.0,-3260.0,335.0
2026-03-19,OPT,SEP27,0.00,-,30.0,-1550.0,20.0
2026-03-19,OPT,DEC27,0.77,-,244.0,-7688.0,-163.0
2026-03-19,OPT,DEC28,0.00,-,3.0,-518.0,3.0
2026-03-19,OPT,DEC29,0.00,-,10.0,76.0,10.0
2026-03-19,OPT,DEC30,0.00,-,2.0,-32.0,-2.0
2026-03-20,FUT,MAR26,6594.63,-14.62,26273,480720,-6449
2026-03-20,FUT,JUN26,6559.00,-101.00,2011431,1866397,18638
2026-03-20,FUT,SEP26,6609.50,-101.50,2300,3024,949
2026-03-20,FUT,DEC26,6660.75,-101.00,143,757,30
2026-03-20,FUT,MAR27,6716.75,-99.00,0,4,0
2026-03-20,FUT,DEC27,6878.75,-87.00,0,81,0
2026-03-20,FUT,DEC28,7099.75,-87.00,0,20,0
2026-03-20,OPT,MAR26,2.26,-,1151884.0,-804095.0,661035.0
2026-03-20,OPT,APR26,4.95,-,390656.0,-622685.0,-167718.0
2026-03-20,OPT,MAY26,10.64,-,128285.0,-273768.0,-94286.0
2026-03-20,OPT,JUN26,1.09,-,47205.0,-381776.0,5558.0
2026-03-20,OPT,JUL26,2.49,-,4092.0,-47588.0,-1617.0
2026-03-20,OPT,AUG26,1.63,-,3067.0,-25765.0,-408.0
2026-03-20,OPT,SEP26,0.55,-,10000.0,-57412.0,2853.0
2026-03-20,OPT,OCT26,12.60,-,1469.0,-17658.0,-800.0
2026-03-20,OPT,NOV26,0.10,-,1536.0,-14544.0,1153.0
2026-03-20,OPT,DEC26,1.29,-,9475.0,-53152.0,593.0
2026-03-20,OPT,JAN27,0.28,-,342.0,-930.0,188.0
2026-03-20,OPT,FEB27,0.75,-,119.0,-1611.0,18.0
2026-03-20,OPT,MAR27,0.85,-,2119.0,-8074.0,-523.0
2026-03-20,OPT,APR27,0.00,-,6.0,-131.0,6.0
2026-03-20,OPT,JUN27,2.60,-,18.0,-3259.0,1.0
2026-03-20,OPT,SEP27,82.00,-,83.0,-1491.0,59.0
2026-03-20,OPT,DEC27,0.50,-,186.0,-7863.0,-175.0
2026-03-20,OPT,DEC28,0.38,-,11.0,-526.0,-8.0
2026-03-20,OPT,DEC29,0.00,-,2.0,78.0,2.0
2026-03-20,OPT,DEC30,0.00,-,1.0,-31.0,1.0
2026-03-23,FUT,JUN26,6634.75,+75.75,2176195,1863690,663
2026-03-23,FUT,SEP26,6685.75,+76.25,5694,4776,1752
2026-03-23,FUT,DEC26,6737.00,+76.25,9,757,0
2026-03-23,FUT,MAR27,6794.00,+77.25,0,4,0
2026-03-23,FUT,DEC27,6956.00,+77.25,0,81,0
2026-03-23,FUT,DEC28,7177.00,+77.25,0,20,0
2026-03-23,OPT,MAR26,2.08,-,1087703.0,-716378.0,86919.0
2026-03-23,OPT,APR26,2.31,-,201888.0,-627539.0,-4848.0
2026-03-23,OPT,MAY26,1.37,-,31284.0,-277390.0,-3622.0
2026-03-23,OPT,JUN26,1.99,-,57307.0,-386260.0,-4485.0
2026-03-23,OPT,JUL26,2.29,-,4801.0,-48737.0,-1149.0
2026-03-23,OPT,AUG26,3.68,-,1944.0,-26751.0,-986.0
2026-03-23,OPT,SEP26,1.56,-,6775.0,-60966.0,-3554.0
2026-03-23,OPT,OCT26,0.79,-,1245.0,-17352.0,306.0
2026-03-23,OPT,NOV26,1.23,-,125.0,-14541.0,3.0
2026-03-23,OPT,DEC26,1.45,-,4371.0,-53833.0,319.0
2026-03-23,OPT,JAN27,0.16,-,893.0,-263.0,667.0
2026-03-23,OPT,FEB27,56.04,-,2738.0,-4215.0,-2604.0
2026-03-23,OPT,MAR27,0.41,-,1130.0,-7474.0,600.0
2026-03-23,OPT,APR27,0.00,-,19.0,-150.0,-19.0
2026-03-23,OPT,JUN27,1.33,-,14.0,-3254.0,5.0
2026-03-23,OPT,SEP27,2.00,-,12.0,-1489.0,2.0
2026-03-23,OPT,DEC27,0.82,-,739.0,-8052.0,-189.0
2026-03-23,OPT,DEC28,17.50,-,37.0,-523.0,3.0
2026-03-23,OPT,DEC29,0.00,-,1.0,77.0,-1.0
2026-03-23,OPT,DEC30,0.00,-,7.0,-28.0,3.0
2026-03-24,FUT,JUN26,6606.00,-28.75,1924003,1873734,15097
2026-03-24,FUT,SEP26,6657.00,-28.75,4506,7511,2736
2026-03-24,FUT,DEC26,6710.25,-26.75,0,757,0
2026-03-24,FUT,MAR27,6767.25,-26.75,0,4,0
2026-03-24,FUT,DEC27,6931.50,-24.50,0,81,0
2026-03-24,FUT,DEC28,7157.25,-19.75,0,20,0
2026-03-24,OPT,MAR26,1.75,-,874279.0,-667035.0,48472.0
2026-03-24,OPT,APR26,1.87,-,115230.0,-636700.0,-9072.0
2026-03-24,OPT,MAY26,1.51,-,21322.0,-279570.0,-2220.0
2026-03-24,OPT,JUN26,1.58,-,42456.0,-390458.0,-4159.0
2026-03-24,OPT,JUL26,10.78,-,3570.0,-50278.0,-1541.0
2026-03-24,OPT,AUG26,0.64,-,806.0,-26736.0,15.0
2026-03-24,OPT,SEP26,6.19,-,3071.0,-61587.0,-621.0
2026-03-24,OPT,OCT26,16.00,-,204.0,-17396.0,-44.0
2026-03-24,OPT,NOV26,0.14,-,65.0,-14537.0,4.0
2026-03-24,OPT,DEC26,1.91,-,6263.0,-54385.0,-552.0
2026-03-24,OPT,JAN27,7.46,-,601.0,-700.0,-437.0
2026-03-24,OPT,FEB27,3.76,-,81.0,-4257.0,-42.0
2026-03-24,OPT,MAR27,1.18,-,1289.0,-7740.0,-266.0
2026-03-24,OPT,APR27,0.00,-,2.0,-152.0,-2.0
2026-03-24,OPT,JUN27,20.67,-,65.0,-3316.0,-62.0
2026-03-24,OPT,SEP27,2.00,-,3.0,-1489.0,0.0
2026-03-24,OPT,DEC27,14.75,-,252.0,-8250.0,-198.0
2026-03-24,OPT,DEC28,0.00,-,1.0,-524.0,-1.0
2026-03-25,FUT,JUN26,6640.75,+34.75,1709266,1871022,-31
2026-03-25,FUT,SEP26,6691.75,+34.75,3575,8958,1450
2026-03-25,FUT,DEC26,6743.25,+33.00,0,757,0
2026-03-25,FUT,MAR27,6801.00,+33.75,0,4,0
2026-03-25,FUT,DEC27,6965.25,+33.75,0,81,0
2026-03-25,FUT,DEC28,7182.00,+24.75,0,20,0
2026-03-25,OPT,MAR26,1.62,-,713108.0,-623966.0,42469.0
2026-03-25,OPT,APR26,1.08,-,161070.0,-648687.0,-12248.0
2026-03-25,OPT,MAY26,1.53,-,55015.0,-295200.0,-15630.0
2026-03-25,OPT,JUN26,0.59,-,34037.0,-383190.0,7911.0
2026-03-25,OPT,JUL26,1.63,-,2322.0,-50757.0,-479.0
2026-03-25,OPT,AUG26,0.59,-,471.0,-26580.0,156.0
2026-03-25,OPT,SEP26,2.14,-,3537.0,-61855.0,-268.0
2026-03-25,OPT,OCT26,0.07,-,538.0,-16912.0,484.0
2026-03-25,OPT,NOV26,8.33,-,112.0,-14537.0,0.0
2026-03-25,OPT,DEC26,4.31,-,3082.0,-56806.0,-2421.0
2026-03-25,OPT,JAN27,1.75,-,88.0,-711.0,-11.0
2026-03-25,OPT,FEB27,0.56,-,14.0,-4251.0,6.0
2026-03-25,OPT,MAR27,0.28,-,651.0,-7428.0,312.0
2026-03-25,OPT,JUN27,0.00,-,9.0,-3314.0,2.0
2026-03-25,OPT,SEP27,0.72,-,191.0,-1440.0,49.0
2026-03-25,OPT,DEC27,0.00,-,27.0,-8238.0,12.0
2026-03-25,OPT,DEC28,0.01,-,121.0,-405.0,119.0
2026-03-25,OPT,DEC29,0.00,-,6.0,74.0,-3.0
2026-03-26,FUT,JUN26,6525.00,-115.75,1689160,1886124,17479
2026-03-26,FUT,SEP26,6575.50,-116.25,4187,11874,2916
2026-03-26,FUT,DEC26,6629.75,-113.50,5,757,0
2026-03-26,FUT,MAR27,6688.00,-113.00,0,4,0
2026-03-26,FUT,DEC27,6852.25,-113.00,0,81,0
2026-03-26,FUT,DEC28,7069.00,-113.00,0,20,0
2026-03-26,OPT,MAR26,1.52,-,868153.0,-585074.0,38582.0
2026-03-26,OPT,APR26,1.75,-,262309.0,-674604.0,-25859.0
2026-03-26,OPT,MAY26,2.51,-,48814.0,-300217.0,-5017.0
2026-03-26,OPT,JUN26,1.84,-,46336.0,-384419.0,-1254.0
2026-03-26,OPT,JUL26,2.24,-,2618.0,-51563.0,-806.0
2026-03-26,OPT,AUG26,33.94,-,3110.0,-28142.0,-1562.0
2026-03-26,OPT,SEP26,1.17,-,4083.0,-61309.0,546.0
2026-03-26,OPT,OCT26,0.42,-,477.0,-16772.0,140.0
2026-03-26,OPT,NOV26,0.68,-,131.0,-14500.0,37.0
2026-03-26,OPT,DEC26,0.59,-,4980.0,-55701.0,1105.0
2026-03-26,OPT,JAN27,0.34,-,303.0,-626.0,82.0
2026-03-26,OPT,FEB27,2.44,-,86.0,-4278.0,-27.0
2026-03-26,OPT,MAR27,0.21,-,1320.0,-6702.0,721.0
2026-03-26,OPT,APR27,0.00,-,10.0,-152.0,0.0
2026-03-26,OPT,JUN27,1.33,-,49.0,-3322.0,-8.0
2026-03-26,OPT,SEP27,26.67,-,83.0,-1436.0,4.0
2026-03-26,OPT,DEC27,0.00,-,21.0,-8234.0,4.0
2026-03-26,OPT,DEC28,0.00,-,40.0,-365.0,40.0
2026-03-27,FUT,JUN26,6412.25,-112.75,1918291,1894278,14998
2026-03-27,FUT,SEP26,6461.00,-114.50,4038,12887,1013
2026-03-27,FUT,DEC26,6514.00,-115.75,57,773,16
2026-03-27,FUT,MAR27,6565.75,-122.25,0,4,0
2026-03-27,FUT,DEC27,6725.00,-127.25,0,81,0
2026-03-27,FUT,DEC28,6941.75,-127.25,0,20,0
2026-03-27,OPT,MAR26,1.67,-,967904.0,-465525.0,119466.0
2026-03-27,OPT,APR26,2.17,-,504428.0,-676401.0,-1985.0
2026-03-27,OPT,MAY26,2.94,-,84476.0,-332112.0,-31895.0
2026-03-27,OPT,JUN26,2.18,-,80290.0,-392555.0,-8136.0
2026-03-27,OPT,JUL26,3.73,-,12296.0,-50513.0,1050.0
2026-03-27,OPT,AUG26,1.69,-,3963.0,-27948.0,194.0
2026-03-27,OPT,SEP26,1.07,-,8189.0,-61326.0,-17.0
2026-03-27,OPT,OCT26,0.62,-,464.0,-16749.0,23.0
2026-03-27,OPT,NOV26,122.25,-,493.0,-14889.0,-389.0
2026-03-27,OPT,DEC26,1.50,-,12677.0,-57854.0,-2153.0
2026-03-27,OPT,JAN27,0.86,-,448.0,-591.0,35.0
2026-03-27,OPT,FEB27,0.13,-,433.0,-3954.0,324.0
2026-03-27,OPT,MAR27,0.61,-,2621.0,-7424.0,-722.0
2026-03-27,OPT,APR27,0.06,-,121.0,-40.0,112.0
2026-03-27,OPT,JUN27,0.27,-,131.0,-3466.0,-144.0
2026-03-27,OPT,SEP27,0.20,-,168.0,-1299.0,137.0
2026-03-27,OPT,DEC27,10.75,-,1857.0,-8593.0,-359.0
2026-03-27,OPT,DEC28,0.00,-,4.0,-362.0,3.0
2026-03-27,OPT,DEC30,0.50,-,3.0,-26.0,2.0
2026-03-30,FUT,JUN26,6388.25,-24.00,1793061,1945047,50928
2026-03-30,FUT,SEP26,6435.75,-25.25,2465,13643,761
2026-03-30,FUT,DEC26,6484.00,-30.00,9,777,4
2026-03-30,FUT,MAR27,6536.50,-29.25,0,4,0
2026-03-30,FUT,DEC27,6686.00,-39.00,0,81,0
2026-03-30,FUT,DEC28,6895.75,-46.00,0,20,0
2026-03-30,OPT,MAR26,1.17,-,697087.0,-207048.0,258446.0
2026-03-30,OPT,APR26,2.49,-,531857.0,-844661.0,-168628.0
2026-03-30,OPT,MAY26,1.69,-,35010.0,-336129.0,-4017.0
2026-03-30,OPT,JUN26,1.61,-,72603.0,-390510.0,1424.0
2026-03-30,OPT,JUL26,1.53,-,5153.0,-50482.0,31.0
2026-03-30,OPT,AUG26,2.32,-,2769.0,-27690.0,258.0
2026-03-30,OPT,SEP26,2.67,-,16523.0,-62066.0,-740.0
2026-03-30,OPT,OCT26,2.07,-,994.0,-16604.0,145.0
2026-03-30,OPT,NOV26,1.23,-,432.0,-14909.0,-20.0
2026-03-30,OPT,DEC26,0.25,-,13279.0,-50402.0,7452.0
2026-03-30,OPT,JAN27,0.40,-,1217.0,-101.0,490.0
2026-03-30,OPT,FEB27,0.03,-,529.0,-3577.0,377.0
2026-03-30,OPT,MAR27,3.04,-,1336.0,-7651.0,-227.0
2026-03-30,OPT,APR27,0.97,-,230.0,-48.0,-8.0
2026-03-30,OPT,JUN27,0.97,-,338.0,-3488.0,-22.0
2026-03-30,OPT,SEP27,1.82,-,248.0,-1213.0,86.0
2026-03-30,OPT,DEC27,4.52,-,182.0,-8636.0,-43.0
2026-03-30,OPT,MAR28,0.00,-,75.0,-75.0,-75.0
2026-03-30,OPT,DEC28,24.50,-,51.0,-350.0,12.0
2026-03-30,OPT,DEC29,0.00,-,6.0,77.0,3.0
2026-03-31,FUT,JUN26,6570.75,+182.50,2363577,1934050,-10958
2026-03-31,FUT,SEP26,6620.00,+184.25,2561,13743,100
2026-03-31,FUT,DEC26,6669.50,+185.50,104,881,104
2026-03-31,FUT,MAR27,6724.75,+188.25,0,4,0
2026-03-31,FUT,DEC27,6880.50,+194.50,0,81,0
2026-03-31,FUT,DEC28,7093.00,+197.25,0,20,0
2026-03-31,OPT,MAR26,1.17,-,598457.0,0.0,207024.0
2026-03-31,OPT,APR26,1.96,-,808457.0,-1172844.0,-328521.0
2026-03-31,OPT,MAY26,1.34,-,45571.0,-336764.0,-635.0
2026-03-31,OPT,JUN26,1.75,-,69365.0,-361062.0,29202.0
2026-03-31,OPT,JUL26,1.23,-,8134.0,-50201.0,281.0
2026-03-31,OPT,AUG26,2.28,-,3336.0,-28179.0,-489.0
2026-03-31,OPT,SEP26,1.49,-,20832.0,-67399.0,-5333.0
2026-03-31,OPT,OCT26,3.71,-,725.0,-17014.0,-410.0
2026-03-31,OPT,NOV26,0.05,-,2827.0,-12410.0,2499.0
2026-03-31,OPT,DEC26,1.75,-,10110.0,-49474.0,925.0
2026-03-31,OPT,JAN27,0.45,-,936.0,290.0,391.0
2026-03-31,OPT,FEB27,1.06,-,608.0,-3584.0,-7.0
2026-03-31,OPT,MAR27,1.46,-,2047.0,-8224.0,-573.0
2026-03-31,OPT,APR27,0.00,-,34.0,-82.0,-34.0
2026-03-31,OPT,JUN27,1.86,-,2108.0,-4153.0,-665.0
2026-03-31,OPT,SEP27,1.75,-,22.0,-1212.0,1.0
2026-03-31,OPT,DEC27,36.04,-,963.0,-8708.0,-72.0
2026-03-31,OPT,DEC28,26.00,-,54.0,-392.0,-42.0
2026-03-31,OPT,DEC29,0.00,-,1.0,76.0,-1.0
2026-04-01,FUT,JUN26,6617.75,+47.00,1752607,1899808,-33232
2026-04-01,FUT,SEP26,6667.50,+47.50,3836,15114,1371
2026-04-01,FUT,DEC26,6719.00,+49.50,3,881,0
2026-04-01,FUT,MAR27,6774.50,+49.75,0,4,0
2026-04-01,FUT,DEC27,6933.00,+52.50,0,81,0
2026-04-01,FUT,DEC28,7155.50,+62.50,0,20,0
2026-04-01,OPT,APR26,2.26,-,1381411.0,-1301709.0,-129605.0
2026-04-01,OPT,MAY26,5.08,-,150223.0,-388550.0,-51796.0
2026-04-01,OPT,JUN26,3.15,-,85198.0,-364480.0,-3447.0
2026-04-01,OPT,JUL26,2.18,-,8168.0,-50761.0,-560.0
2026-04-01,OPT,AUG26,2.72,-,1956.0,-28607.0,-428.0
2026-04-01,OPT,SEP26,3.24,-,13227.0,-68431.0,-1032.0
2026-04-01,OPT,OCT26,0.46,-,2726.0,-16646.0,368.0
2026-04-01,OPT,NOV26,0.50,-,1513.0,-11835.0,575.0
2026-04-01,OPT,DEC26,0.43,-,10854.0,-43488.0,5986.0
2026-04-01,OPT,JAN27,4.29,-,999.0,-317.0,-607.0
2026-04-01,OPT,FEB27,1.42,-,662.0,-3689.0,-105.0
2026-04-01,OPT,MAR27,1.08,-,2335.0,-8560.0,-336.0
2026-04-01,OPT,APR27,1.02,-,184.0,-161.0,-79.0
2026-04-01,OPT,JUN27,0.50,-,419.0,-4357.0,-204.0
2026-04-01,OPT,SEP27,0.00,-,65.0,-1235.0,-23.0
2026-04-01,OPT,DEC27,0.59,-,700.0,-8589.0,119.0
2026-04-01,OPT,DEC28,0.00,-,17.0,-405.0,-13.0
2026-04-01,OPT,DEC29,0.00,-,1.0,75.0,-1.0
2026-04-02,FUT,JUN26,6622.25, +4.50,1965184,1912932,18015
2026-04-02,FUT,SEP26,6672.25, +4.75,3773,15911,797
2026-04-02,FUT,DEC26,6722.00, +3.00,2,882,1
2026-04-02,FUT,MAR27,6778.25, +3.75,0,4,0
2026-04-02,FUT,DEC27,6935.00, +2.00,0,81,0
2026-04-02,FUT,DEC28,7154.00, -1.50,0,20,0
2026-04-02,OPT,APR26,2.16,-,1336356.0,-1179331.0,122490.0
2026-04-02,OPT,MAY26,4.85,-,100586.0,-430432.0,-41882.0
2026-04-02,OPT,JUN26,2.41,-,52214.0,-373501.0,-8633.0
2026-04-02,OPT,JUL26,0.41,-,5549.0,-48111.0,2650.0
2026-04-02,OPT,AUG26,1.90,-,1881.0,-28658.0,-51.0
2026-04-02,OPT,SEP26,2.48,-,5491.0,-67650.0,-543.0
2026-04-02,OPT,OCT26,1.72,-,402.0,-16632.0,14.0
2026-04-02,OPT,NOV26,4.29,-,476.0,-11871.0,-36.0
2026-04-02,OPT,DEC26,2.35,-,4848.0,-43751.0,-263.0
2026-04-02,OPT,JAN27,0.73,-,893.0,-184.0,133.0
2026-04-02,OPT,FEB27,2.11,-,190.0,-3727.0,-38.0
2026-04-02,OPT,MAR27,0.12,-,3102.0,-6448.0,2112.0
2026-04-02,OPT,APR27,0.02,-,52.0,-111.0,50.0
2026-04-02,OPT,JUN27,2.27,-,134.0,-4390.0,-33.0
2026-04-02,OPT,SEP27,0.73,-,19.0,-1240.0,-5.0
2026-04-02,OPT,DEC27,4.83,-,204.0,-8726.0,-137.0
2026-04-02,OPT,MAR28,0.68,-,62.0,-63.0,12.0
2026-04-03,FUT,JUN26,6622.25, +0.00,72058,1908786,-1181
2026-04-03,FUT,SEP26,6672.25, +0.00,165,15900,-11
2026-04-03,FUT,DEC26,6722.00, +0.00,0,882,0
2026-04-03,FUT,MAR27,6778.25, +0.00,0,4,0
2026-04-03,FUT,DEC27,6935.00, +0.00,0,81,0
2026-04-03,FUT,DEC28,7154.00, +0.00,0,20,0
2026-04-03,OPT,APR26,2.61,-,60162.0,-1186112.0,-7136.0
2026-04-03,OPT,MAY26,1.37,-,2162.0,-430486.0,-54.0
2026-04-03,OPT,JUN26,1.70,-,1440.0,-371314.0,-72.0
2026-04-03,OPT,JUL26,2.45,-,38.0,-48106.0,5.0
2026-04-03,OPT,AUG26,3.75,-,19.0,-28658.0,0.0
2026-04-03,OPT,SEP26,0.69,-,778.0,-67614.0,36.0
2026-04-03,OPT,OCT26,4.00,-,5.0,-16634.0,-2.0
2026-04-03,OPT,NOV26,0.00,-,1.0,-11870.0,1.0
2026-04-03,OPT,DEC26,4.96,-,501.0,-43986.0,-235.0
2026-04-03,OPT,JAN27,0.00,-,52.0,-234.0,-50.0
2026-04-03,OPT,FEB27,0.00,-,10.0,-3737.0,-10.0
2026-04-03,OPT,MAR27,3.00,-,8.0,-6446.0,2.0
2026-04-03,OPT,MAR28,0.00,-,1.0,-64.0,-1.0
2026-04-06,FUT,JUN26,6651.00,+28.75,1103916,1899265,-9250
2026-04-06,FUT,SEP26,6701.25,+29.00,1992,16097,197
2026-04-06,FUT,DEC26,6756.00,+34.00,17,879,-3
2026-04-06,FUT,MAR27,6813.75,+35.50,0,4,0
2026-04-06,FUT,DEC27,6972.25,+37.25,0,81,0
2026-04-06,FUT,DEC28,7195.25,+41.25,0,20,0
2026-04-06,OPT,APR26,2.37,-,959746.0,-1151273.0,34842.0
2026-04-06,OPT,MAY26,4.27,-,72433.0,-449676.0,-19190.0
2026-04-06,OPT,JUN26,2.90,-,39928.0,-388356.0,-17042.0
2026-04-06,OPT,JUL26,5.55,-,3705.0,-48908.0,-802.0
2026-04-06,OPT,AUG26,3.26,-,2932.0,-29437.0,-779.0
2026-04-06,OPT,SEP26,4.07,-,9757.0,-67672.0,-58.0
2026-04-06,OPT,OCT26,4.51,-,281.0,-16687.0,-53.0
2026-04-06,OPT,NOV26,0.86,-,236.0,-11767.0,103.0
2026-04-06,OPT,DEC26,2.08,-,4608.0,-43257.0,729.0
2026-04-06,OPT,JAN27,0.62,-,86.0,-221.0,13.0
2026-04-06,OPT,FEB27,0.49,-,124.0,-3634.0,103.0
2026-04-06,OPT,MAR27,0.73,-,893.0,-6271.0,175.0
2026-04-06,OPT,APR27,6.00,-,7.0,-116.0,-5.0
2026-04-06,OPT,JUN27,9.00,-,20.0,-4396.0,-6.0
2026-04-06,OPT,SEP27,0.00,-,3.0,-1237.0,3.0
2026-04-06,OPT,DEC27,0.15,-,62.0,-8676.0,50.0
2026-04-06,OPT,MAR28,19.00,-,100.0,-154.0,-90.0
2026-04-06,OPT,DEC28,2.78,-,34.0,-420.0,-15.0
2026-04-07,FUT,JUN26,6656.75, +5.75,1997800,1916320,18720
2026-04-07,FUT,SEP26,6707.00, +5.75,3493,17120,1023
2026-04-07,FUT,DEC26,6755.00, -1.00,8,879,0
2026-04-07,FUT,MAR27,6812.75, -1.00,0,4,0
2026-04-07,FUT,DEC27,6971.25, -1.00,0,81,0
2026-04-07,FUT,DEC28,7185.50, -9.75,0,20,0
2026-04-07,OPT,APR26,1.56,-,1223303.0,-1271452.0,-120451.0
2026-04-07,OPT,MAY26,2.47,-,61453.0,-470629.0,-20953.0
2026-04-07,OPT,JUN26,1.24,-,21657.0,-387678.0,1158.0
2026-04-07,OPT,JUL26,3.13,-,22644.0,-60123.0,-11215.0
2026-04-07,OPT,AUG26,2.59,-,488.0,-29577.0,-140.0
2026-04-07,OPT,SEP26,1.57,-,4751.0,-68730.0,-1058.0
2026-04-07,OPT,OCT26,0.14,-,596.0,-16392.0,295.0
2026-04-07,OPT,NOV26,0.56,-,117.0,-11728.0,39.0
2026-04-07,OPT,DEC26,1.99,-,1417.0,-42651.0,605.0
2026-04-07,OPT,JAN27,0.25,-,212.0,-110.0,111.0
2026-04-07,OPT,FEB27,0.18,-,129.0,-3593.0,41.0
2026-04-07,OPT,MAR27,1.62,-,840.0,-6279.0,-10.0
2026-04-07,OPT,APR27,0.00,-,69.0,-185.0,-69.0
2026-04-07,OPT,JUN27,1313.00,-,2628.0,-7013.0,-2617.0
2026-04-07,OPT,SEP27,0.00,-,24.0,-1261.0,-24.0
2026-04-07,OPT,DEC27,0.40,-,21.0,-8668.0,8.0
2026-04-07,OPT,DEC28,0.00,-,1.0,-421.0,-1.0
2026-04-07,OPT,DEC30,0.00,-,4.0,-25.0,1.0
2026-04-08,FUT,JUN26,6823.75,+167.00,2199329,1924487,13501
2026-04-08,FUT,SEP26,6876.00,+169.00,4414,17489,369
2026-04-08,FUT,DEC26,6929.50,+174.50,15,877,-2
2026-04-08,FUT,MAR27,6988.00,+175.25,111,114,110
2026-04-08,FUT,DEC27,7153.25,+182.00,0,81,0
2026-04-08,FUT,DEC28,7374.25,+188.75,0,20,0
2026-04-08,OPT,APR26,1.32,-,1309834.0,-1269921.0,-146213.0
2026-04-08,OPT,MAY26,1.05,-,85407.0,-460815.0,-17593.0
2026-04-08,OPT,JUN26,0.44,-,39275.0,-385289.0,0.0
2026-04-08,OPT,JUL26,5.59,-,20231.0,-56440.0,-11362.0
2026-04-08,OPT,AUG26,2.48,-,494.0,-29548.0,-1356.0
2026-04-08,OPT,SEP26,0.65,-,7350.0,-66814.0,213.0
2026-04-08,OPT,OCT26,0.01,-,5004.0,-11968.0,4437.0
2026-04-08,OPT,NOV26,0.76,-,97.0,-11777.0,-71.0
2026-04-08,OPT,DEC26,0.19,-,5926.0,-39386.0,3606.0
2026-04-08,OPT,JAN27,0.05,-,847.0,573.0,676.0
2026-04-08,OPT,FEB27,0.08,-,275.0,-3373.0,216.0
2026-04-08,OPT,MAR27,0.59,-,1402.0,-5805.0,158.0
2026-04-08,OPT,APR27,0.80,-,155.0,-103.0,13.0
2026-04-08,OPT,JUN27,1313.00,-,2628.0,-7014.0,-2619.0
2026-04-08,OPT,SEP27,0.00,-,24.0,-1261.0,-24.0
2026-04-08,OPT,DEC27,0.06,-,104.0,-8605.0,65.0
2026-04-08,OPT,DEC29,0.00,-,1.0,75.0,0.0
2026-04-08,OPT,DEC30,2.00,-,6.0,-27.0,-1.0
2026-04-09,FUT,JUN26,6863.25,+39.50,1604541,1940753,20919
2026-04-09,FUT,SEP26,6916.00,+40.00,1417,17482,-7
2026-04-09,FUT,DEC26,6971.00,+41.50,273,889,12
2026-04-09,FUT,MAR27,7029.00,+41.00,0,114,0
2026-04-09,FUT,DEC27,7194.25,+41.00,0,81,0
2026-04-09,FUT,DEC28,7420.75,+46.50,0,20,0
2026-04-09,OPT,APR26,1.54,-,975330.0,-1309108.0,23705.0
2026-04-09,OPT,MAY26,1.69,-,94286.0,-505270.0,-22080.0
2026-04-09,OPT,JUN26,12.74,-,270017.0,-587847.0,-187793.0
2026-04-09,OPT,JUL26,2.24,-,7018.0,-118541.0,-931.0
2026-04-09,OPT,AUG26,7.99,-,7253.0,-35286.0,-4138.0
2026-04-09,OPT,SEP26,3.87,-,14816.0,-76314.0,-5148.0
2026-04-09,OPT,OCT26,0.53,-,1265.0,-14942.0,568.0
2026-04-09,OPT,NOV26,2.74,-,1723.0,-15218.0,-394.0
2026-04-09,OPT,DEC26,1.57,-,6663.0,-40196.0,-453.0
2026-04-09,OPT,JAN27,0.45,-,828.0,75.0,-376.0
2026-04-09,OPT,FEB27,0.06,-,285.0,-3747.0,263.0
2026-04-09,OPT,MAR27,0.92,-,705.0,-6091.0,-15.0
2026-04-09,OPT,APR27,0.00,-,33.0,-138.0,-33.0
2026-04-09,OPT,JUN27,2.44,-,488.0,-7145.0,-81.0
2026-04-09,OPT,SEP27,0.02,-,212.0,-1099.0,162.0
2026-04-09,OPT,DEC27,5.60,-,693.0,-8715.0,-95.0
2026-04-09,OPT,MAR28,4.96,-,316.0,-373.0,-219.0
2026-04-09,OPT,DEC28,2.00,-,6.0,-429.0,-4.0
2026-04-10,FUT,JUN26,6855.25, -8.00,1312566,1944028,8109
2026-04-10,FUT,SEP26,6908.00, -8.00,1159,17632,150
2026-04-10,FUT,DEC26,6962.50, -8.50,0,889,0
2026-04-10,FUT,MAR27,7021.75, -7.25,0,114,0
2026-04-10,FUT,DEC27,7188.50, -5.75,0,81,0
2026-04-10,FUT,DEC28,7415.00, -5.75,0,20,0
2026-04-10,OPT,APR26,2.17,-,1045873.0,-1192398.0,116319.0
2026-04-10,OPT,MAY26,2.16,-,82011.0,-552431.0,-47356.0
2026-04-10,OPT,JUN26,2.32,-,70468.0,-598393.0,-10550.0
2026-04-10,OPT,JUL26,5.19,-,6941.0,-121124.0,-2583.0
2026-04-10,OPT,AUG26,4.66,-,3052.0,-34516.0,770.0
2026-04-10,OPT,SEP26,1.18,-,13921.0,-78457.0,-2203.0
2026-04-10,OPT,OCT26,0.26,-,2605.0,-13430.0,1512.0
2026-04-10,OPT,NOV26,59.76,-,2309.0,-16901.0,-1683.0
2026-04-10,OPT,DEC26,0.52,-,3119.0,-38899.0,1297.0
2026-04-10,OPT,JAN27,1.87,-,505.0,-167.0,-242.0
2026-04-10,OPT,FEB27,0.71,-,186.0,-3764.0,-17.0
2026-04-10,OPT,MAR27,1.10,-,435.0,-6213.0,-122.0
2026-04-10,OPT,APR27,0.79,-,68.0,-128.0,10.0
2026-04-10,OPT,JUN27,0.05,-,656.0,-6868.0,277.0
2026-04-10,OPT,SEP27,0.00,-,43.0,-1057.0,42.0
2026-04-10,OPT,DEC27,3.57,-,96.0,-8764.0,-49.0
2026-04-10,OPT,MAR28,0.00,-,49.0,-422.0,-49.0
2026-04-10,OPT,DEC28,0.00,-,6.0,-435.0,-6.0
2026-04-13,FUT,JUN26,6922.75,+67.50,1541313,1957124,14289
2026-04-13,FUT,SEP26,6976.00,+68.00,2280,18313,681
2026-04-13,FUT,DEC26,7032.00,+69.50,5,891,2
2026-04-13,FUT,MAR27,7089.00,+67.25,0,114,0
2026-04-13,FUT,DEC27,7256.50,+68.00,0,81,0
2026-04-13,FUT,DEC28,7485.00,+70.00,0,20,0
2026-04-13,OPT,APR26,1.95,-,1098122.0,-1168465.0,23574.0
2026-04-13,OPT,MAY26,3.51,-,209186.0,-637891.0,-85412.0
2026-04-13,OPT,JUN26,2.39,-,77314.0,-619488.0,-21125.0
2026-04-13,OPT,JUL26,1.51,-,5985.0,-120573.0,551.0
2026-04-13,OPT,AUG26,8.43,-,7054.0,-35754.0,-1238.0
2026-04-13,OPT,SEP26,1.11,-,7352.0,-78394.0,63.0
2026-04-13,OPT,OCT26,0.63,-,1301.0,-13142.0,288.0
2026-04-13,OPT,NOV26,3.09,-,1186.0,-17461.0,-560.0
2026-04-13,OPT,DEC26,0.97,-,2909.0,-38551.0,348.0
2026-04-13,OPT,JAN27,0.94,-,827.0,-154.0,13.0
2026-04-13,OPT,FEB27,0.35,-,112.0,-3738.0,26.0
2026-04-13,OPT,MAR27,0.19,-,676.0,-5913.0,300.0
2026-04-13,OPT,APR27,0.00,-,55.0,-182.0,-54.0
2026-04-13,OPT,JUN27,0.49,-,201.0,-6845.0,23.0
2026-04-13,OPT,DEC27,0.11,-,20.0,-8762.0,2.0
2026-04-13,OPT,MAR28,0.00,-,31.0,-453.0,-31.0
2026-04-13,OPT,DEC28,1.25,-,9.0,-440.0,-5.0
2026-04-14,FUT,JUN26,7004.75,+82.00,1356650,1937560,-16624
2026-04-14,FUT,SEP26,7059.00,+83.00,1260,18720,407
2026-04-14,FUT,DEC26,7116.00,+84.00,42,913,22
2026-04-14,FUT,MAR27,7175.50,+86.50,0,114,0
2026-04-14,FUT,DEC27,7343.00,+86.50,0,81,0
2026-04-14,FUT,DEC28,7571.50,+86.50,0,20,0
2026-04-14,OPT,APR26,1.45,-,1226271.0,-1224403.0,-56507.0
2026-04-14,OPT,MAY26,2.03,-,224186.0,-736759.0,-98730.0
2026-04-14,OPT,JUN26,2.37,-,178708.0,-670226.0,-50743.0
2026-04-14,OPT,JUL26,11.24,-,67013.0,-164350.0,-43777.0
2026-04-14,OPT,AUG26,15.74,-,18463.0,-42851.0,-7097.0
2026-04-14,OPT,SEP26,4.33,-,41130.0,-79192.0,-798.0
2026-04-14,OPT,OCT26,1.51,-,1949.0,-12966.0,176.0
2026-04-14,OPT,NOV26,3.54,-,2804.0,-18772.0,-1311.0
2026-04-14,OPT,DEC26,2.24,-,11326.0,-39790.0,-1239.0
2026-04-14,OPT,JAN27,3.37,-,1538.0,-1331.0,-1177.0
2026-04-14,OPT,FEB27,0.70,-,819.0,-3543.0,195.0
2026-04-14,OPT,MAR27,1.61,-,2924.0,-6728.0,-815.0
2026-04-14,OPT,APR27,56.00,-,228.0,-400.0,-218.0
2026-04-14,OPT,JUN27,0.04,-,470.0,-6553.0,292.0
2026-04-14,OPT,SEP27,0.38,-,507.0,-550.0,507.0
2026-04-14,OPT,DEC27,16.32,-,381.0,-8682.0,80.0
2026-04-14,OPT,MAR28,0.00,-,246.0,-657.0,-204.0
2026-04-14,OPT,DEC28,0.25,-,5.0,-442.0,-2.0
2026-04-14,OPT,DEC29,0.00,-,4.0,71.0,-3.0
2026-04-15,FUT,JUN26,7060.50,+55.75,1395387,1931854,-7374
2026-04-15,FUT,SEP26,7115.25,+56.25,1636,19804,1084
2026-04-15,FUT,DEC26,7172.25,+56.25,10,916,3
2026-04-15,FUT,MAR27,7232.00,+56.50,0,114,0
2026-04-15,FUT,DEC27,7405.25,+62.25,0,81,0
2026-04-15,FUT,DEC28,7638.75,+67.25,0,20,0
2026-04-15,OPT,APR26,1.58,-,1101609.0,-1166670.0,57217.0
2026-04-15,OPT,MAY26,1.44,-,186388.0,-758052.0,-21829.0
2026-04-15,OPT,JUN26,1.29,-,96976.0,-685269.0,-14242.0
2026-04-15,OPT,JUL26,4.27,-,19403.0,-170371.0,-6021.0
2026-04-15,OPT,AUG26,5.17,-,12146.0,-48652.0,-5791.0
2026-04-15,OPT,SEP26,0.88,-,29218.0,-80473.0,-1282.0
2026-04-15,OPT,OCT26,4.46,-,1929.0,-12999.0,-33.0
2026-04-15,OPT,NOV26,5.06,-,1703.0,-18824.0,-52.0
2026-04-15,OPT,DEC26,2.29,-,9090.0,-40431.0,-1041.0
2026-04-15,OPT,JAN27,0.34,-,2006.0,-1063.0,269.0
2026-04-15,OPT,FEB27,1.83,-,741.0,-3499.0,44.0
2026-04-15,OPT,MAR27,0.60,-,1292.0,-6333.0,395.0
2026-04-15,OPT,APR27,0.83,-,132.0,-401.0,-1.0
2026-04-15,OPT,JUN27,2.23,-,482.0,-6807.0,-254.0
2026-04-15,OPT,SEP27,0.06,-,82.0,-470.0,80.0
2026-04-15,OPT,DEC27,4.58,-,106.0,-8656.0,26.0
2026-04-15,OPT,MAR28,0.00,-,60.0,-678.0,-21.0
2026-04-15,OPT,DEC28,5.57,-,92.0,-440.0,2.0
2026-04-16,FUT,JUN26,7077.00,+16.50,1360502,1928373,872
2026-04-16,FUT,SEP26,7131.75,+16.50,1675,19283,232
2026-04-16,FUT,DEC26,7189.75,+17.50,50,941,25
2026-04-16,FUT,MAR27,7248.50,+16.50,0,114,0
2026-04-16,FUT,DEC27,7417.00,+11.75,0,81,0
2026-04-16,FUT,DEC28,7654.50,+15.75,0,20,0
2026-04-16,OPT,APR26,1.63,-,874235.0,-1237684.0,-71168.0
2026-04-16,OPT,MAY26,1.43,-,153556.0,-793473.0,-35919.0
2026-04-16,OPT,JUN26,0.80,-,74883.0,-676709.0,8594.0
2026-04-16,OPT,JUL26,1.36,-,14125.0,-173908.0,-3537.0
2026-04-16,OPT,AUG26,3.79,-,5121.0,-48775.0,-123.0
2026-04-16,OPT,SEP26,3.55,-,17069.0,-86673.0,-5415.0
2026-04-16,OPT,OCT26,3.72,-,1606.0,-13283.0,-284.0
2026-04-16,OPT,NOV26,28.59,-,6599.0,-18917.0,-93.0
2026-04-16,OPT,DEC26,1.40,-,5797.0,-40473.0,-542.0
2026-04-16,OPT,JAN27,1.12,-,1149.0,-1019.0,44.0
2026-04-16,OPT,FEB27,2.20,-,534.0,-3598.0,-99.0
2026-04-16,OPT,MAR27,0.36,-,1855.0,-5943.0,390.0
2026-04-16,OPT,APR27,6.00,-,63.0,-449.0,-48.0
2026-04-16,OPT,MAY27,1.06,-,70.0,-2.0,-2.0
2026-04-16,OPT,JUN27,28.56,-,473.0,-7234.0,-427.0
2026-04-16,OPT,SEP27,0.00,-,274.0,-196.0,274.0
2026-04-16,OPT,DEC27,1.94,-,767.0,-8126.0,530.0
2026-04-16,OPT,MAR28,0.59,-,353.0,-587.0,91.0
2026-04-16,OPT,DEC28,34.00,-,35.0,-439.0,1.0
2026-04-16,OPT,DEC30,0.00,-,2.0,-45.0,2.0
2026-04-17,FUT,JUN26,7161.50,+84.50,1847098,1947505,19699
2026-04-17,FUT,SEP26,7216.75,+85.00,4526,19938,655
2026-04-17,FUT,DEC26,7273.75,+84.00,70,937,-4
2026-04-17,FUT,MAR27,7332.75,+84.25,1,114,0
2026-04-17,FUT,DEC27,7501.25,+84.25,0,81,0
2026-04-17,FUT,DEC28,7738.75,+84.25,0,20,0
2026-04-17,OPT,APR26,1.37,-,1149707.0,-572263.0,664131.0
2026-04-17,OPT,MAY26,1.97,-,225612.0,-884639.0,-92558.0
2026-04-17,OPT,JUN26,2.82,-,221134.0,-763231.0,-86504.0
2026-04-17,OPT,JUL26,9.86,-,84296.0,-226327.0,-52419.0
2026-04-17,OPT,AUG26,1.38,-,13023.0,-48688.0,87.0
2026-04-17,OPT,SEP26,1.88,-,25916.0,-92881.0,-5605.0
2026-04-17,OPT,OCT26,2.88,-,2932.0,-12903.0,380.0
2026-04-17,OPT,NOV26,0.34,-,881.0,-18505.0,412.0
2026-04-17,OPT,DEC26,2.80,-,18085.0,-45718.0,-5245.0
2026-04-17,OPT,JAN27,0.79,-,451.0,-1129.0,-110.0
2026-04-17,OPT,FEB27,4.85,-,1263.0,-4063.0,-465.0
2026-04-17,OPT,MAR27,1.35,-,5051.0,-7357.0,-574.0
2026-04-17,OPT,APR27,7.00,-,48.0,-466.0,-17.0
2026-04-17,OPT,MAY27,0.00,-,53.0,-55.0,-53.0
2026-04-17,OPT,JUN27,0.28,-,962.0,-6693.0,541.0
2026-04-17,OPT,SEP27,0.07,-,47.0,-155.0,41.0
2026-04-17,OPT,DEC27,21.22,-,600.0,-8028.0,98.0
2026-04-17,OPT,MAR28,0.00,-,1.0,-586.0,1.0
2026-04-17,OPT,DEC28,30.00,-,62.0,-384.0,55.0
2026-04-17,OPT,DEC30,0.00,-,1.0,-44.0,1.0
2026-04-20,FUT,JUN26,7148.00,-13.50,1374523,1941328,-6686
2026-04-20,FUT,SEP26,7203.00,-13.75,2051,20206,329
2026-04-20,FUT,DEC26,7260.25,-13.50,36,939,2
2026-04-20,FUT,MAR27,7317.25,-15.50,0,114,0
2026-04-20,FUT,DEC27,7486.50,-14.75,0,81,0
2026-04-20,FUT,DEC28,7724.00,-14.75,0,20,0
2026-04-20,OPT,APR26,1.58,-,839442.0,-517790.0,53816.0
2026-04-20,OPT,MAY26,1.80,-,123254.0,-903799.0,-19942.0
2026-04-20,OPT,JUN26,1.06,-,64274.0,-770942.0,-8104.0
2026-04-20,OPT,JUL26,2.66,-,18506.0,-230442.0,-4115.0
2026-04-20,OPT,AUG26,1.72,-,4570.0,-50157.0,-1469.0
2026-04-20,OPT,SEP26,3.70,-,9914.0,-94309.0,-1428.0
2026-04-20,OPT,OCT26,11.86,-,1415.0,-13076.0,-173.0
2026-04-20,OPT,NOV26,0.70,-,364.0,-17617.0,-12.0
2026-04-20,OPT,DEC26,2.68,-,9173.0,-48082.0,-2364.0
2026-04-20,OPT,JAN27,0.79,-,233.0,-1070.0,59.0
2026-04-20,OPT,FEB27,1.19,-,158.0,-4055.0,8.0
2026-04-20,OPT,MAR27,0.73,-,1532.0,-7355.0,72.0
2026-04-20,OPT,APR27,1.11,-,80.0,-469.0,-3.0
2026-04-20,OPT,MAY27,0.00,-,20.0,-35.0,20.0
2026-04-20,OPT,JUN27,72.00,-,73.0,-6755.0,-62.0
2026-04-20,OPT,SEP27,0.27,-,65.0,-146.0,9.0
2026-04-20,OPT,DEC27,0.36,-,19.0,-8027.0,1.0
2026-04-20,OPT,DEC28,0.00,-,5.0,-385.0,-1.0
2026-04-20,OPT,DEC30,0.00,-,5.0,-39.0,5.0
2026-04-21,FUT,JUN26,7100.00,-48.00,1819102,1941192,348
2026-04-21,FUT,SEP26,7155.00,-48.00,3833,21688,1482
2026-04-21,FUT,DEC26,7212.25,-48.00,15,937,-2
2026-04-21,FUT,MAR27,7272.50,-44.75,2,116,2
2026-04-21,FUT,DEC27,7444.25,-42.25,0,81,0
2026-04-21,FUT,DEC28,7681.75,-42.25,0,20,0
2026-04-21,OPT,APR26,1.82,-,1029562.0,-598425.0,-80975.0
2026-04-21,OPT,MAY26,1.18,-,145859.0,-902772.0,1025.0
2026-04-21,OPT,JUN26,3.30,-,128925.0,-839108.0,-68421.0
2026-04-21,OPT,JUL26,6.10,-,49383.0,-259657.0,-29215.0
2026-04-21,OPT,AUG26,0.91,-,8087.0,-49526.0,631.0
2026-04-21,OPT,SEP26,1.13,-,16085.0,-92833.0,-344.0
2026-04-21,OPT,OCT26,1.71,-,1534.0,-13474.0,-398.0
2026-04-21,OPT,NOV26,5.75,-,344.0,-17675.0,-58.0
2026-04-21,OPT,DEC26,1.83,-,4730.0,-47588.0,494.0
2026-04-21,OPT,JAN27,0.55,-,135.0,-1098.0,-28.0
2026-04-21,OPT,FEB27,2.52,-,141.0,-4055.0,0.0
2026-04-21,OPT,MAR27,1.45,-,1180.0,-7431.0,-1.0
2026-04-21,OPT,APR27,0.15,-,114.0,-392.0,77.0
2026-04-21,OPT,JUN27,0.42,-,311.0,-6832.0,-77.0
2026-04-21,OPT,SEP27,0.00,-,74.0,-80.0,66.0
2026-04-21,OPT,DEC27,0.98,-,103.0,-7956.0,71.0
2026-04-21,OPT,DEC28,0.06,-,17.0,-387.0,-2.0
2026-04-22,FUT,JUN26,7171.25,+71.25,1185812,1942358,1883
2026-04-22,FUT,SEP26,7226.25,+71.25,4853,22140,452
2026-04-22,FUT,DEC26,7284.25,+72.00,27,937,0
2026-04-22,FUT,MAR27,7346.25,+73.75,5,119,3
2026-04-22,FUT,DEC27,7520.00,+75.75,0,81,0
2026-04-22,FUT,DEC28,7764.25,+82.50,0,20,0
2026-04-22,OPT,APR26,1.55,-,690410.0,-642291.0,-43466.0
2026-04-22,OPT,MAY26,1.84,-,115298.0,-922175.0,-19901.0
2026-04-22,OPT,JUN26,4.17,-,85340.0,-885989.0,-43863.0
2026-04-22,OPT,JUL26,4.03,-,39068.0,-282390.0,-22733.0
2026-04-22,OPT,AUG26,1.82,-,5938.0,-50538.0,-1012.0
2026-04-22,OPT,SEP26,4.58,-,11681.0,-96492.0,-3651.0
2026-04-22,OPT,OCT26,9.57,-,708.0,-13953.0,-479.0
2026-04-22,OPT,NOV26,234.36,-,9179.0,-26554.0,-8879.0
2026-04-22,OPT,DEC26,1.41,-,5846.0,-48325.0,-737.0
2026-04-22,OPT,JAN27,1.56,-,289.0,-1164.0,-66.0
2026-04-22,OPT,FEB27,1.42,-,517.0,-4058.0,-3.0
2026-04-22,OPT,MAR27,1.46,-,1257.0,-7274.0,452.0
2026-04-22,OPT,APR27,29.00,-,60.0,-445.0,-53.0
2026-04-22,OPT,MAY27,0.00,-,14.0,-49.0,-14.0
2026-04-22,OPT,JUN27,0.23,-,440.0,-6578.0,254.0
2026-04-22,OPT,SEP27,0.00,-,702.0,580.0,660.0
2026-04-22,OPT,DEC27,1.88,-,72.0,-7966.0,-10.0
2026-04-22,OPT,MAR28,0.00,-,42.0,-628.0,-42.0
2026-04-22,OPT,DEC28,0.00,-,4.0,-386.0,1.0
2026-04-23,FUT,JUN26,7143.50,-27.75,1862446,1944896,4785
2026-04-23,FUT,SEP26,7198.25,-28.00,3305,22472,332
2026-04-23,FUT,DEC26,7255.00,-29.25,14,940,3
2026-04-23,FUT,MAR27,7315.50,-30.75,0,119,0
2026-04-23,FUT,DEC27,7489.25,-30.75,0,81,0
2026-04-23,FUT,DEC28,7733.50,-30.75,0,20,0
2026-04-23,OPT,APR26,1.83,-,889230.0,-656296.0,-15591.0
2026-04-23,OPT,MAY26,2.66,-,200793.0,-956592.0,-34552.0
2026-04-23,OPT,JUN26,1.71,-,58888.0,-890938.0,-5102.0
2026-04-23,OPT,JUL26,0.88,-,16997.0,-280477.0,1913.0
2026-04-23,OPT,AUG26,1.00,-,5386.0,-50845.0,-307.0
2026-04-23,OPT,SEP26,1.27,-,8762.0,-97438.0,-975.0
2026-04-23,OPT,OCT26,16.11,-,325.0,-14140.0,-187.0
2026-04-23,OPT,NOV26,4.05,-,192.0,-26611.0,-57.0
2026-04-23,OPT,DEC26,3.68,-,4436.0,-50488.0,-2163.0
2026-04-23,OPT,JAN27,1.12,-,654.0,-1262.0,-98.0
2026-04-23,OPT,FEB27,0.82,-,102.0,-4046.0,12.0
2026-04-23,OPT,MAR27,0.75,-,410.0,-7196.0,78.0
2026-04-23,OPT,APR27,9.00,-,30.0,-473.0,-28.0
2026-04-23,OPT,MAY27,0.00,-,6.0,-55.0,-6.0
2026-04-23,OPT,JUN27,2.10,-,161.0,-6634.0,-56.0
2026-04-23,OPT,SEP27,0.42,-,57.0,607.0,27.0
2026-04-23,OPT,DEC27,12.44,-,121.0,-8076.0,-110.0
2026-04-23,OPT,MAR28,0.00,-,2.0,-626.0,2.0
2026-04-23,OPT,DEC28,6.50,-,60.0,-437.0,-51.0
2026-04-23,OPT,DEC29,0.00,-,2.0,71.0,0.0
2026-04-23,OPT,DEC30,0.00,-,2.0,-41.0,-2.0
2026-04-24,FUT,JUN26,7194.75,+51.25,1463962,1947084,5780
2026-04-24,FUT,SEP26,7250.00,+51.75,1849,22394,-78
2026-04-24,FUT,DEC26,7306.50,+51.50,57,956,16
2026-04-24,FUT,MAR27,7366.00,+50.50,0,119,0
2026-04-24,FUT,DEC27,7539.75,+50.50,0,81,0
2026-04-24,FUT,DEC28,7781.50,+48.00,0,20,0
2026-04-24,OPT,APR26,1.72,-,808171.0,-476625.0,179481.0
2026-04-24,OPT,MAY26,2.73,-,278105.0,-1032369.0,-76173.0
2026-04-24,OPT,JUN26,1.30,-,61879.0,-899230.0,-6857.0
2026-04-24,OPT,JUL26,2.45,-,12733.0,-283223.0,-2746.0
2026-04-24,OPT,AUG26,0.73,-,4291.0,-50900.0,-55.0
2026-04-24,OPT,SEP26,2.77,-,10557.0,-99261.0,-1808.0
2026-04-24,OPT,OCT26,8.44,-,2964.0,-16157.0,-2017.0
2026-04-24,OPT,NOV26,1.61,-,332.0,-26566.0,45.0
2026-04-24,OPT,DEC26,8.61,-,10890.0,-55532.0,-5044.0
2026-04-24,OPT,JAN27,0.44,-,362.0,-1149.0,113.0
2026-04-24,OPT,FEB27,1.76,-,149.0,-4042.0,4.0
2026-04-24,OPT,MAR27,0.54,-,383.0,-7134.0,62.0
2026-04-24,OPT,APR27,1.45,-,125.0,-536.0,-63.0
2026-04-24,OPT,MAY27,11.00,-,12.0,-65.0,-10.0
2026-04-24,OPT,JUN27,2.74,-,258.0,-6586.0,48.0
2026-04-24,OPT,SEP27,0.38,-,88.0,660.0,53.0
2026-04-24,OPT,DEC27,0.19,-,44.0,-8075.0,1.0
2026-04-24,OPT,MAR28,0.00,-,20.0,-646.0,-20.0
2026-04-24,OPT,DEC28,5.00,-,24.0,-428.0,9.0
2026-04-24,OPT,DEC29,0.00,-,4.0,71.0,0.0
2026-04-24,OPT,DEC30,0.00,-,1.0,-40.0,1.0
2026-04-27,FUT,JUN26,7206.00,+11.25,1085690,1941849,1428
2026-04-27,FUT,SEP26,7261.25,+11.25,1357,22388,-6
2026-04-27,FUT,DEC26,7317.50,+11.00,6,957,1
2026-04-27,FUT,MAR27,7379.25,+13.25,0,119,0
2026-04-27,FUT,DEC27,7554.50,+14.75,0,81,0
2026-04-27,FUT,DEC28,7799.75,+18.25,0,20,0
2026-04-27,OPT,APR26,1.96,-,633839.0,-416099.0,60474.0
2026-04-27,OPT,MAY26,2.27,-,203294.0,-1092328.0,-61650.0
2026-04-27,OPT,JUN26,2.46,-,45455.0,-903835.0,-4505.0
2026-04-27,OPT,JUL26,1.33,-,12391.0,-282797.0,426.0
2026-04-27,OPT,AUG26,2.01,-,3080.0,-51411.0,-511.0
2026-04-27,OPT,SEP26,2.60,-,11225.0,-101153.0,-1892.0
2026-04-27,OPT,OCT26,34.44,-,1914.0,-17125.0,-968.0
2026-04-27,OPT,NOV26,1.24,-,419.0,-26528.0,38.0
2026-04-27,OPT,DEC26,1.98,-,3817.0,-56487.0,-955.0
2026-04-27,OPT,JAN27,0.76,-,1153.0,-838.0,311.0
2026-04-27,OPT,FEB27,2.16,-,98.0,-4019.0,23.0
2026-04-27,OPT,MAR27,3.40,-,1307.0,-7714.0,-580.0
2026-04-27,OPT,APR27,0.00,-,54.0,-582.0,-46.0
2026-04-27,OPT,MAY27,7.00,-,16.0,-78.0,-13.0
2026-04-27,OPT,JUN27,11.20,-,122.0,-6601.0,-15.0
2026-04-27,OPT,SEP27,0.05,-,43.0,692.0,32.0
2026-04-27,OPT,DEC27,12.65,-,232.0,-8255.0,-180.0
2026-04-27,OPT,DEC28,0.00,-,1.0,-429.0,-1.0
2026-04-27,OPT,DEC29,0.00,-,2.0,69.0,-2.0
2026-04-27,OPT,DEC30,0.00,-,1.0,-41.0,-1.0
2026-04-28,FUT,JUN26,7171.00,-35.00,1361467,1939584,1967
2026-04-28,FUT,SEP26,7226.00,-35.25,1239,22553,165
2026-04-28,FUT,DEC26,7282.00,-35.50,44,985,28
2026-04-28,FUT,MAR27,7342.25,-37.00,0,119,0
2026-04-28,FUT,DEC27,7517.00,-37.50,0,81,0
2026-04-28,FUT,DEC28,7769.00,-30.75,0,20,0
2026-04-28,OPT,APR26,1.41,-,507087.0,-262515.0,153609.0
2026-04-28,OPT,MAY26,1.99,-,322493.0,-1187819.0,-96156.0
2026-04-28,OPT,JUN26,1.23,-,52756.0,-901980.0,1210.0
2026-04-28,OPT,JUL26,1.97,-,8007.0,-284756.0,-1959.0
2026-04-28,OPT,AUG26,1.53,-,3994.0,-51848.0,-437.0
2026-04-28,OPT,SEP26,1.73,-,8399.0,-101944.0,-791.0
2026-04-28,OPT,OCT26,6.08,-,1869.0,-17512.0,-387.0
2026-04-28,OPT,NOV26,8.10,-,1056.0,-27258.0,-730.0
2026-04-28,OPT,DEC26,1.80,-,2330.0,-56867.0,-380.0
2026-04-28,OPT,JAN27,9.79,-,453.0,-1142.0,-304.0
2026-04-28,OPT,FEB27,1.91,-,64.0,-4013.0,6.0
2026-04-28,OPT,MAR27,1.84,-,1968.0,-8488.0,-774.0
2026-04-28,OPT,APR27,0.00,-,17.0,-597.0,-15.0
2026-04-28,OPT,MAY27,2.33,-,20.0,-87.0,-9.0
2026-04-28,OPT,JUN27,0.00,-,15.0,-6612.0,-11.0
2026-04-28,OPT,SEP27,0.00,-,143.0,803.0,111.0
2026-04-28,OPT,DEC27,7.90,-,89.0,-8280.0,-25.0
2026-04-28,OPT,MAR28,0.92,-,46.0,-613.0,33.0
2026-04-28,OPT,DEC30,0.00,-,1.0,-41.0,0.0
2026-04-29,FUT,JUN26,7168.00, -3.00,1368362,1939429,3254
2026-04-29,FUT,SEP26,7223.00, -3.00,1207,23285,732
2026-04-29,FUT,DEC26,7279.00, -3.00,50,979,-6
2026-04-29,FUT,MAR27,7341.00, -1.25,0,119,0
2026-04-29,FUT,DEC27,7527.50,+10.50,0,81,0
2026-04-29,FUT,DEC28,7782.50,+13.50,0,20,0
2026-04-29,OPT,APR26,1.54,-,381807.0,-226474.0,35948.0
2026-04-29,OPT,MAY26,2.71,-,278018.0,-1309649.0,-122029.0
2026-04-29,OPT,JUN26,2.08,-,43203.0,-905245.0,-2774.0
2026-04-29,OPT,JUL26,2.03,-,11723.0,-285613.0,-857.0
2026-04-29,OPT,AUG26,2.66,-,3888.0,-53644.0,-1796.0
2026-04-29,OPT,SEP26,1.69,-,11985.0,-100980.0,964.0
2026-04-29,OPT,OCT26,2.03,-,542.0,-17716.0,-204.0
2026-04-29,OPT,NOV26,86.76,-,6231.0,-33023.0,-5765.0
2026-04-29,OPT,DEC26,2.17,-,4360.0,-57089.0,-222.0
2026-04-29,OPT,JAN27,2.71,-,475.0,-1200.0,-58.0
2026-04-29,OPT,FEB27,7.73,-,131.0,-4095.0,-82.0
2026-04-29,OPT,MAR27,0.44,-,660.0,-8522.0,-34.0
2026-04-29,OPT,APR27,0.00,-,393.0,-984.0,-387.0
2026-04-29,OPT,MAY27,0.00,-,16.0,-103.0,-16.0
2026-04-29,OPT,JUN27,3.64,-,306.0,-6802.0,-190.0
2026-04-29,OPT,SEP27,0.18,-,85.0,874.0,71.0
2026-04-29,OPT,DEC27,0.95,-,164.0,-8280.0,0.0
2026-04-29,OPT,MAR28,1.23,-,49.0,-607.0,6.0
2026-04-29,OPT,DEC28,0.50,-,3.0,-428.0,1.0
2026-04-30,FUT,JUN26,7243.75,+75.75,1732392,1970288,30956
2026-04-30,FUT,SEP26,7299.50,+76.50,3730,23117,-168
2026-04-30,FUT,DEC26,7356.25,+77.25,55,991,12
2026-04-30,FUT,MAR27,7420.50,+79.50,0,119,0
2026-04-30,FUT,DEC27,7608.00,+80.50,0,83,2
2026-04-30,FUT,DEC28,7863.00,+80.50,0,20,0
2026-04-30,OPT,APR26,1.55,-,403566.0,0.0,226474.0
2026-04-30,OPT,MAY26,2.10,-,691371.0,-1519785.0,-210142.0
2026-04-30,OPT,JUN26,1.56,-,89326.0,-906629.0,-1383.0
2026-04-30,OPT,JUL26,1.75,-,12747.0,-278266.0,7347.0
2026-04-30,OPT,AUG26,1.20,-,14437.0,-52105.0,1539.0
2026-04-30,OPT,SEP26,1.23,-,18213.0,-98312.0,2635.0
2026-04-30,OPT,OCT26,3.57,-,1069.0,-18156.0,-440.0
2026-04-30,OPT,NOV26,2.15,-,1623.0,-33353.0,-330.0
2026-04-30,OPT,DEC26,1.40,-,24423.0,-61706.0,-4617.0
2026-04-30,OPT,JAN27,0.60,-,1156.0,-1108.0,92.0
2026-04-30,OPT,FEB27,0.47,-,88.0,-4088.0,7.0
2026-04-30,OPT,MAR27,1.38,-,2482.0,-7805.0,717.0
2026-04-30,OPT,APR27,1.30,-,416.0,-1033.0,-49.0
2026-04-30,OPT,MAY27,21.50,-,45.0,-142.0,-39.0
2026-04-30,OPT,JUN27,7.26,-,446.0,-7090.0,-288.0
2026-04-30,OPT,SEP27,0.04,-,294.0,1137.0,263.0
2026-04-30,OPT,DEC27,11.69,-,165.0,-8342.0,-62.0
2026-04-30,OPT,MAR28,70.00,-,71.0,-656.0,-49.0
2026-04-30,OPT,DEC28,0.00,-,58.0,-482.0,-54.0
2026-04-30,OPT,DEC29,0.00,-,1.0,69.0,0.0
2026-04-30,OPT,DEC30,0.00,-,14.0,-27.0,14.0
2026-05-01,FUT,JUN26,7258.00,+14.25,1263615,1951962,-16356
2026-05-01,FUT,SEP26,7314.00,+14.50,2416,23315,198
2026-05-01,FUT,DEC26,7371.75,+15.50,86,1005,14
2026-05-01,FUT,MAR27,7434.00,+13.50,5,122,3
2026-05-01,FUT,DEC27,7617.50, +9.50,0,83,0
2026-05-01,FUT,DEC28,7876.00,+13.00,0,20,0
2026-05-01,OPT,MAY26,1.87,-,1023013.0,-1469476.0,48363.0
2026-05-01,OPT,JUN26,1.41,-,54589.0,-913767.0,-7165.0
2026-05-01,OPT,JUL26,1.82,-,24402.0,-281022.0,-2756.0
2026-05-01,OPT,AUG26,1.02,-,8351.0,-50578.0,1527.0
2026-05-01,OPT,SEP26,1.22,-,26067.0,-99039.0,-727.0
2026-05-01,OPT,OCT26,11.11,-,3693.0,-18911.0,-755.0
2026-05-01,OPT,NOV26,1.36,-,662.0,-33265.0,88.0
2026-05-01,OPT,DEC26,1.54,-,14040.0,-64800.0,-3094.0
2026-05-01,OPT,JAN27,1.21,-,369.0,-1190.0,-82.0
2026-05-01,OPT,FEB27,0.88,-,450.0,-4002.0,86.0
2026-05-01,OPT,MAR27,0.82,-,4772.0,-7971.0,-166.0
2026-05-01,OPT,APR27,0.62,-,609.0,-882.0,151.0
2026-05-01,OPT,MAY27,12.00,-,13.0,-143.0,-1.0
2026-05-01,OPT,JUN27,1.10,-,300.0,-7154.0,-64.0
2026-05-01,OPT,SEP27,0.45,-,120.0,1151.0,14.0
2026-05-01,OPT,DEC27,2.79,-,125.0,-8379.0,-37.0
2026-05-01,OPT,MAR28,0.00,-,50.0,-706.0,-50.0
2026-05-01,OPT,DEC28,4.07,-,71.0,-531.0,-49.0
2026-05-01,OPT,DEC29,1.00,-,2.0,69.0,0.0
2026-05-04,FUT,JUN26,7230.25,-27.75,1581015,1953525,1727
2026-05-04,FUT,SEP26,7285.75,-28.25,3306,23347,32
2026-05-04,FUT,DEC26,7343.00,-28.75,17,997,-8
2026-05-04,FUT,MAR27,7407.50,-26.50,0,122,0
2026-05-04,FUT,JUN27,7470.00, +0.00,12,12,12
2026-05-04,FUT,DEC27,7596.75,-20.75,0,83,0
2026-05-04,FUT,DEC28,7860.00,-16.00,0,20,0
2026-05-04,OPT,MAY26,2.01,-,952842.0,-1454016.0,13189.0
2026-05-04,OPT,JUN26,2.09,-,56227.0,-927632.0,-12028.0
2026-05-04,OPT,JUL26,2.16,-,13380.0,-285072.0,-4050.0
2026-05-04,OPT,AUG26,1.35,-,6581.0,-50083.0,495.0
2026-05-04,OPT,SEP26,0.93,-,14024.0,-99770.0,-710.0
2026-05-04,OPT,OCT26,2.66,-,758.0,-19077.0,-166.0
2026-05-04,OPT,NOV26,2.78,-,495.0,-33605.0,-340.0
2026-05-04,OPT,DEC26,0.99,-,5263.0,-65258.0,-458.0
2026-05-04,OPT,JAN27,1.87,-,519.0,-1353.0,-163.0
2026-05-04,OPT,FEB27,10.23,-,146.0,-4071.0,-69.0
2026-05-04,OPT,MAR27,1.48,-,2794.0,-8239.0,-268.0
2026-05-04,OPT,APR27,10.09,-,355.0,-1151.0,-269.0
2026-05-04,OPT,MAY27,0.00,-,26.0,-164.0,-21.0
2026-05-04,OPT,JUN27,3.42,-,2991.0,-8734.0,-1580.0
2026-05-04,OPT,SEP27,0.03,-,204.0,1328.0,177.0
2026-05-04,OPT,DEC27,14.41,-,339.0,-8451.0,-72.0
2026-05-04,OPT,MAR28,0.00,-,41.0,-665.0,41.0
2026-05-04,OPT,DEC28,1.66,-,85.0,-553.0,-22.0
2026-05-04,OPT,DEC29,0.00,-,2.0,69.0,0.0
2026-05-05,FUT,JUN26,7287.25,+57.00,1115385,1963620,10064
2026-05-05,FUT,SEP26,7343.50,+57.75,1798,23728,381
2026-05-05,FUT,DEC26,7400.75,+57.75,105,1069,72
2026-05-05,FUT,MAR27,7466.00,+58.50,4,124,2
2026-05-05,FUT,JUN27,7527.25,+57.25,0,12,0
2026-05-05,FUT,DEC27,7649.75,+53.00,0,83,0
2026-05-05,FUT,DEC28,7916.75,+56.75,0,20,0
2026-05-05,OPT,MAY26,1.94,-,765578.0,-1411816.0,41601.0
2026-05-05,OPT,JUN26,1.19,-,63263.0,-930744.0,-2341.0
2026-05-05,OPT,JUL26,0.79,-,24678.0,-279621.0,5451.0
2026-05-05,OPT,AUG26,0.74,-,9605.0,-48036.0,2047.0
2026-05-05,OPT,SEP26,0.54,-,16219.0,-100443.0,1897.0
2026-05-05,OPT,OCT26,1.68,-,1891.0,-19407.0,-330.0
2026-05-05,OPT,NOV26,0.56,-,641.0,-33412.0,193.0
2026-05-05,OPT,DEC26,0.52,-,4864.0,-65531.0,227.0
2026-05-05,OPT,JAN27,0.82,-,446.0,-1429.0,-76.0
2026-05-05,OPT,FEB27,0.05,-,123.0,-4016.0,55.0
2026-05-05,OPT,MAR27,2.22,-,1118.0,-8459.0,-220.0
2026-05-05,OPT,APR27,0.00,-,103.0,-1253.0,-102.0
2026-05-05,OPT,MAY27,0.05,-,359.0,164.0,328.0
2026-05-05,OPT,JUN27,2.63,-,795.0,-9145.0,-411.0
2026-05-05,OPT,SEP27,0.13,-,798.0,1844.0,516.0
2026-05-05,OPT,DEC27,20.55,-,668.0,-8149.0,302.0
2026-05-05,OPT,MAR28,0.00,-,200.0,-865.0,-200.0
2026-05-05,OPT,DEC28,0.00,-,107.0,-1387.0,-834.0
2026-05-05,OPT,DEC30,0.00,-,1.0,-28.0,-1.0
2026-05-06,FUT,JUN26,7389.50,+102.25,1631260,1999708,37059
2026-05-06,FUT,SEP26,7446.50,+103.00,4501,24708,980
2026-05-06,FUT,DEC26,7504.25,+103.50,44,1068,-1
2026-05-06,FUT,MAR27,7566.25,+100.25,5,128,4
2026-05-06,FUT,JUN27,7631.25,+104.00,0,12,0
2026-05-06,FUT,DEC27,7755.25,+105.50,0,83,0
2026-05-06,FUT,DEC28,8016.50,+99.75,0,20,0
2026-05-06,OPT,MAY26,1.35,-,1107300.0,-1494336.0,-82996.0
2026-05-06,OPT,JUN26,0.89,-,113706.0,-932332.0,-1685.0
2026-05-06,OPT,JUL26,0.56,-,54266.0,-276852.0,2768.0
2026-05-06,OPT,AUG26,0.70,-,15453.0,-46332.0,1704.0
2026-05-06,OPT,SEP26,1.41,-,28935.0,-100066.0,377.0
2026-05-06,OPT,OCT26,12.80,-,13465.0,-21342.0,-1935.0
2026-05-06,OPT,NOV26,7.14,-,2663.0,-33903.0,-491.0
2026-05-06,OPT,DEC26,0.94,-,17528.0,-64076.0,1455.0
2026-05-06,OPT,JAN27,4.43,-,8728.0,-6747.0,-5318.0
2026-05-06,OPT,FEB27,0.30,-,846.0,-4089.0,-73.0
2026-05-06,OPT,MAR27,1.12,-,2288.0,-8755.0,-296.0
2026-05-06,OPT,APR27,0.31,-,322.0,-1083.0,170.0
2026-05-06,OPT,MAY27,0.32,-,50.0,186.0,22.0
2026-05-06,OPT,JUN27,18.46,-,506.0,-9584.0,-439.0
2026-05-06,OPT,SEP27,0.02,-,519.0,2338.0,494.0
2026-05-06,OPT,DEC27,3.40,-,154.0,-8214.0,-65.0
2026-05-06,OPT,MAR28,13.00,-,14.0,-864.0,1.0
2026-05-06,OPT,DEC28,0.02,-,102.0,-1361.0,26.0
2026-05-06,OPT,DEC30,0.00,-,2.0,-26.0,2.0
2026-05-07,FUT,JUN26,7363.00,-26.50,1753384,2006091,8112
2026-05-07,FUT,SEP26,7420.00,-26.50,4178,26854,2146
2026-05-07,FUT,DEC26,7477.75,-26.50,40,1076,8
2026-05-07,FUT,MAR27,7543.00,-23.25,3,128,0
2026-05-07,FUT,JUN27,7604.75,-26.50,0,12,0
2026-05-07,FUT,DEC27,7732.50,-22.75,0,83,0
2026-05-07,FUT,DEC28,7996.75,-19.75,0,20,0
2026-05-07,OPT,MAY26,1.52,-,1140276.0,-1567335.0,-74404.0
2026-05-07,OPT,JUN26,1.56,-,90620.0,-950380.0,-17564.0
2026-05-07,OPT,JUL26,0.80,-,23820.0,-275887.0,965.0
2026-05-07,OPT,AUG26,0.77,-,12115.0,-45167.0,1165.0
2026-05-07,OPT,SEP26,0.95,-,26159.0,-102149.0,-2083.0
2026-05-07,OPT,OCT26,7.88,-,2806.0,-22442.0,-1100.0
2026-05-07,OPT,NOV26,4.61,-,2507.0,-34925.0,-1022.0
2026-05-07,OPT,DEC26,0.55,-,6501.0,-64101.0,-25.0
2026-05-07,OPT,JAN27,1.84,-,321.0,-6615.0,132.0
2026-05-07,OPT,FEB27,1.79,-,299.0,-4164.0,-75.0
2026-05-07,OPT,MAR27,0.81,-,2050.0,-9063.0,-308.0
2026-05-07,OPT,APR27,1.11,-,116.0,-1074.0,9.0
2026-05-07,OPT,MAY27,5.35,-,127.0,96.0,-90.0
2026-05-07,OPT,JUN27,17.40,-,2134.0,-11317.0,-1733.0
2026-05-07,OPT,SEP27,0.45,-,48.0,2360.0,22.0
2026-05-07,OPT,DEC27,0.56,-,525.0,-8256.0,-42.0
2026-05-07,OPT,MAR28,0.00,-,4.0,-864.0,0.0
2026-05-07,OPT,DEC28,0.21,-,46.0,-1329.0,32.0
2026-05-07,OPT,DEC29,0.00,-,2.0,71.0,2.0
2026-05-08,FUT,JUN26,7419.00,+56.00,1312034,2019453,15185
2026-05-08,FUT,SEP26,7476.75,+56.75,2489,26755,948
2026-05-08,FUT,DEC26,7535.25,+57.50,15,1075,-1
2026-05-08,FUT,MAR27,7600.50,+57.50,2,128,0
2026-05-08,FUT,JUN27,7663.50,+58.75,0,12,0
2026-05-08,FUT,DEC27,7791.25,+58.75,0,83,0
2026-05-08,FUT,DEC28,8061.25,+64.50,0,20,0
2026-05-08,OPT,MAY26,1.93,-,1071255.0,-1502429.0,64561.0
2026-05-08,OPT,JUN26,1.11,-,70952.0,-971300.0,-19936.0
2026-05-08,OPT,JUL26,0.54,-,25384.0,-270821.0,5066.0
2026-05-08,OPT,AUG26,0.81,-,10874.0,-45908.0,-741.0
2026-05-08,OPT,SEP26,1.85,-,15674.0,-101590.0,552.0
2026-05-08,OPT,OCT26,0.34,-,1673.0,-22006.0,436.0
2026-05-08,OPT,NOV26,1.11,-,899.0,-34862.0,63.0
2026-05-08,OPT,DEC26,0.36,-,10392.0,-63991.0,110.0
2026-05-08,OPT,JAN27,0.16,-,918.0,-6093.0,522.0
2026-05-08,OPT,FEB27,0.32,-,380.0,-3975.0,189.0
2026-05-08,OPT,MAR27,1.65,-,4152.0,-9347.0,-284.0
2026-05-08,OPT,APR27,0.92,-,305.0,-1135.0,-61.0
2026-05-08,OPT,MAY27,0.00,-,131.0,-35.0,-131.0
2026-05-08,OPT,JUN27,0.67,-,411.0,-11198.0,119.0
2026-05-08,OPT,SEP27,0.05,-,362.0,2655.0,295.0
2026-05-08,OPT,DEC27,0.32,-,274.0,-8106.0,150.0
2026-05-08,OPT,MAR28,12.38,-,1017.0,-820.0,44.0
2026-05-08,OPT,DEC28,0.00,-,1.0,-1330.0,-1.0
2026-05-08,OPT,DEC30,0.00,-,18.0,-8.0,18.0
2026-05-11,FUT,JUN26,7436.75,+17.75,1233354,2023862,4203
2026-05-11,FUT,SEP26,7494.75,+18.00,2128,27210,440
2026-05-11,FUT,DEC26,7554.25,+19.00,29,1079,4
2026-05-11,FUT,MAR27,7620.50,+20.00,1,129,1
2026-05-11,FUT,JUN27,7684.75,+21.25,0,12,0
2026-05-11,FUT,DEC27,7814.00,+22.75,0,83,0
2026-05-11,FUT,DEC28,8088.50,+27.25,0,20,0
2026-05-11,OPT,MAY26,2.00,-,1002527.0,-1476308.0,25332.0
2026-05-11,OPT,JUN26,1.52,-,82028.0,-990381.0,-19015.0
2026-05-11,OPT,JUL26,1.16,-,22606.0,-272411.0,-1585.0
2026-05-11,OPT,AUG26,0.76,-,9295.0,-45467.0,441.0
2026-05-11,OPT,SEP26,1.71,-,11974.0,-102234.0,-709.0
2026-05-11,OPT,OCT26,4.43,-,1489.0,-22389.0,-384.0
2026-05-11,OPT,NOV26,6.75,-,279.0,-34934.0,-22.0
2026-05-11,OPT,DEC26,1.21,-,6339.0,-64085.0,-86.0
2026-05-11,OPT,JAN27,2.66,-,1022.0,-6529.0,-412.0
2026-05-11,OPT,FEB27,0.12,-,126.0,-3914.0,61.0
2026-05-11,OPT,MAR27,1.41,-,4388.0,-9630.0,-283.0
2026-05-11,OPT,APR27,0.10,-,635.0,-614.0,521.0
2026-05-11,OPT,MAY27,0.21,-,201.0,-202.0,-167.0
2026-05-11,OPT,JUN27,0.02,-,992.0,-10250.0,948.0
2026-05-11,OPT,SEP27,0.02,-,195.0,2820.0,165.0
2026-05-11,OPT,DEC27,10.13,-,790.0,-8531.0,-425.0
2026-05-11,OPT,MAR28,0.15,-,75.0,-765.0,55.0
2026-05-11,OPT,DEC28,0.00,-,106.0,-1435.0,-105.0
2026-05-11,OPT,DEC29,0.00,-,7.0,68.0,-3.0
2026-05-11,OPT,DEC30,0.00,-,11.0,-12.0,-4.0
2026-05-12,FUT,JUN26,7426.50,-10.25,1625151,2029279,4610
2026-05-12,FUT,SEP26,7484.50,-10.25,3443,27186,-34
2026-05-12,FUT,DEC26,7544.25,-10.00,89,1026,-53
2026-05-12,FUT,MAR27,7611.50, -9.00,0,129,0
2026-05-12,FUT,JUN27,7678.50, -6.25,13,23,11
2026-05-12,FUT,DEC27,7810.50, -3.50,0,83,0
2026-05-12,FUT,DEC28,8091.00, +2.50,0,20,0
2026-05-12,OPT,MAY26,1.64,-,999103.0,-1507181.0,-30040.0
2026-05-12,OPT,JUN26,1.38,-,102116.0,-1004469.0,-13978.0
2026-05-12,OPT,JUL26,1.05,-,17449.0,-275835.0,-3424.0
2026-05-12,OPT,AUG26,1.23,-,9192.0,-47439.0,-1972.0
2026-05-12,OPT,SEP26,1.25,-,26059.0,-104809.0,-2575.0
2026-05-12,OPT,OCT26,2.74,-,2250.0,-22620.0,-231.0
2026-05-12,OPT,NOV26,1.62,-,417.0,-35025.0,-91.0
2026-05-12,OPT,DEC26,1.47,-,6694.0,-66382.0,-2282.0
2026-05-12,OPT,JAN27,1.00,-,696.0,-6595.0,-66.0
2026-05-12,OPT,FEB27,0.77,-,706.0,-3900.0,14.0
2026-05-12,OPT,MAR27,1.38,-,2883.0,-9685.0,-55.0
2026-05-12,OPT,APR27,0.86,-,462.0,-596.0,18.0
2026-05-12,OPT,MAY27,0.09,-,58.0,-154.0,48.0
2026-05-12,OPT,JUN27,0.17,-,405.0,-9971.0,279.0
2026-05-12,OPT,SEP27,0.43,-,83.0,2857.0,37.0
2026-05-12,OPT,DEC27,4.53,-,376.0,-8687.0,-156.0
2026-05-12,OPT,MAR28,0.00,-,166.0,-601.0,164.0
2026-05-12,OPT,DEC28,0.00,-,30.0,-1440.0,-5.0
2026-05-12,OPT,DEC29,0.00,-,51.0,119.0,51.0
2026-05-12,OPT,DEC30,51.00,-,52.0,-64.0,-52.0
2026-05-13,FUT,JUN26,7469.50,+43.00,1301334,2027666,-204
2026-05-13,FUT,SEP26,7528.25,+43.75,3160,27554,476
2026-05-13,FUT,DEC26,7588.75,+44.50,334,1060,34
2026-05-13,FUT,MAR27,7655.00,+43.50,0,129,0
2026-05-13,FUT,JUN27,7721.00,+42.50,0,23,0
2026-05-13,FUT,DEC27,7857.75,+47.25,0,83,0
2026-05-13,FUT,DEC28,8136.75,+45.75,0,20,0
2026-05-13,OPT,MAY26,1.70,-,970870.0,-1500603.0,6480.0
2026-05-13,OPT,JUN26,1.11,-,87431.0,-1027184.0,-22431.0
2026-05-13,OPT,JUL26,1.05,-,23051.0,-279996.0,-4161.0
2026-05-13,OPT,AUG26,0.98,-,15337.0,-49426.0,-1987.0
2026-05-13,OPT,SEP26,1.70,-,17698.0,-103994.0,828.0
2026-05-13,OPT,OCT26,4.26,-,2423.0,-23605.0,-985.0
2026-05-13,OPT,NOV26,0.50,-,1163.0,-34789.0,236.0
2026-05-13,OPT,DEC26,0.31,-,6849.0,-66326.0,56.0
2026-05-13,OPT,JAN27,1.43,-,1031.0,-6793.0,-198.0
2026-05-13,OPT,FEB27,1.87,-,181.0,-3939.0,-39.0
2026-05-13,OPT,MAR27,0.36,-,2251.0,-8620.0,1065.0
2026-05-13,OPT,APR27,0.02,-,462.0,-168.0,428.0
2026-05-13,OPT,MAY27,1.01,-,814.0,-178.0,-24.0
2026-05-13,OPT,JUN27,0.40,-,279.0,-9970.0,1.0
2026-05-13,OPT,SEP27,0.05,-,564.0,3339.0,482.0
2026-05-13,OPT,DEC27,0.85,-,612.0,-8757.0,-70.0
2026-05-13,OPT,DEC28,18.20,-,192.0,-1597.0,-157.0
2026-05-14,FUT,JUN26,7525.50,+56.00,1371818,2046258,19805
2026-05-14,FUT,SEP26,7585.00,+56.75,7862,28813,1259
2026-05-14,FUT,DEC26,7646.50,+57.75,50,1101,41
2026-05-14,FUT,MAR27,7715.50,+60.50,0,129,0
2026-05-14,FUT,JUN27,7784.00,+63.00,0,23,0
2026-05-14,FUT,DEC27,7919.50,+61.75,0,83,0
2026-05-14,FUT,DEC28,8208.00,+71.25,0,20,0
2026-05-14,OPT,MAY26,1.44,-,923746.0,-1490113.0,9279.0
2026-05-14,OPT,JUN26,1.18,-,112599.0,-1050382.0,-23200.0
2026-05-14,OPT,JUL26,0.55,-,66763.0,-274963.0,5033.0
2026-05-14,OPT,AUG26,1.60,-,22410.0,-48000.0,1426.0
2026-05-14,OPT,SEP26,1.39,-,23247.0,-106644.0,-2650.0
2026-05-14,OPT,OCT26,16.98,-,5808.0,-27796.0,-4191.0
2026-05-14,OPT,NOV26,3.05,-,2213.0,-35127.0,-338.0
2026-05-14,OPT,DEC26,1.08,-,19638.0,-67394.0,-1067.0
2026-05-14,OPT,JAN27,1.65,-,981.0,-7079.0,-286.0
2026-05-14,OPT,FEB27,0.44,-,468.0,-3814.0,125.0
2026-05-14,OPT,MAR27,0.96,-,17350.0,-7245.0,1375.0
2026-05-14,OPT,APR27,0.16,-,1189.0,623.0,791.0
2026-05-14,OPT,MAY27,0.10,-,385.0,143.0,321.0
2026-05-14,OPT,JUN27,0.27,-,1332.0,-9622.0,348.0
2026-05-14,OPT,JUL27,0.00,-,50.0,-50.0,-50.0
2026-05-14,OPT,SEP27,0.11,-,157.0,3338.0,-1.0
2026-05-14,OPT,DEC27,0.13,-,966.0,-8334.0,423.0
2026-05-14,OPT,MAR28,0.01,-,151.0,-454.0,147.0
2026-05-14,OPT,DEC28,0.00,-,2.0,-1598.0,-1.0
2026-05-14,OPT,DEC29,0.00,-,100.0,219.0,100.0
2026-05-14,OPT,DEC30,0.00,-,100.0,-164.0,-100.0
2026-05-15,FUT,JUN26,7432.25,-93.25,1923350,2022250,-22976
2026-05-15,FUT,SEP26,7490.75,-94.25,6409,29122,559
2026-05-15,FUT,DEC26,7552.00,-94.50,32,1081,-4
2026-05-15,FUT,MAR27,7620.25,-95.25,0,129,0
2026-05-15,FUT,JUN27,7688.25,-95.75,0,23,0
2026-05-15,FUT,DEC27,7824.25,-95.25,0,83,0
2026-05-15,FUT,DEC28,8116.00,-92.00,0,20,0
2026-05-15,OPT,MAY26,1.76,-,1152172.0,-850543.0,639467.0
2026-05-15,OPT,JUN26,1.73,-,145458.0,-1070311.0,-19884.0
2026-05-15,OPT,JUL26,0.83,-,48129.0,-279145.0,-4182.0
2026-05-15,OPT,AUG26,1.50,-,9103.0,-48044.0,-44.0
2026-05-15,OPT,SEP26,1.45,-,18189.0,-107127.0,-485.0
2026-05-15,OPT,OCT26,8.17,-,4906.0,-29671.0,-1875.0
2026-05-15,OPT,NOV26,4.17,-,357.0,-35259.0,-132.0
2026-05-15,OPT,DEC26,1.23,-,4030.0,-68277.0,-883.0
2026-05-15,OPT,JAN27,0.21,-,338.0,-6937.0,142.0
2026-05-15,OPT,FEB27,0.04,-,282.0,-3627.0,187.0
2026-05-15,OPT,MAR27,1.68,-,982.0,-7436.0,-191.0
2026-05-15,OPT,APR27,0.09,-,419.0,992.0,369.0
2026-05-15,OPT,MAY27,5.03,-,235.0,-11.0,-154.0
2026-05-15,OPT,JUN27,0.16,-,1259.0,-9015.0,607.0
2026-05-15,OPT,JUL27,0.43,-,30.0,-38.0,12.0
2026-05-15,OPT,SEP27,1.57,-,162.0,3319.0,-19.0
2026-05-15,OPT,DEC27,0.93,-,106.0,-8316.0,18.0
2026-05-15,OPT,MAR28,0.00,-,5.0,-459.0,-5.0
2026-05-15,OPT,DEC28,0.00,-,1.0,-1599.0,-1.0
2026-05-15,OPT,DEC29,0.00,-,1.0,220.0,1.0
2026-05-15,OPT,DEC30,2.00,-,3.0,-167.0,-3.0
2026-05-18,FUT,JUN26,7425.75, -6.50,1983487,2038662,15592
2026-05-18,FUT,SEP26,7484.25, -6.50,6279,30518,1396
2026-05-18,FUT,DEC26,7545.75, -6.25,76,1105,24
2026-05-18,FUT,MAR27,7613.50, -6.75,1,130,1
2026-05-18,FUT,JUN27,7682.25, -6.00,0,23,0
2026-05-18,FUT,DEC27,7819.75, -4.50,0,83,0
2026-05-18,FUT,DEC28,8114.75, -1.25,0,20,0
2026-05-18,OPT,MAY26,1.40,-,926819.0,-914897.0,-65153.0
2026-05-18,OPT,JUN26,1.51,-,133651.0,-1088251.0,-18225.0
2026-05-18,OPT,JUL26,1.00,-,28134.0,-281060.0,-1915.0
2026-05-18,OPT,AUG26,0.81,-,11936.0,-47601.0,443.0
2026-05-18,OPT,SEP26,1.36,-,19667.0,-105467.0,1660.0
2026-05-18,OPT,OCT26,20.93,-,9801.0,-36694.0,-7023.0
2026-05-18,OPT,NOV26,2.53,-,4047.0,-35837.0,-578.0
2026-05-18,OPT,DEC26,3.68,-,16537.0,-75627.0,-7350.0
2026-05-18,OPT,JAN27,0.34,-,1455.0,-6334.0,603.0
2026-05-18,OPT,FEB27,0.27,-,391.0,-3480.0,147.0
2026-05-18,OPT,MAR27,0.84,-,1127.0,-7717.0,-281.0
2026-05-18,OPT,APR27,0.18,-,509.0,1322.0,330.0
2026-05-18,OPT,MAY27,0.05,-,561.0,470.0,481.0
2026-05-18,OPT,JUN27,0.53,-,1660.0,-8711.0,304.0
2026-05-18,OPT,JUL27,1.54,-,61.0,-51.0,-13.0
2026-05-18,OPT,SEP27,2.88,-,31.0,3300.0,-19.0
2026-05-18,OPT,DEC27,2.21,-,90.0,-8364.0,-48.0
2026-05-18,OPT,MAR28,0.00,-,17.0,-476.0,-17.0
2026-05-18,OPT,DEC30,0.00,-,2.0,-165.0,2.0
2026-05-19,FUT,JUN26,7378.00,-47.75,1804940,2036952,-1743
2026-05-19,FUT,SEP26,7436.00,-48.25,8595,29216,-1302
2026-05-19,FUT,DEC26,7497.25,-48.50,231,1255,150
2026-05-19,FUT,MAR27,7565.75,-47.75,1,131,1
2026-05-19,FUT,JUN27,7634.50,-47.75,0,23,0
2026-05-19,FUT,DEC27,7775.50,-44.25,0,83,0
2026-05-19,FUT,DEC28,8077.75,-37.00,0,20,0
2026-05-19,OPT,MAY26,1.46,-,757032.0,-854462.0,60115.0
2026-05-19,OPT,JUN26,2.19,-,148322.0,-1123817.0,-36129.0
2026-05-19,OPT,JUL26,1.02,-,33280.0,-284109.0,-3051.0
2026-05-19,OPT,AUG26,1.63,-,8653.0,-48736.0,-1135.0
2026-05-19,OPT,SEP26,1.63,-,21837.0,-109617.0,-4150.0
2026-05-19,OPT,OCT26,42.86,-,10877.0,-45894.0,-9200.0
2026-05-19,OPT,NOV26,0.87,-,525.0,-35804.0,33.0
2026-05-19,OPT,DEC26,0.78,-,10447.0,-76826.0,-1199.0
2026-05-19,OPT,JAN27,0.37,-,1394.0,-6199.0,135.0
2026-05-19,OPT,FEB27,7.77,-,193.0,-3614.0,-134.0
2026-05-19,OPT,MAR27,4.92,-,349.0,-7835.0,-118.0
2026-05-19,OPT,APR27,0.80,-,148.0,1319.0,-3.0
2026-05-19,OPT,MAY27,0.24,-,288.0,649.0,179.0
2026-05-19,OPT,JUN27,1.26,-,77.0,-8715.0,-4.0
2026-05-19,OPT,JUL27,8.38,-,347.0,-324.0,-273.0
2026-05-19,OPT,SEP27,0.05,-,61.0,3353.0,53.0
2026-05-19,OPT,DEC27,5.00,-,90.0,-8404.0,-40.0
2026-05-19,OPT,MAR28,0.00,-,400.0,-165.0,311.0
2026-05-20,FUT,JUN26,7451.75,+73.75,1585626,2049785,12050
2026-05-20,FUT,SEP26,7510.75,+74.75,7466,28246,-950
2026-05-20,FUT,DEC26,7573.00,+75.75,59,1250,-5
2026-05-20,FUT,MAR27,7642.50,+76.75,0,131,0
2026-05-20,FUT,JUN27,7709.00,+74.50,0,23,0
2026-05-20,FUT,DEC27,7850.75,+75.25,0,83,0
2026-05-20,FUT,DEC28,8138.00,+60.25,0,20,0
2026-05-20,OPT,MAY26,1.34,-,821201.0,-717951.0,136137.0
2026-05-20,OPT,JUN26,2.07,-,115273.0,-1165053.0,-41220.0
2026-05-20,OPT,JUL26,2.12,-,25353.0,-289240.0,-5131.0
2026-05-20,OPT,AUG26,1.32,-,8223.0,-46722.0,2014.0
2026-05-20,OPT,SEP26,1.10,-,10734.0,-110015.0,-398.0
2026-05-20,OPT,OCT26,7.24,-,1772.0,-46440.0,-546.0
2026-05-20,OPT,NOV26,6.16,-,702.0,-36277.0,-473.0
2026-05-20,OPT,DEC26,0.56,-,3289.0,-77084.0,-258.0
2026-05-20,OPT,JAN27,14.02,-,916.0,-6939.0,-740.0
2026-05-20,OPT,FEB27,8.63,-,289.0,-3854.0,-240.0
2026-05-20,OPT,MAR27,0.38,-,1436.0,-7471.0,364.0
2026-05-20,OPT,APR27,2.00,-,54.0,1287.0,-32.0
2026-05-20,OPT,MAY27,0.05,-,412.0,1019.0,370.0
2026-05-20,OPT,JUN27,9.26,-,236.0,-8512.0,203.0
2026-05-20,OPT,JUL27,0.00,-,6.0,-330.0,-6.0
2026-05-20,OPT,SEP27,1.51,-,173.0,3341.0,-12.0
2026-05-20,OPT,DEC27,0.33,-,122.0,-8365.0,39.0
2026-05-20,OPT,DEC28,2.50,-,14.0,-1607.0,-8.0
2026-05-21,FUT,JUN26,7466.00,+14.25,1738205,2053237,5285
2026-05-21,FUT,SEP26,7525.00,+14.25,5872,29210,964
2026-05-21,FUT,DEC26,7586.50,+13.50,112,1352,102
2026-05-21,FUT,MAR27,7657.00,+14.50,0,131,0
2026-05-21,FUT,JUN27,7724.25,+15.25,28,48,25
2026-05-21,FUT,DEC27,7863.00,+12.25,0,83,0
2026-05-21,FUT,DEC28,8157.25,+19.25,0,20,0
2026-05-21,OPT,MAY26,1.43,-,861850.0,-709273.0,8559.0
2026-05-21,OPT,JUN26,1.65,-,156550.0,-1188537.0,-23533.0
2026-05-21,OPT,JUL26,1.20,-,26387.0,-293222.0,-3982.0
2026-05-21,OPT,AUG26,0.84,-,7052.0,-46281.0,441.0
2026-05-21,OPT,SEP26,1.18,-,14872.0,-112082.0,-2068.0
2026-05-21,OPT,OCT26,2.00,-,2274.0,-46823.0,-383.0
2026-05-21,OPT,NOV26,4.35,-,872.0,-36304.0,-27.0
2026-05-21,OPT,DEC26,1.20,-,5439.0,-77006.0,78.0
2026-05-21,OPT,JAN27,42.00,-,258.0,-7019.0,-80.0
2026-05-21,OPT,FEB27,7.36,-,602.0,-4352.0,-498.0
2026-05-21,OPT,MAR27,0.97,-,1328.0,-7623.0,-152.0
2026-05-21,OPT,APR27,2.06,-,193.0,1274.0,-13.0
2026-05-21,OPT,MAY27,6.29,-,605.0,578.0,-441.0
2026-05-21,OPT,JUN27,511.00,-,1024.0,-8954.0,-442.0
2026-05-21,OPT,SEP27,0.07,-,74.0,3369.0,28.0
2026-05-21,OPT,DEC27,35.30,-,835.0,-9109.0,-744.0
2026-05-21,OPT,MAR28,0.00,-,90.0,-255.0,-90.0
2026-05-21,OPT,DEC28,0.00,-,3.0,-1610.0,-3.0
2026-05-21,OPT,DEC29,0.00,-,2.0,218.0,-2.0
2026-05-21,OPT,DEC30,0.00,-,2.0,-166.0,-1.0
2026-05-22,FUT,JUN26,7491.00,+25.00,1242275,2049306,-2589
2026-05-22,FUT,SEP26,7551.00,+26.00,6859,29662,1002
2026-05-22,FUT,DEC26,7614.50,+28.00,64,1362,10
2026-05-22,FUT,MAR27,7687.00,+30.00,0,131,0
2026-05-22,FUT,JUN27,7757.50,+33.25,0,48,0
2026-05-22,FUT,DEC27,7898.25,+35.25,0,83,0
2026-05-22,FUT,DEC28,8196.25,+39.00,0,20,0
2026-05-22,OPT,MAY26,1.82,-,868487.0,-624275.0,84639.0
2026-05-22,OPT,JUN26,2.15,-,204078.0,-1252810.0,-64767.0
2026-05-22,OPT,JUL26,1.08,-,25928.0,-295552.0,-2330.0
2026-05-22,OPT,AUG26,1.33,-,10673.0,-47915.0,-1634.0
2026-05-22,OPT,SEP26,1.51,-,22800.0,-114740.0,-2658.0
2026-05-22,OPT,OCT26,5.29,-,1760.0,-47705.0,-882.0
2026-05-22,OPT,NOV26,17.72,-,2209.0,-35797.0,507.0
2026-05-22,OPT,DEC26,3.35,-,3560.0,-76466.0,540.0
2026-05-22,OPT,JAN27,0.96,-,565.0,-6879.0,140.0
2026-05-22,OPT,FEB27,14.40,-,77.0,-4397.0,-45.0
2026-05-22,OPT,MAR27,0.47,-,1271.0,-7311.0,312.0
2026-05-22,OPT,APR27,1.89,-,456.0,1203.0,-71.0
2026-05-22,OPT,MAY27,1.04,-,656.0,542.0,-36.0
2026-05-22,OPT,JUN27,0.29,-,202.0,-8910.0,44.0
2026-05-22,OPT,JUL27,0.00,-,18.0,-348.0,-18.0
2026-05-22,OPT,SEP27,0.10,-,125.0,3418.0,49.0
2026-05-22,OPT,DEC27,2.22,-,374.0,-9297.0,-188.0
2026-05-22,OPT,MAR28,0.00,-,5.0,-260.0,-5.0
2026-05-22,OPT,DEC28,0.00,-,2.0,-1610.0,0.0
2026-05-22,OPT,DEC29,0.00,-,2.0,216.0,-2.0
2026-05-22,OPT,DEC30,0.00,-,7.0,-172.0,-6.0
2026-05-26,FUT,JUN26,7537.00,+46.00,1422109,2061874,14230
2026-05-26,FUT,SEP26,7597.50,+46.50,6980,31228,1566
2026-05-26,FUT,DEC26,7660.75,+46.25,217,1368,6
2026-05-26,FUT,MAR27,7734.25,+47.25,0,131,0
2026-05-26,FUT,JUN27,7802.00,+44.50,0,48,0
2026-05-26,FUT,DEC27,7943.00,+44.75,0,83,0
2026-05-26,FUT,DEC28,8230.50,+34.25,0,20,0
2026-05-26,OPT,MAY26,1.33,-,803932.0,-586911.0,37223.0
2026-05-26,OPT,JUN26,2.34,-,274365.0,-1336967.0,-84339.0
2026-05-26,OPT,JUL26,1.00,-,47187.0,-293968.0,1584.0
2026-05-26,OPT,AUG26,0.83,-,12977.0,-49635.0,-1720.0
2026-05-26,OPT,SEP26,1.13,-,35514.0,-117242.0,-2502.0
2026-05-26,OPT,OCT26,2.50,-,3629.0,-49192.0,-1487.0
2026-05-26,OPT,NOV26,46.56,-,8704.0,-41319.0,-5522.0
2026-05-26,OPT,DEC26,1.41,-,22363.0,-84265.0,-7799.0
2026-05-26,OPT,JAN27,9.85,-,3503.0,-9283.0,-2404.0
2026-05-26,OPT,FEB27,0.69,-,27.0,-4392.0,5.0
2026-05-26,OPT,MAR27,5.91,-,6329.0,-10525.0,-3214.0
2026-05-26,OPT,APR27,0.38,-,745.0,1464.0,261.0
2026-05-26,OPT,MAY27,0.17,-,462.0,844.0,302.0
2026-05-26,OPT,JUN27,1.42,-,1814.0,-8855.0,55.0
2026-05-26,OPT,JUL27,0.00,-,193.0,-536.0,-188.0
2026-05-26,OPT,SEP27,3.53,-,145.0,3330.0,-88.0
2026-05-26,OPT,DEC27,5.59,-,435.0,-9457.0,-160.0
2026-05-26,OPT,MAR28,0.00,-,47.0,-213.0,47.0
2026-05-26,OPT,DEC28,10.71,-,246.0,-1663.0,-53.0
2026-05-26,OPT,DEC29,0.25,-,5.0,217.0,1.0
2026-05-26,OPT,DEC30,0.50,-,3.0,-171.0,1.0
2026-05-27,FUT,JUN26,7540.00, +3.00,1291159,2080099,18599
2026-05-27,FUT,SEP26,7601.00, +3.50,7232,32747,2276
2026-05-27,FUT,DEC26,7665.00, +4.25,463,1602,234
2026-05-27,FUT,MAR27,7736.75, +2.50,1,131,0
2026-05-27,FUT,JUN27,7804.75, +2.75,0,48,0
2026-05-27,FUT,DEC27,7946.50, +3.50,0,83,0
2026-05-27,FUT,DEC28,8235.75, +5.25,0,20,0
2026-05-27,OPT,MAY26,1.34,-,582320.0,-466230.0,119778.0
2026-05-27,OPT,JUN26,2.01,-,201504.0,-1395912.0,-59527.0
2026-05-27,OPT,JUL26,1.09,-,28657.0,-295683.0,-1714.0
2026-05-27,OPT,AUG26,2.45,-,12818.0,-52606.0,-2971.0
2026-05-27,OPT,SEP26,3.05,-,28068.0,-128860.0,-11618.0
2026-05-27,OPT,OCT26,3.40,-,2413.0,-48958.0,234.0
2026-05-27,OPT,NOV26,9.06,-,2012.0,-34197.0,7122.0
2026-05-27,OPT,DEC26,0.78,-,7712.0,-84504.0,-241.0
2026-05-27,OPT,JAN27,14.82,-,4381.0,-18305.0,-9022.0
2026-05-27,OPT,FEB27,0.51,-,253.0,-4394.0,-2.0
2026-05-27,OPT,MAR27,0.54,-,2218.0,-9889.0,636.0
2026-05-27,OPT,APR27,0.66,-,378.0,1519.0,55.0
2026-05-27,OPT,MAY27,0.67,-,905.0,999.0,155.0
2026-05-27,OPT,JUN27,0.32,-,806.0,-8325.0,530.0
2026-05-27,OPT,JUL27,0.39,-,199.0,-444.0,92.0
2026-05-27,OPT,SEP27,9.50,-,63.0,3275.0,-55.0
2026-05-27,OPT,DEC27,0.70,-,213.0,-9404.0,53.0
2026-05-27,OPT,DEC28,1.38,-,62.0,-1638.0,25.0
2026-05-28,FUT,JUN26,7581.75,+41.75,1280521,2095117,15833
2026-05-28,FUT,SEP26,7644.25,+43.25,16259,39517,6770
2026-05-28,FUT,DEC26,7708.50,+43.50,299,1574,-28
2026-05-28,FUT,MAR27,7781.25,+44.50,1,130,-1
2026-05-28,FUT,JUN27,7850.00,+45.25,0,48,0
2026-05-28,FUT,DEC27,7991.00,+44.50,0,83,0
2026-05-28,FUT,DEC28,8286.00,+50.25,0,20,0
2026-05-28,OPT,MAY26,1.37,-,598390.0,-402018.0,64150.0
2026-05-28,OPT,JUN26,2.74,-,375428.0,-1596716.0,-200900.0
2026-05-28,OPT,JUL26,2.15,-,36118.0,-300961.0,-5279.0
2026-05-28,OPT,AUG26,1.43,-,21468.0,-54524.0,-1918.0
2026-05-28,OPT,SEP26,1.23,-,23146.0,-130520.0,-1660.0
2026-05-28,OPT,OCT26,3.99,-,1972.0,-49653.0,-695.0
2026-05-28,OPT,NOV26,5.37,-,726.0,-34563.0,-366.0
2026-05-28,OPT,DEC26,0.85,-,12215.0,-87715.0,-3209.0
2026-05-28,OPT,JAN27,41.78,-,3893.0,-21589.0,-3284.0
2026-05-28,OPT,FEB27,156.08,-,3927.0,-7968.0,-3574.0
2026-05-28,OPT,MAR27,0.87,-,282.0,-9928.0,-39.0
2026-05-28,OPT,APR27,1.31,-,90.0,1500.0,-19.0
2026-05-28,OPT,MAY27,0.66,-,248.0,1013.0,14.0
2026-05-28,OPT,JUN27,1.50,-,2358.0,-8817.0,-492.0
2026-05-28,OPT,JUL27,0.62,-,26.0,-442.0,2.0
2026-05-28,OPT,SEP27,5.46,-,168.0,3157.0,-118.0
2026-05-28,OPT,DEC27,1.55,-,102.0,-9442.0,-38.0
2026-05-28,OPT,MAR28,5.00,-,6.0,-219.0,-6.0
2026-05-28,OPT,DEC28,0.00,-,5.0,-1643.0,-5.0
2026-05-29,FUT,JUN26,7595.75,+14.00,1581690,2100127,7210
2026-05-29,FUT,SEP26,7657.50,+13.25,15212,45830,6313
2026-05-29,FUT,DEC26,7721.75,+13.25,327,1614,43
2026-05-29,FUT,MAR27,7794.75,+13.50,0,130,0
2026-05-29,FUT,JUN27,7862.25,+12.25,0,48,0
2026-05-29,FUT,DEC27,8002.25,+11.25,0,83,0
2026-05-29,FUT,DEC28,8296.00,+10.00,0,20,0
2026-05-29,OPT,MAY26,1.25,-,415221.0,0.0,401955.0
2026-05-29,OPT,JUN26,2.49,-,638185.0,-1861741.0,-265159.0
2026-05-29,OPT,JUL26,0.71,-,52688.0,-305667.0,-4706.0
2026-05-29,OPT,AUG26,1.60,-,25177.0,-54641.0,-117.0
2026-05-29,OPT,SEP26,2.29,-,41428.0,-140896.0,-10376.0
2026-05-29,OPT,OCT26,6.46,-,6387.0,-50283.0,-630.0
2026-05-29,OPT,NOV26,7.28,-,6499.0,-36330.0,-1767.0
2026-05-29,OPT,DEC26,4.14,-,25609.0,-100411.0,-12696.0
2026-05-29,OPT,JAN27,2.73,-,608.0,-21696.0,-107.0
2026-05-29,OPT,FEB27,21.08,-,2694.0,-10288.0,-2320.0
2026-05-29,OPT,MAR27,0.97,-,1218.0,-9931.0,-3.0
2026-05-29,OPT,APR27,0.00,-,245.0,1482.0,-18.0
2026-05-29,OPT,MAY27,1.34,-,424.0,909.0,-104.0
2026-05-29,OPT,JUN27,1.13,-,3394.0,-9749.0,-932.0
2026-05-29,OPT,JUL27,0.00,-,35.0,-407.0,35.0
2026-05-29,OPT,SEP27,0.00,-,8.0,3159.0,2.0
2026-05-29,OPT,DEC27,0.43,-,283.0,-9288.0,154.0
2026-05-29,OPT,MAR28,1.40,-,137.0,-182.0,37.0
2026-05-29,OPT,DEC28,52.00,-,106.0,-1744.0,-101.0
2026-06-01,FUT,JUN26,7613.25,+17.50,1392611,2085688,-8356
2026-06-01,FUT,SEP26,7675.00,+17.50,8110,48376,2550
2026-06-01,FUT,DEC26,7739.50,+17.75,144,1666,53
2026-06-01,FUT,MAR27,7812.25,+17.50,0,130,0
2026-06-01,FUT,JUN27,7883.00,+20.75,0,48,0
2026-06-01,FUT,DEC27,8026.75,+24.50,0,83,0
2026-06-01,FUT,DEC28,8321.00,+25.00,0,20,0
2026-06-01,OPT,JUN26,2.18,-,909692.0,-1924248.0,-63346.0
2026-06-01,OPT,JUL26,1.18,-,37308.0,-308742.0,-3074.0
2026-06-01,OPT,AUG26,1.37,-,10174.0,-55309.0,-668.0
2026-06-01,OPT,SEP26,0.82,-,28951.0,-141016.0,-123.0
2026-06-01,OPT,OCT26,1.63,-,2901.0,-49737.0,546.0
2026-06-01,OPT,NOV26,6.87,-,1803.0,-37549.0,-1219.0
2026-06-01,OPT,DEC26,1.93,-,9428.0,-101314.0,-903.0
2026-06-01,OPT,JAN27,3.83,-,710.0,-21713.0,-17.0
2026-06-01,OPT,FEB27,0.61,-,87.0,-10286.0,2.0
2026-06-01,OPT,MAR27,1.16,-,1780.0,-10217.0,-286.0
2026-06-01,OPT,APR27,0.48,-,454.0,1572.0,90.0
2026-06-01,OPT,MAY27,0.32,-,141.0,980.0,71.0
2026-06-01,OPT,JUN27,0.34,-,758.0,-9718.0,31.0
2026-06-01,OPT,JUL27,0.00,-,131.0,-538.0,-131.0
2026-06-01,OPT,SEP27,0.13,-,103.0,3260.0,101.0
2026-06-01,OPT,DEC27,0.15,-,78.0,-9236.0,52.0
2026-06-01,OPT,MAR28,0.04,-,48.0,-138.0,44.0
2026-06-01,OPT,DEC28,0.00,-,24.0,-1726.0,18.0
2026-06-02,FUT,JUN26,7623.75,+10.50,1086612,2098562,12171
2026-06-02,FUT,SEP26,7686.00,+11.00,8707,52587,4269
2026-06-02,FUT,DEC26,7750.25,+10.75,51,1677,11
2026-06-02,FUT,MAR27,7822.50,+10.25,0,130,0
2026-06-02,FUT,JUN27,7894.75,+11.75,0,48,0
2026-06-02,FUT,DEC27,8039.25,+12.50,0,83,0
2026-06-02,FUT,DEC28,8335.50,+14.50,0,20,0
2026-06-02,OPT,JUN26,2.01,-,772134.0,-1904702.0,19341.0
2026-06-02,OPT,JUL26,1.96,-,38648.0,-322084.0,-13589.0
2026-06-02,OPT,AUG26,1.70,-,13016.0,-57368.0,-2059.0
2026-06-02,OPT,SEP26,1.69,-,19931.0,-140822.0,169.0
2026-06-02,OPT,OCT26,2.88,-,3245.0,-49863.0,-126.0
2026-06-02,OPT,NOV26,1.43,-,628.0,-37667.0,-118.0
2026-06-02,OPT,DEC26,1.77,-,11002.0,-101790.0,-476.0
2026-06-02,OPT,JAN27,74.63,-,2042.0,-23411.0,-1698.0
2026-06-02,OPT,FEB27,0.25,-,86.0,-10236.0,50.0
2026-06-02,OPT,MAR27,1.59,-,1906.0,-10388.0,-171.0
2026-06-02,OPT,APR27,0.39,-,234.0,1624.0,52.0
2026-06-02,OPT,MAY27,0.91,-,681.0,1187.0,207.0
2026-06-02,OPT,JUN27,0.14,-,416.0,-9460.0,258.0
2026-06-02,OPT,JUL27,0.00,-,126.0,-664.0,-126.0
2026-06-02,OPT,SEP27,0.00,-,6.0,3259.0,-1.0
2026-06-02,OPT,DEC27,9.00,-,370.0,-9504.0,-268.0
2026-06-02,OPT,MAR28,0.00,-,10.0,-148.0,-10.0
2026-06-02,OPT,DEC28,9.25,-,41.0,-1767.0,-41.0
2026-06-02,OPT,DEC29,0.00,-,1.0,218.0,1.0
2026-06-03,FUT,JUN26,7571.75,-52.00,1379991,2094032,-662
2026-06-03,FUT,SEP26,7634.50,-51.50,24714,59862,7283
2026-06-03,FUT,DEC26,7699.25,-51.00,51,1697,20
2026-06-03,FUT,MAR27,7771.50,-51.00,0,130,0
2026-06-03,FUT,JUN27,7843.50,-51.25,0,48,0
2026-06-03,FUT,DEC27,7989.75,-49.50,0,83,0
2026-06-03,FUT,DEC28,8293.00,-42.50,0,20,0
2026-06-03,OPT,JUN26,1.43,-,818148.0,-1857807.0,46523.0
2026-06-03,OPT,JUL26,1.34,-,35722.0,-325936.0,-3731.0
2026-06-03,OPT,AUG26,1.44,-,22770.0,-60782.0,-3002.0
2026-06-03,OPT,SEP26,1.67,-,18186.0,-137805.0,3006.0
2026-06-03,OPT,OCT26,1.55,-,1835.0,-49524.0,339.0
2026-06-03,OPT,NOV26,34.70,-,3534.0,-37578.0,89.0
2026-06-03,OPT,DEC26,1.67,-,10450.0,-103148.0,-1858.0
2026-06-03,OPT,JAN27,18.47,-,584.0,-23613.0,-202.0
2026-06-03,OPT,FEB27,2.81,-,548.0,-10283.0,-47.0
2026-06-03,OPT,MAR27,3.30,-,804.0,-10804.0,-416.0
2026-06-03,OPT,APR27,1.51,-,173.0,1587.0,-37.0
2026-06-03,OPT,MAY27,0.95,-,275.0,1184.0,-3.0
2026-06-03,OPT,JUN27,6.14,-,814.0,-9978.0,-518.0
2026-06-03,OPT,JUL27,0.00,-,15.0,-674.0,-10.0
2026-06-03,OPT,SEP27,2.00,-,3.0,3257.0,-2.0
2026-06-03,OPT,DEC27,2.13,-,169.0,-9692.0,-188.0
2026-06-03,OPT,MAR28,14.80,-,79.0,-217.0,-69.0
2026-06-03,OPT,DEC28,0.56,-,14.0,-2406.0,-639.0
2026-06-03,OPT,DEC29,0.00,-,5.0,221.0,3.0
2026-06-04,FUT,JUN26,7601.00,+29.25,1242281,2104221,10891
2026-06-04,FUT,SEP26,7664.50,+30.00,24708,67783,7921
2026-06-04,FUT,DEC26,7730.00,+30.75,94,1661,-36
2026-06-04,FUT,MAR27,7803.25,+31.75,1,129,-1
2026-06-04,FUT,JUN27,7873.75,+30.25,0,48,0
2026-06-04,FUT,DEC27,8019.25,+29.50,0,83,0
2026-06-04,FUT,DEC28,8320.50,+27.50,0,20,0
2026-06-04,OPT,JUN26,1.82,-,822579.0,-1969334.0,-111630.0
2026-06-04,OPT,JUL26,1.42,-,41855.0,-329844.0,-3908.0
2026-06-04,OPT,AUG26,1.15,-,14968.0,-60072.0,710.0
2026-06-04,OPT,SEP26,1.33,-,17615.0,-143475.0,-5670.0
2026-06-04,OPT,OCT26,1.12,-,1387.0,-49160.0,364.0
2026-06-04,OPT,NOV26,6.42,-,1981.0,-38094.0,-516.0
2026-06-04,OPT,DEC26,1.09,-,10272.0,-103906.0,-758.0
2026-06-04,OPT,JAN27,0.92,-,435.0,-23539.0,74.0
2026-06-04,OPT,FEB27,2.52,-,232.0,-10393.0,-110.0
2026-06-04,OPT,MAR27,1.35,-,1015.0,-10810.0,-6.0
2026-06-04,OPT,APR27,0.21,-,387.0,1724.0,137.0
2026-06-04,OPT,MAY27,1.90,-,299.0,1103.0,-81.0
2026-06-04,OPT,JUN27,4.08,-,2208.0,-11662.0,-1684.0
2026-06-04,OPT,SEP27,0.12,-,127.0,3334.0,77.0
2026-06-04,OPT,DEC27,2.71,-,241.0,-9759.0,-67.0
2026-06-04,OPT,MAR28,3.87,-,73.0,-270.0,-53.0
2026-06-04,OPT,DEC29,0.00,-,7.0,228.0,7.0
2026-06-04,OPT,DEC30,0.00,-,1.0,-172.0,-1.0
2026-06-05,FUT,JUN26,7400.50,-200.50,2370312,2114168,12253
2026-06-05,FUT,SEP26,7461.75,-202.75,30970,72023,4890
2026-06-05,FUT,DEC26,7526.75,-203.25,212,1688,27
2026-06-05,FUT,MAR27,7598.50,-204.75,2,131,2
2026-06-05,FUT,JUN27,7669.00,-204.75,0,48,0
2026-06-05,FUT,DEC27,7816.00,-203.25,0,83,0
2026-06-05,FUT,DEC28,8116.75,-203.75,0,20,0
2026-06-05,OPT,JUN26,1.93,-,1736760.0,-1958141.0,11052.0
2026-06-05,OPT,JUL26,1.84,-,87721.0,-337719.0,-7875.0
2026-06-05,OPT,AUG26,1.43,-,42541.0,-60128.0,-56.0
2026-06-05,OPT,SEP26,1.55,-,43443.0,-140554.0,2911.0
2026-06-05,OPT,OCT26,1.61,-,4394.0,-48539.0,621.0
2026-06-05,OPT,NOV26,25.37,-,2400.0,-38079.0,15.0
2026-06-05,OPT,DEC26,1.28,-,21187.0,-104158.0,-262.0
2026-06-05,OPT,JAN27,3.35,-,2994.0,-24207.0,-668.0
2026-06-05,OPT,FEB27,2.06,-,545.0,-10367.0,26.0
2026-06-05,OPT,MAR27,1.40,-,1799.0,-11048.0,-238.0
2026-06-05,OPT,APR27,0.11,-,409.0,2021.0,297.0
2026-06-05,OPT,MAY27,0.12,-,188.0,1210.0,107.0
2026-06-05,OPT,JUN27,0.32,-,822.0,-11422.0,240.0
2026-06-05,OPT,JUL27,0.10,-,191.0,-519.0,155.0
2026-06-05,OPT,SEP27,0.82,-,131.0,3333.0,-1.0
2026-06-05,OPT,DEC27,0.47,-,78.0,-9735.0,24.0
2026-06-05,OPT,MAR28,2.43,-,79.0,-286.0,-16.0
2026-06-05,OPT,DEC28,0.06,-,54.0,-2442.0,-36.0
2026-06-08,FUT,JUN26,7416.00,+15.50,1821072,2097991,-17228
2026-06-08,FUT,SEP26,7477.50,+15.75,37272,86695,14672
2026-06-08,FUT,DEC26,7543.25,+16.50,347,1486,-202
2026-06-08,FUT,MAR27,7615.00,+16.50,0,131,0
2026-06-08,FUT,JUN27,7688.25,+19.25,0,48,0
2026-06-08,FUT,DEC27,7835.00,+19.00,0,83,0
2026-06-08,FUT,DEC28,8132.75,+16.00,0,20,0
2026-06-08,OPT,JUN26,1.95,-,1116489.0,-1902446.0,54085.0
2026-06-08,OPT,JUL26,2.51,-,47799.0,-343539.0,-6228.0
2026-06-08,OPT,AUG26,1.22,-,20854.0,-64632.0,-4504.0
2026-06-08,OPT,SEP26,0.85,-,32137.0,-136954.0,3600.0
2026-06-08,OPT,OCT26,0.48,-,2830.0,-47702.0,837.0
2026-06-08,OPT,NOV26,5.42,-,834.0,-38345.0,-266.0
2026-06-08,OPT,DEC26,2.78,-,21641.0,-107044.0,-2886.0
2026-06-08,OPT,JAN27,197.00,-,990.0,-24528.0,-321.0
2026-06-08,OPT,FEB27,0.49,-,290.0,-10261.0,106.0
2026-06-08,OPT,MAR27,1.19,-,1467.0,-10976.0,72.0
2026-06-08,OPT,APR27,1.77,-,233.0,1974.0,-47.0
2026-06-08,OPT,MAY27,8.82,-,373.0,952.0,-258.0
2026-06-08,OPT,JUN27,0.16,-,1645.0,-10512.0,910.0
2026-06-08,OPT,JUL27,0.00,-,26.0,-545.0,-26.0
2026-06-08,OPT,SEP27,1.65,-,437.0,3255.0,-78.0
2026-06-08,OPT,DEC27,0.79,-,61.0,-9739.0,-4.0
2026-06-08,OPT,MAR28,0.00,-,51.0,-235.0,51.0
2026-06-08,OPT,DEC28,0.86,-,13.0,-2441.0,1.0
2026-06-08,OPT,DEC30,0.00,-,1.0,-171.0,1.0
2026-06-09,FUT,JUN26,7392.75,-23.25,2505679,2093166,-4519
2026-06-09,FUT,SEP26,7454.25,-23.25,86227,108423,21739
2026-06-09,FUT,DEC26,7517.75,-25.50,329,1517,31
2026-06-09,FUT,MAR27,7592.25,-22.75,0,131,0
2026-06-09,FUT,JUN27,7662.25,-26.00,0,48,0
2026-06-09,FUT,DEC27,7807.75,-27.25,0,83,0
2026-06-09,FUT,DEC28,8105.25,-27.50,0,20,0
2026-06-09,OPT,JUN26,1.79,-,1582790.0,-1860974.0,40589.0
2026-06-09,OPT,JUL26,1.67,-,81687.0,-352493.0,-9092.0
2026-06-09,OPT,AUG26,1.51,-,25182.0,-67616.0,-2984.0
2026-06-09,OPT,SEP26,1.43,-,39364.0,-137592.0,-644.0
2026-06-09,OPT,OCT26,3.22,-,4611.0,-47894.0,-192.0
2026-06-09,OPT,NOV26,2.50,-,3336.0,-37896.0,449.0
2026-06-09,OPT,DEC26,1.13,-,12440.0,-105282.0,1762.0
2026-06-09,OPT,JAN27,20.77,-,2569.0,-26170.0,-1642.0
2026-06-09,OPT,FEB27,3.86,-,457.0,-10456.0,-195.0
2026-06-09,OPT,MAR27,0.71,-,1948.0,-10454.0,522.0
2026-06-09,OPT,APR27,0.39,-,245.0,2083.0,109.0
2026-06-09,OPT,MAY27,0.32,-,505.0,1023.0,71.0
2026-06-09,OPT,JUN27,0.01,-,1204.0,-10092.0,420.0
2026-06-09,OPT,SEP27,0.61,-,87.0,3267.0,12.0
2026-06-09,OPT,DEC27,6.50,-,150.0,-9843.0,-104.0
2026-06-09,OPT,MAR28,0.00,-,83.0,-313.0,-78.0
2026-06-09,OPT,DEC28,0.33,-,4.0,-2438.0,3.0
2026-06-10,FUT,JUN26,7278.50,-114.25,1851849,2082789,-10173
2026-06-10,FUT,SEP26,7338.75,-115.50,144924,156784,48381
2026-06-10,FUT,DEC26,7402.75,-115.00,246,1513,-4
2026-06-10,FUT,MAR27,7471.25,-121.00,40,141,10
2026-06-10,FUT,JUN27,7541.25,-121.00,0,48,0
2026-06-10,FUT,DEC27,7681.50,-126.25,0,83,0
2026-06-10,FUT,DEC28,7973.25,-132.00,0,20,0
2026-06-10,OPT,JUN26,2.28,-,1166762.0,-1805881.0,53819.0
2026-06-10,OPT,JUL26,1.42,-,63385.0,-359408.0,-6915.0
2026-06-10,OPT,AUG26,3.16,-,22084.0,-71542.0,-3926.0
2026-06-10,OPT,SEP26,1.40,-,36375.0,-139640.0,-2048.0
2026-06-10,OPT,OCT26,1.49,-,5567.0,-48322.0,-428.0
2026-06-10,OPT,NOV26,0.56,-,1473.0,-37521.0,375.0
2026-06-10,OPT,DEC26,2.28,-,14513.0,-107296.0,-2014.0
2026-06-10,OPT,JAN27,23.22,-,1768.0,-27653.0,-1483.0
2026-06-10,OPT,FEB27,3.63,-,375.0,-10501.0,-45.0
2026-06-10,OPT,MAR27,0.38,-,2589.0,-9596.0,858.0
2026-06-10,OPT,APR27,0.37,-,93.0,2126.0,43.0
2026-06-10,OPT,MAY27,0.40,-,150.0,1085.0,62.0
2026-06-10,OPT,JUN27,0.26,-,559.0,-10254.0,156.0
2026-06-10,OPT,JUL27,0.01,-,70.0,-477.0,68.0
2026-06-10,OPT,SEP27,9.08,-,121.0,3173.0,-94.0
2026-06-10,OPT,DEC27,4.89,-,271.0,-9971.0,-128.0
2026-06-10,OPT,MAR28,0.00,-,4.0,-314.0,-1.0
2026-06-10,OPT,DEC28,0.00,-,25.0,-2459.0,-21.0
2026-06-11,FUT,JUN26,7396.00,+117.50,2295133,1912622,-166761
2026-06-11,FUT,SEP26,7458.50,+119.75,555702,306391,149774
2026-06-11,FUT,DEC26,7521.25,+118.50,349,1512,-1
2026-06-11,FUT,MAR27,7592.00,+120.75,1,142,1
2026-06-11,FUT,JUN27,7662.75,+121.50,0,48,0
2026-06-11,FUT,DEC27,7803.75,+122.25,0,83,0
2026-06-11,FUT,DEC28,8093.75,+120.50,0,20,0
2026-06-11,OPT,JUN26,1.93,-,1354782.0,-1886751.0,-81546.0
2026-06-11,OPT,JUL26,1.69,-,83440.0,-360148.0,-740.0
2026-06-11,OPT,AUG26,1.51,-,14395.0,-75495.0,-3953.0
2026-06-11,OPT,SEP26,0.78,-,32121.0,-137613.0,2039.0
2026-06-11,OPT,OCT26,5.96,-,2525.0,-48323.0,-1.0
2026-06-11,OPT,NOV26,1.49,-,800.0,-37414.0,107.0
2026-06-11,OPT,DEC26,3.82,-,7176.0,-107767.0,-508.0
2026-06-11,OPT,JAN27,1.34,-,561.0,-27662.0,-9.0
2026-06-11,OPT,FEB27,0.19,-,101.0,-10469.0,32.0
2026-06-11,OPT,MAR27,0.48,-,1166.0,-9634.0,-38.0
2026-06-11,OPT,APR27,0.20,-,126.0,2170.0,44.0
2026-06-11,OPT,MAY27,0.63,-,176.0,1052.0,-33.0
2026-06-11,OPT,JUN27,1.18,-,329.0,-10255.0,-1.0
2026-06-11,OPT,JUL27,0.00,-,18.0,-459.0,18.0
2026-06-11,OPT,SEP27,0.15,-,77.0,3180.0,7.0
2026-06-11,OPT,DEC27,0.64,-,87.0,-9954.0,17.0
2026-06-11,OPT,MAR28,0.40,-,70.0,-263.0,51.0
2026-06-11,OPT,DEC28,0.00,-,3.0,-2462.0,-3.0
2026-06-11,OPT,DEC30,0.00,-,2.0,-173.0,-2.0
2026-06-12,FUT,JUN26,7435.00,+39.00,1864805,1540219,-365706
2026-06-12,FUT,SEP26,7497.50,+39.00,1013984,705049,398389
2026-06-12,FUT,DEC26,7561.25,+40.00,860,1937,425
2026-06-12,FUT,MAR27,7633.25,+41.25,0,142,0
2026-06-12,FUT,JUN27,7702.75,+40.00,0,48,0
2026-06-12,FUT,DEC27,7845.00,+41.25,0,83,0
2026-06-12,FUT,DEC28,8134.50,+40.75,0,20,0
2026-06-12,OPT,JUN26,1.91,-,1096179.0,-1853849.0,35929.0
2026-06-12,OPT,JUL26,1.32,-,86670.0,-351580.0,8616.0
2026-06-12,OPT,AUG26,2.57,-,11192.0,-76480.0,-985.0
2026-06-12,OPT,SEP26,0.90,-,26675.0,-139758.0,-2134.0
2026-06-12,OPT,OCT26,1.70,-,2261.0,-48297.0,26.0
2026-06-12,OPT,NOV26,2.78,-,589.0,-37389.0,25.0
2026-06-12,OPT,DEC26,0.62,-,5258.0,-107421.0,344.0
2026-06-12,OPT,JAN27,3.36,-,466.0,-27663.0,-1.0
2026-06-12,OPT,FEB27,0.63,-,88.0,-10449.0,20.0
2026-06-12,OPT,MAR27,0.38,-,999.0,-9563.0,71.0
2026-06-12,OPT,APR27,0.33,-,40.0,2180.0,10.0
2026-06-12,OPT,MAY27,0.37,-,208.0,1127.0,75.0
2026-06-12,OPT,JUN27,0.07,-,613.0,-10139.0,116.0
2026-06-12,OPT,JUL27,0.00,-,62.0,-397.0,62.0
2026-06-12,OPT,SEP27,1.09,-,186.0,3220.0,40.0
2026-06-12,OPT,DEC27,0.35,-,338.0,-9770.0,184.0
2026-06-12,OPT,DEC28,0.50,-,15.0,-2460.0,2.0
2026-06-12,OPT,DEC29,0.00,-,4.0,232.0,4.0
2026-06-12,OPT,DEC30,0.15,-,15.0,-161.0,12.0
2026-06-15,FUT,JUN26,7561.25,+126.25,1883235,936638,-591731
2026-06-15,FUT,SEP26,7626.50,+129.00,2150856,1527939,808008
2026-06-15,FUT,DEC26,7691.25,+130.00,459,1958,21
2026-06-15,FUT,MAR27,7761.25,+128.00,1,141,-1
2026-06-15,FUT,JUN27,7835.75,+133.00,0,48,0
2026-06-15,FUT,DEC27,7980.00,+135.00,0,83,0
2026-06-15,FUT,DEC28,8277.75,+143.25,0,20,0
2026-06-15,OPT,JUN26,1.99,-,1224613.0,-1923531.0,-69887.0
2026-06-15,OPT,JUL26,1.99,-,145996.0,-366804.0,-14219.0
2026-06-15,OPT,AUG26,1.35,-,35084.0,-78946.0,-2466.0
2026-06-15,OPT,SEP26,1.84,-,66960.0,-149236.0,-9480.0
2026-06-15,OPT,OCT26,4.57,-,6040.0,-50551.0,-2254.0
2026-06-15,OPT,NOV26,3.17,-,3766.0,-36990.0,399.0
2026-06-15,OPT,DEC26,1.31,-,16561.0,-106736.0,683.0
2026-06-15,OPT,JAN27,3.75,-,2481.0,-28697.0,-1034.0
2026-06-15,OPT,FEB27,2.54,-,396.0,-10505.0,-56.0
2026-06-15,OPT,MAR27,0.75,-,2735.0,-9340.0,223.0
2026-06-15,OPT,APR27,0.33,-,834.0,2510.0,330.0
2026-06-15,OPT,MAY27,0.11,-,661.0,1453.0,326.0
2026-06-15,OPT,JUN27,0.43,-,1088.0,-10337.0,-198.0
2026-06-15,OPT,JUL27,1.11,-,74.0,-400.0,-3.0
2026-06-15,OPT,SEP27,18.38,-,155.0,3106.0,-114.0
2026-06-15,OPT,DEC27,3.53,-,358.0,-9937.0,-167.0
2026-06-15,OPT,MAR28,0.00,-,20.0,-283.0,-20.0
2026-06-15,OPT,DEC28,0.40,-,7.0,-2458.0,2.0
2026-06-16,FUT,JUN26,7518.50,-42.75,904077,676231,-246248
2026-06-16,FUT,SEP26,7587.25,-39.25,1792944,1914698,351110
2026-06-16,FUT,DEC26,7652.50,-38.75,1676,2573,615
2026-06-16,FUT,MAR27,7723.50,-37.75,0,141,0
2026-06-16,FUT,JUN27,7795.00,-40.75,0,48,0
2026-06-16,FUT,DEC27,7936.25,-43.75,0,83,0
2026-06-16,FUT,DEC28,8225.00,-52.75,0,20,0
2026-06-16,OPT,JUN26,1.73,-,760793.0,-1875280.0,49005.0
2026-06-16,OPT,JUL26,1.06,-,67663.0,-383286.0,-16392.0
2026-06-16,OPT,AUG26,1.92,-,11709.0,-80269.0,-1324.0
2026-06-16,OPT,SEP26,1.06,-,23862.0,-148915.0,-494.0
2026-06-16,OPT,OCT26,3.82,-,1625.0,-50531.0,20.0
2026-06-16,OPT,NOV26,18.56,-,2739.0,-39136.0,-2146.0
2026-06-16,OPT,DEC26,1.51,-,23242.0,-109549.0,-2813.0
2026-06-16,OPT,JAN27,3.99,-,908.0,-29155.0,-458.0
2026-06-16,OPT,FEB27,0.85,-,124.0,-10489.0,16.0
2026-06-16,OPT,MAR27,4.99,-,875.0,-9825.0,-485.0
2026-06-16,OPT,APR27,0.05,-,108.0,2608.0,98.0
2026-06-16,OPT,MAY27,0.32,-,158.0,1502.0,49.0
2026-06-16,OPT,JUN27,0.25,-,1218.0,-9865.0,472.0
2026-06-16,OPT,SEP27,0.48,-,89.0,3086.0,-20.0
2026-06-16,OPT,DEC27,2.43,-,662.0,-10236.0,-299.0
2026-06-16,OPT,MAR28,0.59,-,135.0,-214.0,69.0
2026-06-16,OPT,DEC28,2.25,-,65.0,-2483.0,-25.0
2026-06-17,FUT,JUN26,7424.50,-94.00,517609,552876,-110189
2026-06-17,FUT,SEP26,7492.75,-94.50,1777601,1979286,65296
2026-06-17,FUT,DEC26,7560.00,-92.50,651,2560,-13
2026-06-17,FUT,MAR27,7637.00,-86.50,1,142,1
2026-06-17,FUT,JUN27,7710.75,-84.25,0,48,0
2026-06-17,FUT,DEC27,7859.25,-77.00,0,83,0
2026-06-17,FUT,DEC28,8160.25,-64.75,0,20,0
2026-06-17,OPT,JUN26,1.86,-,972797.0,-1903060.0,-27833.0
2026-06-17,OPT,JUL26,2.23,-,99690.0,-417382.0,-34087.0
2026-06-17,OPT,AUG26,1.19,-,17618.0,-80999.0,-730.0
2026-06-17,OPT,SEP26,1.25,-,28225.0,-148215.0,-2896.0
2026-06-17,OPT,OCT26,3.26,-,3439.0,-51384.0,-853.0
2026-06-17,OPT,NOV26,2.07,-,2133.0,-39781.0,-645.0
2026-06-17,OPT,DEC26,5.02,-,10381.0,-110511.0,-962.0
2026-06-17,OPT,JAN27,8.15,-,1135.0,-29387.0,-232.0
2026-06-17,OPT,FEB27,59.97,-,6585.0,-16315.0,-5826.0
2026-06-17,OPT,MAR27,2.29,-,428.0,-9854.0,-29.0
2026-06-17,OPT,APR27,1.44,-,149.0,2609.0,1.0
2026-06-17,OPT,MAY27,0.20,-,122.0,1555.0,53.0
2026-06-17,OPT,JUN27,1.27,-,159.0,-9895.0,-30.0
2026-06-17,OPT,JUL27,0.72,-,74.0,-388.0,12.0
2026-06-17,OPT,SEP27,0.36,-,304.0,3219.0,133.0
2026-06-17,OPT,DEC27,0.01,-,87.0,-10198.0,38.0
2026-06-17,OPT,MAR28,2.96,-,103.0,-265.0,-51.0
2026-06-17,OPT,DEC28,0.00,-,2.0,-2484.0,-1.0
2026-06-17,OPT,DEC29,0.00,-,1.0,233.0,1.0
2026-06-17,OPT,DEC30,0.00,-,1.0,-162.0,-1.0
2026-06-18,FUT,JUN26,7508.43,+83.93,33187,533977,-9703
2026-06-18,FUT,SEP26,7570.75,+78.00,1671842,1984210,6202
2026-06-18,FUT,DEC26,7639.75,+79.75,1372,2831,271
2026-06-18,FUT,MAR27,7713.75,+76.75,0,142,0
2026-06-18,FUT,JUN27,7793.25,+82.50,54,102,54
2026-06-18,FUT,DEC27,7942.50,+83.25,0,83,0
2026-06-18,FUT,DEC28,8239.50,+79.25,0,20,0
2026-06-18,OPT,JUN26,2.26,-,698781.0,-661630.0,1240692.0
2026-06-18,OPT,JUL26,2.32,-,131596.0,-486565.0,-68709.0
2026-06-18,OPT,AUG26,2.20,-,10656.0,-83233.0,-2234.0
2026-06-18,OPT,SEP26,2.02,-,30248.0,-152812.0,-4593.0
2026-06-18,OPT,OCT26,2.86,-,4131.0,-53092.0,-1708.0
2026-06-18,OPT,NOV26,1.77,-,5946.0,-40290.0,-509.0
2026-06-18,OPT,DEC26,3.96,-,12456.0,-114568.0,-4057.0
2026-06-18,OPT,JAN27,4.66,-,1188.0,-29669.0,-282.0
2026-06-18,OPT,FEB27,5.10,-,256.0,-16437.0,-122.0
2026-06-18,OPT,MAR27,4.97,-,878.0,-10241.0,-387.0
2026-06-18,OPT,APR27,0.36,-,72.0,2643.0,34.0
2026-06-18,OPT,MAY27,0.42,-,241.0,1544.0,-11.0
2026-06-18,OPT,JUN27,4.39,-,836.0,-10194.0,-299.0
2026-06-18,OPT,JUL27,2.21,-,90.0,-460.0,-72.0
2026-06-18,OPT,SEP27,0.03,-,307.0,3488.0,269.0
2026-06-18,OPT,DEC27,33.60,-,519.0,-10416.0,-218.0
2026-06-18,OPT,MAR28,0.62,-,206.0,-181.0,84.0
2026-06-18,OPT,DEC28,0.06,-,103.0,-2529.0,-45.0
2026-06-22,FUT,JUN26,7508.43, +0.00,0,17,-511852
2026-06-22,FUT,SEP26,7541.25,-29.50,1582505,1981900,6117
2026-06-22,FUT,DEC26,7610.75,-29.00,2038,3260,429
2026-06-22,FUT,MAR27,7689.25,-24.50,0,142,0
2026-06-22,FUT,JUN27,7764.50,-28.75,0,102,0
2026-06-22,FUT,DEC27,7914.75,-27.75,0,83,0
2026-06-22,FUT,DEC28,8218.75,-20.75,0,20,0
2026-06-22,OPT,JUN26,1.73,-,837017.0,-577497.0,83414.0
2026-06-22,OPT,JUL26,1.90,-,144924.0,-496725.0,-10067.0
2026-06-22,OPT,AUG26,1.80,-,20539.0,-85192.0,-2004.0
2026-06-22,OPT,SEP26,1.54,-,34981.0,-158382.0,-5569.0
2026-06-22,OPT,OCT26,1.70,-,3616.0,-53293.0,-201.0
2026-06-22,OPT,NOV26,1.35,-,1317.0,-40456.0,-166.0
2026-06-22,OPT,DEC26,2.28,-,13346.0,-117349.0,-2861.0
2026-06-22,OPT,JAN27,10.61,-,1637.0,-31009.0,-1340.0
2026-06-22,OPT,FEB27,8.20,-,46.0,-16429.0,8.0
2026-06-22,OPT,MAR27,0.96,-,1243.0,-10222.0,19.0
2026-06-22,OPT,APR27,0.10,-,132.0,2705.0,62.0
2026-06-22,OPT,MAY27,1.89,-,208.0,1435.0,-109.0
2026-06-22,OPT,JUN27,10.37,-,398.0,-10445.0,-251.0
2026-06-22,OPT,JUL27,0.00,-,19.0,-475.0,-15.0
2026-06-22,OPT,SEP27,0.00,-,137.0,3460.0,-28.0
2026-06-22,OPT,DEC27,6.43,-,104.0,-10496.0,-80.0
2026-06-22,OPT,MAR28,0.00,-,56.0,-234.0,-53.0
2026-06-22,OPT,JUN28,0.05,-,87.0,79.0,79.0
2026-06-22,OPT,DEC28,30.00,-,62.0,-2542.0,-13.0
2026-06-22,OPT,DEC29,0.00,-,5.0,234.0,1.0
2026-06-22,OPT,DEC30,0.38,-,11.0,-173.0,-11.0
2026-06-23,FUT,JUN26,7508.43, +0.00,0,0,487
2026-06-23,FUT,SEP26,7437.50,-103.75,1816290,1976180,-5070
2026-06-23,FUT,DEC26,7505.75,-105.00,2046,3884,624
2026-06-23,FUT,MAR27,7582.50,-106.75,4,143,1
2026-06-23,FUT,JUN27,7656.00,-108.50,0,102,0
2026-06-23,FUT,DEC27,7801.50,-113.25,0,83,0
2026-06-23,FUT,DEC28,8098.25,-120.50,0,20,0
2026-06-23,OPT,JUN26,1.60,-,706022.0,-565953.0,11448.0
2026-06-23,OPT,JUL26,2.26,-,194081.0,-509394.0,-12269.0
2026-06-23,OPT,AUG26,1.51,-,19702.0,-85478.0,-234.0
2026-06-23,OPT,SEP26,1.02,-,31807.0,-156768.0,1904.0
2026-06-23,OPT,OCT26,1.24,-,6176.0,-52190.0,1103.0
2026-06-23,OPT,NOV26,3.75,-,2278.0,-40155.0,301.0
2026-06-23,OPT,DEC26,1.18,-,12513.0,-116817.0,870.0
2026-06-23,OPT,JAN27,19.86,-,1585.0,-31829.0,-820.0
2026-06-23,OPT,FEB27,3.35,-,113.0,-16468.0,-39.0
2026-06-23,OPT,MAR27,1.40,-,879.0,-10533.0,-311.0
2026-06-23,OPT,APR27,0.82,-,262.0,2753.0,48.0
2026-06-23,OPT,MAY27,1.31,-,243.0,1399.0,-36.0
2026-06-23,OPT,JUN27,0.39,-,1488.0,-10452.0,-7.0
2026-06-23,OPT,JUL27,0.00,-,33.0,-508.0,-33.0
2026-06-23,OPT,SEP27,0.42,-,92.0,3435.0,-25.0
2026-06-23,OPT,DEC27,0.07,-,48.0,-10469.0,27.0
2026-06-23,OPT,MAR28,0.00,-,56.0,-285.0,-51.0
2026-06-23,OPT,JUN28,0.00,-,50.0,29.0,-50.0
2026-06-23,OPT,DEC28,0.04,-,95.0,-2456.0,86.0
2026-06-23,OPT,DEC29,0.00,-,1.0,233.0,-1.0
2026-06-24,FUT,SEP26,7428.25, -9.25,1864716,1980168,4146
2026-06-24,FUT,DEC26,7496.25, -9.50,4718,6821,2937
2026-06-24,FUT,MAR27,7573.25, -9.25,1,144,1
2026-06-24,FUT,JUN27,7646.75, -9.25,0,102,0
2026-06-24,FUT,DEC27,7791.75, -9.75,0,83,0
2026-06-24,FUT,DEC28,8082.00,-16.25,0,20,0
2026-06-24,OPT,JUN26,2.12,-,686316.0,-652712.0,-86837.0
2026-06-24,OPT,JUL26,1.08,-,158523.0,-518691.0,-9019.0
2026-06-24,OPT,AUG26,1.23,-,13045.0,-85990.0,-512.0
2026-06-24,OPT,SEP26,0.87,-,36786.0,-157646.0,-860.0
2026-06-24,OPT,OCT26,2.11,-,2680.0,-52504.0,-314.0
2026-06-24,OPT,NOV26,4.67,-,3268.0,-39069.0,1086.0
2026-06-24,OPT,DEC26,0.92,-,11225.0,-115915.0,901.0
2026-06-24,OPT,JAN27,2.27,-,1324.0,-32182.0,-353.0
2026-06-24,OPT,FEB27,1.31,-,344.0,-16472.0,-4.0
2026-06-24,OPT,MAR27,0.39,-,721.0,-10442.0,91.0
2026-06-24,OPT,APR27,0.11,-,149.0,2802.0,49.0
2026-06-24,OPT,MAY27,2.14,-,402.0,1250.0,-149.0
2026-06-24,OPT,JUN27,0.15,-,846.0,-9780.0,672.0
2026-06-24,OPT,JUL27,1.58,-,93.0,-538.0,-30.0
2026-06-24,OPT,SEP27,1.82,-,237.0,3372.0,-63.0
2026-06-24,OPT,DEC27,0.28,-,156.0,-10410.0,59.0
2026-06-24,OPT,MAR28,1.15,-,56.0,-324.0,-39.0
2026-06-24,OPT,JUN28,3.22,-,76.0,-11.0,-40.0
2026-06-24,OPT,DEC28,0.07,-,64.0,-2398.0,58.0
2026-06-25,FUT,SEP26,7423.25, -5.00,1670252,1977726,-693
2026-06-25,FUT,DEC26,7491.25, -5.00,2798,7608,787
2026-06-25,FUT,MAR27,7567.75, -5.50,0,144,0
2026-06-25,FUT,JUN27,7640.25, -6.50,0,102,0
2026-06-25,FUT,DEC27,7784.75, -7.00,0,83,0
2026-06-25,FUT,DEC28,8074.00, -8.00,0,20,0
2026-06-25,OPT,JUN26,1.81,-,619008.0,-583292.0,69222.0
2026-06-25,OPT,JUL26,1.74,-,171142.0,-540973.0,-22533.0
2026-06-25,OPT,AUG26,1.23,-,17242.0,-86815.0,-827.0
2026-06-25,OPT,SEP26,2.12,-,25587.0,-159832.0,-2190.0
2026-06-25,OPT,OCT26,1.58,-,10739.0,-53858.0,-1354.0
2026-06-25,OPT,NOV26,1.10,-,2973.0,-38134.0,935.0
2026-06-25,OPT,DEC26,1.48,-,3105.0,-116365.0,-455.0
2026-06-25,OPT,JAN27,6.52,-,158.0,-32188.0,-6.0
2026-06-25,OPT,FEB27,0.05,-,39.0,-16459.0,13.0
2026-06-25,OPT,MAR27,1.11,-,835.0,-10574.0,-132.0
2026-06-25,OPT,APR27,1.26,-,61.0,2750.0,-52.0
2026-06-25,OPT,MAY27,0.31,-,124.0,1216.0,-34.0
2026-06-25,OPT,JUN27,0.15,-,847.0,-10152.0,-372.0
2026-06-25,OPT,JUL27,0.03,-,132.0,-438.0,100.0
2026-06-25,OPT,SEP27,1.68,-,247.0,3308.0,-64.0
2026-06-25,OPT,DEC27,0.25,-,10.0,-10404.0,6.0
2026-06-25,OPT,MAR28,0.88,-,60.0,-352.0,-28.0
2026-06-25,OPT,JUN28,0.00,-,5.0,-6.0,5.0
2026-06-25,OPT,DEC28,0.00,-,2.0,-2400.0,-2.0
2026-06-26,FUT,SEP26,7401.75,-21.50,1514235,1989352,10577
2026-06-26,FUT,DEC26,7468.50,-22.75,19243,22684,15076
2026-06-26,FUT,MAR27,7542.50,-25.25,2,144,0
2026-06-26,FUT,JUN27,7613.00,-27.25,0,102,0
2026-06-26,FUT,DEC27,7750.00,-34.75,0,83,0
2026-06-26,FUT,DEC28,8033.00,-41.00,0,20,0
2026-06-26,OPT,JUN26,1.84,-,583380.0,-393278.0,190015.0
2026-06-26,OPT,JUL26,2.40,-,307499.0,-634706.0,-94437.0
2026-06-26,OPT,AUG26,1.63,-,16186.0,-88308.0,-1463.0
2026-06-26,OPT,SEP26,0.81,-,31561.0,-159724.0,370.0
2026-06-26,OPT,OCT26,2.95,-,2896.0,-54229.0,-371.0
2026-06-26,OPT,NOV26,1.64,-,2493.0,-37512.0,622.0
2026-06-26,OPT,DEC26,0.65,-,2728.0,-116663.0,-298.0
2026-06-26,OPT,JAN27,181.55,-,9675.0,-30690.0,1498.0
2026-06-26,OPT,FEB27,3.20,-,147.0,-16454.0,5.0
2026-06-26,OPT,MAR27,2.85,-,1264.0,-10648.0,-74.0
2026-06-26,OPT,APR27,3.41,-,278.0,2580.0,-170.0
2026-06-26,OPT,MAY27,0.02,-,132.0,1325.0,109.0
2026-06-26,OPT,JUN27,0.32,-,209.0,-10066.0,86.0
2026-06-26,OPT,JUL27,0.21,-,52.0,-404.0,34.0
2026-06-26,OPT,SEP27,0.35,-,379.0,3519.0,211.0
2026-06-26,OPT,DEC27,0.36,-,15.0,-10408.0,-4.0
2026-06-26,OPT,MAR28,0.00,-,10.0,-342.0,10.0
2026-06-26,OPT,JUN28,0.00,-,10.0,4.0,10.0
2026-06-26,OPT,DEC28,6.75,-,31.0,-2401.0,-1.0
2026-06-26,OPT,DEC29,0.00,-,4.0,233.0,0.0
2026-06-29,FUT,SEP26,7500.25,+98.50,1520958,1967959,-16322
2026-06-29,FUT,DEC26,7567.75,+99.25,2352,23318,634
2026-06-29,FUT,MAR27,7641.25,+98.75,0,144,0
2026-06-29,FUT,JUN27,7710.00,+97.00,0,102,0
2026-06-29,FUT,DEC27,7848.50,+98.50,0,83,0
2026-06-29,FUT,DEC28,8128.00,+95.00,0,20,0
2026-06-29,OPT,JUN26,1.83,-,523824.0,-284924.0,108356.0
2026-06-29,OPT,JUL26,1.71,-,358159.0,-733484.0,-98564.0
2026-06-29,OPT,AUG26,2.80,-,22265.0,-90897.0,-2589.0
2026-06-29,OPT,SEP26,0.93,-,24255.0,-158026.0,1719.0
2026-06-29,OPT,OCT26,2.18,-,4864.0,-53845.0,384.0
2026-06-29,OPT,NOV26,1.59,-,2966.0,-37195.0,317.0
2026-06-29,OPT,DEC26,1.63,-,6150.0,-116145.0,518.0
2026-06-29,OPT,JAN27,26.00,-,2079.0,-31905.0,-1215.0
2026-06-29,OPT,FEB27,1.56,-,156.0,-16425.0,29.0
2026-06-29,OPT,MAR27,10.77,-,6676.0,-12873.0,-2225.0
2026-06-29,OPT,APR27,0.52,-,537.0,2623.0,43.0
2026-06-29,OPT,MAY27,0.28,-,206.0,1454.0,129.0
2026-06-29,OPT,JUN27,0.17,-,382.0,-9891.0,175.0
2026-06-29,OPT,JUL27,0.00,-,38.0,-366.0,38.0
2026-06-29,OPT,SEP27,2.00,-,2187.0,2745.0,-774.0
2026-06-29,OPT,DEC27,1.33,-,84.0,-10446.0,-38.0
2026-06-29,OPT,MAR28,0.00,-,31.0,-373.0,-31.0
2026-06-29,OPT,DEC28,0.33,-,8.0,-2402.0,-1.0
2026-06-29,OPT,DEC30,0.00,-,2.0,-175.0,-2.0
2026-06-30,FUT,SEP26,7548.25,+48.00,1347483,1947564,-14433
2026-06-30,FUT,DEC26,7616.25,+48.50,1893,24195,877
2026-06-30,FUT,MAR27,7690.00,+48.75,1,143,-1
2026-06-30,FUT,JUN27,7763.25,+53.25,0,102,0
2026-06-30,FUT,DEC27,7909.25,+60.75,0,83,0
2026-06-30,FUT,DEC28,8200.75,+72.75,0,20,0
2026-06-30,OPT,JUN26,1.79,-,326305.0,0.0,284924.0
2026-06-30,OPT,JUL26,2.24,-,557775.0,-919237.0,-185630.0
2026-06-30,OPT,AUG26,1.66,-,25936.0,-97104.0,-6207.0
2026-06-30,OPT,SEP26,0.87,-,29191.0,-131785.0,26241.0
2026-06-30,OPT,OCT26,4.33,-,4192.0,-54382.0,-537.0
2026-06-30,OPT,NOV26,2.91,-,1867.0,-37986.0,-791.0
2026-06-30,OPT,DEC26,1.81,-,7936.0,-116693.0,-573.0
2026-06-30,OPT,JAN27,1.36,-,391.0,-32033.0,-128.0
2026-06-30,OPT,FEB27,1.14,-,30.0,-16419.0,6.0
2026-06-30,OPT,MAR27,0.76,-,1620.0,-13037.0,-164.0
2026-06-30,OPT,APR27,0.62,-,265.0,2596.0,-27.0
2026-06-30,OPT,MAY27,0.67,-,150.0,1493.0,39.0
2026-06-30,OPT,JUN27,5.87,-,2405.0,-11569.0,-1678.0
2026-06-30,OPT,JUL27,2.17,-,38.0,-380.0,-14.0
2026-06-30,OPT,SEP27,0.18,-,424.0,2868.0,123.0
2026-06-30,OPT,DEC27,16.47,-,2289.0,-10691.0,-245.0
2026-06-30,OPT,MAR28,0.13,-,98.0,-297.0,76.0
2026-06-30,OPT,DEC28,0.02,-,102.0,-2304.0,98.0
2026-07-01,FUT,SEP26,7543.50, -4.75,1331380,1957946,15322
2026-07-01,FUT,DEC26,7610.50, -5.75,1324,24521,326
2026-07-01,FUT,MAR27,7688.25, -1.75,0,143,0
2026-07-01,FUT,JUN27,7761.25, -2.00,0,108,6
2026-07-01,FUT,DEC27,7904.00, -5.25,0,83,0
2026-07-01,FUT,DEC28,8200.25, -0.50,0,20,0
2026-07-01,OPT,JUL26,1.69,-,778433.0,-975184.0,-57656.0
2026-07-01,OPT,AUG26,1.85,-,33786.0,-102333.0,-5234.0
2026-07-01,OPT,SEP26,1.09,-,36986.0,-129906.0,1878.0
2026-07-01,OPT,OCT26,1.35,-,7846.0,-53193.0,1189.0
2026-07-01,OPT,NOV26,2.70,-,3596.0,-37065.0,921.0
2026-07-01,OPT,DEC26,2.10,-,10085.0,-118752.0,-2059.0
2026-07-01,OPT,JAN27,5.11,-,287.0,-32179.0,-146.0
2026-07-01,OPT,FEB27,8.44,-,170.0,-16524.0,-105.0
2026-07-01,OPT,MAR27,0.89,-,1614.0,-12757.0,280.0
2026-07-01,OPT,APR27,0.03,-,60.0,2654.0,58.0
2026-07-01,OPT,MAY27,3.47,-,246.0,1405.0,-88.0
2026-07-01,OPT,JUN27,2.18,-,379.0,-11436.0,133.0
2026-07-01,OPT,SEP27,0.42,-,160.0,2903.0,35.0
2026-07-01,OPT,DEC27,0.02,-,159.0,-10546.0,145.0
2026-07-01,OPT,MAR28,0.00,-,2.0,-297.0,0.0
2026-07-01,OPT,DEC28,3.44,-,40.0,-2329.0,-25.0
2026-07-02,FUT,SEP26,7528.25,-15.25,1766963,1947134,-5857
2026-07-02,FUT,DEC26,7594.50,-16.00,2378,24986,465
2026-07-02,FUT,MAR27,7668.75,-19.50,0,143,0
2026-07-02,FUT,JUN27,7741.25,-20.00,0,102,-6
2026-07-02,FUT,DEC27,7884.25,-19.75,0,83,0
2026-07-02,FUT,DEC28,8176.75,-23.50,0,20,0
2026-07-02,OPT,JUL26,1.53,-,868116.0,-940777.0,33973.0
2026-07-02,OPT,AUG26,1.59,-,30026.0,-106010.0,-3685.0
2026-07-02,OPT,SEP26,1.03,-,30354.0,-130166.0,-260.0
2026-07-02,OPT,OCT26,1.11,-,4635.0,-53097.0,96.0
2026-07-02,OPT,NOV26,0.94,-,2983.0,-37175.0,-110.0
2026-07-02,OPT,DEC26,2.01,-,7768.0,-120464.0,-1712.0
2026-07-02,OPT,JAN27,21.06,-,375.0,-32345.0,-166.0
2026-07-02,OPT,FEB27,0.36,-,53.0,-16502.0,22.0
2026-07-02,OPT,MAR27,2.35,-,2184.0,-13306.0,-549.0
2026-07-02,OPT,APR27,0.03,-,33.0,2673.0,19.0
2026-07-02,OPT,MAY27,0.00,-,92.0,1496.0,91.0
2026-07-02,OPT,JUN27,0.90,-,1517.0,-11066.0,370.0
2026-07-02,OPT,JUL27,1.45,-,81.0,-371.0,9.0
2026-07-02,OPT,SEP27,1.25,-,115.0,2837.0,-66.0
2026-07-02,OPT,DEC27,11.00,-,12.0,-10542.0,4.0
2026-07-02,OPT,MAR28,0.00,-,4.0,-297.0,0.0
2026-07-02,OPT,JUN28,0.00,-,1.0,5.0,1.0
2026-07-02,OPT,DEC28,1.33,-,7.0,-2326.0,3.0
2026-07-06,FUT,SEP26,7591.50,+63.25,1165299,1951735,8664
2026-07-06,FUT,DEC26,7658.50,+64.00,1308,25302,316
2026-07-06,FUT,MAR27,7734.75,+66.00,0,143,0
2026-07-06,FUT,JUN27,7807.75,+66.50,0,102,0
2026-07-06,FUT,DEC27,7950.25,+66.00,0,83,0
2026-07-06,FUT,DEC28,8238.50,+61.75,0,20,0
2026-07-06,OPT,JUL26,1.89,-,748821.0,-837667.0,102874.0
2026-07-06,OPT,AUG26,2.99,-,36950.0,-116340.0,-10330.0
2026-07-06,OPT,SEP26,1.61,-,33850.0,-129263.0,903.0
2026-07-06,OPT,OCT26,1.30,-,6851.0,-53038.0,59.0
2026-07-06,OPT,NOV26,2.30,-,3016.0,-37845.0,-670.0
2026-07-06,OPT,DEC26,1.88,-,8926.0,-120437.0,27.0
2026-07-06,OPT,JAN27,2.89,-,1936.0,-32414.0,-69.0
2026-07-06,OPT,FEB27,5.28,-,521.0,-16575.0,-73.0
2026-07-06,OPT,MAR27,1.80,-,5477.0,-13860.0,-554.0
2026-07-06,OPT,APR27,8.88,-,237.0,2586.0,-87.0
2026-07-06,OPT,MAY27,0.09,-,38.0,1530.0,34.0
2026-07-06,OPT,JUN27,0.42,-,1652.0,-11113.0,-47.0
2026-07-06,OPT,JUL27,3.29,-,279.0,-499.0,-128.0
2026-07-06,OPT,SEP27,1.04,-,229.0,2835.0,-2.0
2026-07-06,OPT,DEC27,0.05,-,1052.0,-10252.0,290.0
2026-07-06,OPT,MAR28,0.21,-,128.0,-213.0,84.0
2026-07-06,OPT,DEC28,0.00,-,2.0,-2325.0,1.0
2026-07-07,FUT,SEP26,7551.25,-40.25,1259499,1947286,-431
2026-07-07,FUT,DEC26,7618.50,-40.00,1589,25760,464
2026-07-07,FUT,MAR27,7695.75,-39.00,0,143,0
2026-07-07,FUT,JUN27,7767.75,-40.00,0,102,0
2026-07-07,FUT,DEC27,7911.75,-38.50,0,83,0
2026-07-07,FUT,DEC28,8209.50,-29.00,0,20,0
2026-07-07,OPT,JUL26,1.75,-,737288.0,-906345.0,-69042.0
2026-07-07,OPT,AUG26,2.52,-,29283.0,-121539.0,-5199.0
2026-07-07,OPT,SEP26,1.09,-,27769.0,-127450.0,1759.0
2026-07-07,OPT,OCT26,2.52,-,3256.0,-53417.0,-379.0
2026-07-07,OPT,NOV26,4.49,-,2724.0,-38999.0,-1154.0
2026-07-07,OPT,DEC26,6.39,-,8997.0,-122913.0,-2526.0
2026-07-07,OPT,JAN27,0.82,-,366.0,-32246.0,168.0
2026-07-07,OPT,FEB27,0.53,-,26.0,-16562.0,13.0
2026-07-07,OPT,MAR27,1.10,-,1493.0,-13639.0,221.0
2026-07-07,OPT,APR27,2.18,-,324.0,2466.0,-120.0
2026-07-07,OPT,MAY27,1.12,-,180.0,1506.0,-24.0
2026-07-07,OPT,JUN27,1.30,-,726.0,-11846.0,-131.0
2026-07-07,OPT,JUL27,0.38,-,197.0,-410.0,89.0
2026-07-07,OPT,SEP27,0.93,-,27.0,2814.0,-21.0
2026-07-07,OPT,DEC27,14.75,-,315.0,-10446.0,-194.0
2026-07-07,OPT,MAR28,0.00,-,16.0,-229.0,-16.0
2026-07-07,OPT,JUN28,0.00,-,25.0,30.0,25.0
2026-07-07,OPT,DEC28,0.00,-,5.0,-2327.0,-2.0
2026-07-07,OPT,DEC29,0.00,-,3.0,230.0,-3.0
2026-07-07,OPT,DEC30,0.00,-,1.0,-174.0,1.0
2026-07-08,FUT,SEP26,7528.75,-22.50,1503496,1934986,-8542
2026-07-08,FUT,DEC26,7595.25,-23.25,2635,25988,228
2026-07-08,FUT,MAR27,7672.75,-23.00,0,143,0
2026-07-08,FUT,JUN27,7745.00,-22.75,0,102,0
2026-07-08,FUT,DEC27,7891.00,-20.75,0,83,0
2026-07-08,FUT,DEC28,8192.75,-16.75,0,20,0
2026-07-08,OPT,JUL26,1.75,-,848886.0,-997587.0,-91297.0
2026-07-08,OPT,AUG26,1.84,-,37732.0,-123304.0,-1792.0
2026-07-08,OPT,SEP26,1.23,-,42494.0,-128673.0,-1224.0
2026-07-08,OPT,OCT26,1.16,-,7109.0,-53868.0,-451.0
2026-07-08,OPT,NOV26,1.86,-,4086.0,-39074.0,-81.0
2026-07-08,OPT,DEC26,1.11,-,9178.0,-123519.0,-606.0
2026-07-08,OPT,JAN27,4.83,-,484.0,-32424.0,-178.0
2026-07-08,OPT,FEB27,324.76,-,8144.0,-24113.0,-7557.0
2026-07-08,OPT,MAR27,2.44,-,2398.0,-14758.0,-1119.0
2026-07-08,OPT,APR27,2.04,-,283.0,2356.0,-110.0
2026-07-08,OPT,MAY27,13.00,-,14.0,1501.0,-5.0
2026-07-08,OPT,JUN27,0.18,-,3193.0,-10619.0,1227.0
2026-07-08,OPT,JUL27,0.97,-,71.0,-426.0,-16.0
2026-07-08,OPT,SEP27,2.89,-,315.0,2743.0,-71.0
2026-07-08,OPT,DEC27,2.25,-,396.0,-10647.0,-201.0
2026-07-08,OPT,JUN28,0.00,-,3.0,31.0,1.0
2026-07-08,OPT,DEC28,1.65,-,53.0,-2328.0,-1.0
2026-07-08,OPT,DEC30,0.00,-,1.0,-175.0,-1.0
2026-07-09,FUT,SEP26,7588.75,+60.00,1080972,1939920,7975
2026-07-09,FUT,DEC26,7655.50,+60.25,1061,26040,52
2026-07-09,FUT,MAR27,7734.00,+61.25,0,143,0
2026-07-09,FUT,JUN27,7807.00,+62.00,0,102,0
2026-07-09,FUT,DEC27,7954.25,+63.25,0,83,0
2026-07-09,FUT,DEC28,8258.50,+65.75,0,20,0
2026-07-09,OPT,JUL26,1.86,-,711109.0,-1069017.0,-71560.0
2026-07-09,OPT,AUG26,2.13,-,31661.0,-128127.0,-4823.0
2026-07-09,OPT,SEP26,2.60,-,24192.0,-131156.0,-2167.0
2026-07-09,OPT,OCT26,1.70,-,5830.0,-55073.0,-1205.0
2026-07-09,OPT,NOV26,0.90,-,2193.0,-39389.0,-315.0
2026-07-09,OPT,DEC26,3.42,-,11680.0,-126080.0,-2561.0
2026-07-09,OPT,JAN27,12.24,-,1801.0,-33055.0,-631.0
2026-07-09,OPT,FEB27,1.55,-,51.0,-24098.0,15.0
2026-07-09,OPT,MAR27,0.36,-,2269.0,-14049.0,709.0
2026-07-09,OPT,APR27,0.11,-,115.0,2429.0,73.0
2026-07-09,OPT,MAY27,2.11,-,137.0,1368.0,-133.0
2026-07-09,OPT,JUN27,0.67,-,1529.0,-11179.0,-560.0
2026-07-09,OPT,JUL27,0.83,-,130.0,-433.0,-7.0
2026-07-09,OPT,SEP27,1.08,-,927.0,2770.0,27.0
2026-07-09,OPT,DEC27,0.28,-,32.0,-10662.0,-15.0
2026-07-09,OPT,MAR28,0.00,-,39.0,-268.0,-39.0
2026-07-09,OPT,DEC28,25.00,-,52.0,-2329.0,-1.0
2026-07-10,FUT,SEP26,7620.25,+31.50,1076448,1944709,8228
2026-07-10,FUT,DEC26,7688.25,+32.75,1583,26325,285
2026-07-10,FUT,MAR27,7765.75,+31.75,0,143,0
2026-07-10,FUT,JUN27,7841.00,+34.00,0,102,0
2026-07-10,FUT,DEC27,7989.00,+34.75,0,83,0
2026-07-10,FUT,DEC28,8294.75,+36.25,0,20,0
2026-07-10,OPT,JUL26,1.76,-,754983.0,-933766.0,134825.0
2026-07-10,OPT,AUG26,1.95,-,40092.0,-144317.0,-16190.0
2026-07-10,OPT,SEP26,1.14,-,29686.0,-129664.0,1505.0
2026-07-10,OPT,OCT26,2.33,-,5388.0,-56673.0,-1600.0
2026-07-10,OPT,NOV26,1.34,-,1424.0,-39511.0,-122.0
2026-07-10,OPT,DEC26,3.97,-,6661.0,-124680.0,1400.0
2026-07-10,OPT,JAN27,14.46,-,433.0,-33208.0,-153.0
2026-07-10,OPT,FEB27,2.40,-,194.0,-24089.0,9.0
2026-07-10,OPT,MAR27,0.69,-,1613.0,-14219.0,-170.0
2026-07-10,OPT,APR27,0.25,-,15.0,2437.0,8.0
2026-07-10,OPT,MAY27,1.51,-,128.0,1370.0,2.0
2026-07-10,OPT,JUN27,0.53,-,3337.0,-10171.0,1008.0
2026-07-10,OPT,JUL27,0.00,-,2.0,-431.0,2.0
2026-07-10,OPT,SEP27,0.78,-,833.0,2892.0,122.0
2026-07-10,OPT,DEC27,9.43,-,146.0,-10731.0,-69.0
2026-07-10,OPT,MAR28,0.01,-,137.0,-134.0,134.0
2026-07-10,OPT,JUN28,0.00,-,31.0,0.0,-31.0
2026-07-13,FUT,SEP26,7563.00,-57.25,1272313,1922405,-17219
2026-07-13,FUT,DEC26,7631.00,-57.25,2206,26840,515
2026-07-13,FUT,MAR27,7710.50,-55.25,0,143,0
2026-07-13,FUT,JUN27,7787.00,-54.00,1,102,0
2026-07-13,FUT,DEC27,7936.50,-52.50,0,83,0
2026-07-13,FUT,DEC28,8239.50,-55.25,0,20,0
2026-07-13,OPT,JUL26,1.61,-,760724.0,-958928.0,-25317.0
2026-07-13,OPT,AUG26,2.01,-,38202.0,-151937.0,-7761.0
2026-07-13,OPT,SEP26,1.86,-,25513.0,-132370.0,-2706.0
2026-07-13,OPT,OCT26,3.37,-,4324.0,-57330.0,-657.0
2026-07-13,OPT,NOV26,2.92,-,3556.0,-39861.0,-350.0
2026-07-13,OPT,DEC26,2.42,-,3983.0,-125075.0,-395.0
2026-07-13,OPT,JAN27,1.26,-,231.0,-33272.0,-64.0
2026-07-13,OPT,FEB27,2.91,-,125.0,-24074.0,15.0
2026-07-13,OPT,MAR27,23.73,-,1855.0,-15397.0,-1178.0
2026-07-13,OPT,APR27,0.32,-,153.0,2452.0,15.0
2026-07-13,OPT,MAY27,0.86,-,41.0,1388.0,18.0
2026-07-13,OPT,JUN27,0.27,-,737.0,-9947.0,224.0
2026-07-13,OPT,JUL27,0.87,-,176.0,-388.0,43.0
2026-07-13,OPT,SEP27,3.00,-,132.0,2836.0,-56.0
2026-07-13,OPT,DEC27,34.00,-,105.0,-10775.0,-44.0
2026-07-13,OPT,JUN28,0.00,-,3.0,-3.0,-3.0
2026-07-13,OPT,DEC28,10.67,-,35.0,-2362.0,-33.0
2026-07-14,FUT,SEP26,7591.25,+28.25,1138130,1918923,203
2026-07-14,FUT,DEC26,7658.75,+27.75,1605,26821,-19
2026-07-14,FUT,MAR27,7737.00,+26.50,0,143,0
2026-07-14,FUT,JUN27,7808.25,+21.25,0,102,0
2026-07-14,FUT,DEC27,7956.00,+19.50,0,83,0
2026-07-14,FUT,DEC28,8267.25,+27.75,0,20,0
2026-07-14,OPT,JUL26,1.42,-,660809.0,-976819.0,-17985.0
2026-07-14,OPT,AUG26,3.10,-,37774.0,-174873.0,-22936.0
2026-07-14,OPT,SEP26,1.24,-,30439.0,-132354.0,-984.0
2026-07-14,OPT,OCT26,2.88,-,3573.0,-57993.0,-663.0
2026-07-14,OPT,NOV26,3.19,-,1924.0,-39908.0,-47.0
2026-07-14,OPT,DEC26,1.17,-,4751.0,-125300.0,-225.0
2026-07-14,OPT,JAN27,2.00,-,84.0,-33287.0,-15.0
2026-07-14,OPT,FEB27,2.50,-,35.0,-24074.0,0.0
2026-07-14,OPT,MAR27,6.65,-,620.0,-15574.0,-177.0
2026-07-14,OPT,APR27,0.52,-,32.0,2444.0,-8.0
2026-07-14,OPT,MAY27,3.31,-,56.0,1376.0,-12.0
2026-07-14,OPT,JUN27,1.83,-,496.0,-10046.0,-99.0
2026-07-14,OPT,JUL27,0.09,-,105.0,-315.0,73.0
2026-07-14,OPT,SEP27,1.91,-,294.0,2740.0,-96.0
2026-07-14,OPT,DEC27,0.01,-,137.0,-10724.0,51.0
2026-07-14,OPT,DEC28,0.83,-,22.0,-2366.0,-4.0
2026-07-15,FUT,SEP26,7614.75,+23.50,1313380,1919086,4755
2026-07-15,FUT,DEC26,7682.00,+23.25,1892,27484,663
2026-07-15,FUT,MAR27,7761.50,+24.50,0,143,0
2026-07-15,FUT,JUN27,7831.50,+23.25,0,102,0
2026-07-15,FUT,DEC27,7976.50,+20.50,0,83,0
2026-07-15,FUT,DEC28,8279.50,+12.25,0,20,0
2026-07-15,OPT,JUL26,1.41,-,694731.0,-994221.0,-17522.0
2026-07-15,OPT,AUG26,1.85,-,51526.0,-179609.0,-4736.0
2026-07-15,OPT,SEP26,5.08,-,72058.0,-175815.0,-43461.0
2026-07-15,OPT,OCT26,2.13,-,6903.0,-59359.0,-1366.0
2026-07-15,OPT,NOV26,3.83,-,5773.0,-41378.0,-1470.0
2026-07-15,OPT,DEC26,2.61,-,8380.0,-127174.0,-1874.0
2026-07-15,OPT,JAN27,13.90,-,1594.0,-33687.0,-400.0
2026-07-15,OPT,FEB27,5.18,-,105.0,-24066.0,8.0
2026-07-15,OPT,MAR27,1.22,-,2125.0,-15772.0,-198.0
2026-07-15,OPT,APR27,26.25,-,109.0,2402.0,-42.0
2026-07-15,OPT,MAY27,3.28,-,107.0,1322.0,-54.0
2026-07-15,OPT,JUN27,1.39,-,1483.0,-9347.0,699.0
2026-07-15,OPT,JUL27,0.00,-,11.0,-326.0,-11.0
2026-07-15,OPT,SEP27,0.00,-,25.0,2765.0,25.0
2026-07-15,OPT,DEC27,0.14,-,124.0,-10659.0,65.0
2026-07-15,OPT,MAR28,0.00,-,61.0,-93.0,41.0
2026-07-15,OPT,DEC28,0.00,-,4.0,-2370.0,-4.0
2026-07-15,OPT,DEC29,0.00,-,10.0,240.0,10.0
2026-07-16,FUT,SEP26,7577.75,-37.00,1323663,1915841,1884
2026-07-16,FUT,DEC26,7644.75,-37.25,2578,28048,564
2026-07-16,FUT,MAR27,7719.25,-42.25,0,143,0
2026-07-16,FUT,JUN27,7793.00,-38.50,0,102,0
2026-07-16,FUT,DEC27,7940.25,-36.25,0,83,0
2026-07-16,FUT,DEC28,8239.50,-40.00,0,20,0
2026-07-16,OPT,JUL26,1.58,-,705494.0,-1047207.0,-53147.0
2026-07-16,OPT,AUG26,1.49,-,54466.0,-204640.0,-25031.0
2026-07-16,OPT,SEP26,1.59,-,32902.0,-179120.0,-3270.0
2026-07-16,OPT,OCT26,2.69,-,7769.0,-61091.0,-1732.0
2026-07-16,OPT,NOV26,4.47,-,3974.0,-42717.0,-1339.0
2026-07-16,OPT,DEC26,2.57,-,5643.0,-127394.0,-220.0
2026-07-16,OPT,JAN27,0.18,-,228.0,-33725.0,-38.0
2026-07-16,OPT,FEB27,11.00,-,108.0,-24049.0,17.0
2026-07-16,OPT,MAR27,5.97,-,843.0,-16177.0,-405.0
2026-07-16,OPT,APR27,0.06,-,150.0,2406.0,4.0
2026-07-16,OPT,MAY27,0.18,-,224.0,1464.0,142.0
2026-07-16,OPT,JUN27,1.08,-,1675.0,-9076.0,271.0
2026-07-16,OPT,JUL27,5.29,-,107.0,-396.0,-70.0
2026-07-16,OPT,AUG27,0.00,-,46.0,-46.0,-46.0
2026-07-16,OPT,SEP27,20.17,-,127.0,2648.0,-117.0
2026-07-16,OPT,DEC27,30.50,-,63.0,-10717.0,-58.0
2026-07-16,OPT,MAR28,0.17,-,42.0,-57.0,36.0
2026-07-16,OPT,JUN28,0.00,-,67.0,-70.0,-67.0
2026-07-16,OPT,DEC28,0.00,-,57.0,-2399.0,-29.0
2026-07-17,FUT,SEP26,7497.75,-80.00,1710680,1914267,2395
2026-07-17,FUT,DEC26,7564.50,-80.25,2748,28956,908
2026-07-17,FUT,MAR27,7640.50,-78.75,0,143,0
2026-07-17,FUT,JUN27,7713.25,-79.75,0,102,0
2026-07-17,FUT,DEC27,7856.50,-83.75,0,83,0
2026-07-17,FUT,DEC28,8157.00,-82.50,0,20,0
2026-07-17,OPT,JUL26,1.15,-,806294.0,-1259006.0,-245349.0
2026-07-17,OPT,AUG26,1.09,-,62434.0,-196248.0,-22728.0
2026-07-17,OPT,SEP26,0.60,-,53800.0,-159920.0,14149.0
2026-07-17,OPT,OCT26,1.85,-,8726.0,-56242.0,-2725.0
2026-07-17,OPT,NOV26,2.51,-,4540.0,-42255.0,-1164.0
2026-07-17,OPT,DEC26,0.24,-,21198.0,-115196.0,8562.0
2026-07-17,OPT,JAN27,0.40,-,123.0,-33690.0,27.0
2026-07-17,OPT,FEB27,2.68,-,136.0,-24043.0,22.0
2026-07-17,OPT,MAR27,2.50,-,1011.0,-16093.0,-325.0
2026-07-17,OPT,APR27,0.09,-,110.0,2431.0,18.0
2026-07-17,OPT,MAY27,0.58,-,93.0,1405.0,-81.0
2026-07-17,OPT,JUN27,0.57,-,2386.0,-8053.0,657.0
2026-07-17,OPT,JUL27,1.05,-,176.0,-360.0,-51.0
2026-07-17,OPT,AUG27,0.00,-,46.0,-46.0,-46.0
2026-07-17,OPT,SEP27,0.69,-,296.0,2812.0,46.0
2026-07-17,OPT,DEC27,7.62,-,69.0,-10720.0,-62.0
2026-07-17,OPT,MAR28,0.14,-,49.0,-14.0,43.0
2026-07-17,OPT,JUN28,0.00,-,67.0,-70.0,-67.0
2026-07-17,OPT,DEC28,1.84,-,88.0,-2368.0,2.0
2026-07-20,FUT,SEP26,7484.25,-13.50,1388418,1919809,7464
2026-07-20,FUT,DEC26,7551.25,-13.25,1852,29564,608
2026-07-20,FUT,MAR27,7628.75,-11.75,7,147,4
2026-07-20,FUT,JUN27,7701.50,-11.75,0,102,0
2026-07-20,FUT,DEC27,7849.75, -6.75,0,83,0
2026-07-20,FUT,DEC28,8146.50,-10.50,0,20,0
2026-07-20,OPT,JUL26,1.52,-,705260.0,-576092.0,68416.0
2026-07-20,OPT,AUG26,1.57,-,75877.0,-224884.0,-6388.0
2026-07-20,OPT,SEP26,0.91,-,43527.0,-161848.0,-1669.0
2026-07-20,OPT,OCT26,1.64,-,15210.0,-73731.0,-2063.0
2026-07-20,OPT,NOV26,2.04,-,3146.0,-43529.0,-765.0
2026-07-20,OPT,DEC26,0.62,-,13448.0,-124776.0,289.0
2026-07-20,OPT,JAN27,2.47,-,201.0,-34476.0,-41.0
2026-07-20,OPT,FEB27,0.16,-,403.0,-23948.0,220.0
2026-07-20,OPT,MAR27,1.39,-,678.0,-16686.0,-211.0
2026-07-20,OPT,APR27,2.50,-,7.0,2146.0,-1.0
2026-07-20,OPT,MAY27,1.61,-,73.0,1361.0,-32.0
2026-07-20,OPT,JUN27,0.15,-,1393.0,-7541.0,584.0
2026-07-20,OPT,JUL27,0.40,-,132.0,-519.0,64.0
2026-07-20,OPT,AUG27,1.09,-,138.0,-38.0,14.0
2026-07-20,OPT,SEP27,0.67,-,287.0,2624.0,15.0
2026-07-20,OPT,DEC27,13.09,-,155.0,-10858.0,-92.0
2026-07-20,OPT,MAR28,0.26,-,111.0,36.0,65.0
2026-07-20,OPT,JUN28,13.00,-,14.0,-82.0,-12.0
2026-07-20,OPT,DEC28,0.00,-,2.0,-2369.0,-1.0
2026-07-21,FUT,SEP26,7545.75,+61.50,1038606,1913074,-5071
2026-07-21,FUT,DEC26,7613.50,+62.25,1425,29857,293
2026-07-21,FUT,MAR27,7691.75,+63.00,3,148,1
2026-07-21,FUT,JUN27,7766.25,+64.75,0,102,0
2026-07-21,FUT,DEC27,7916.25,+66.50,0,83,0
2026-07-21,FUT,DEC28,8224.50,+78.00,0,20,0
2026-07-21,OPT,JUL26,2.12,-,698065.0,-515934.0,59852.0
2026-07-21,OPT,AUG26,2.00,-,69238.0,-230910.0,-6076.0
2026-07-21,OPT,SEP26,1.95,-,37953.0,-168134.0,-6302.0
2026-07-21,OPT,OCT26,2.16,-,7207.0,-74920.0,-1189.0
2026-07-21,OPT,NOV26,2.38,-,6727.0,-45494.0,-1965.0
2026-07-21,OPT,DEC26,3.29,-,13469.0,-127278.0,-2502.0
2026-07-21,OPT,JAN27,6.58,-,1038.0,-34967.0,-491.0
2026-07-21,OPT,FEB27,6.39,-,244.0,-24069.0,-121.0
2026-07-21,OPT,MAR27,3.15,-,763.0,-16844.0,-158.0
2026-07-21,OPT,APR27,7.27,-,91.0,2093.0,-53.0
2026-07-21,OPT,MAY27,5.20,-,155.0,1352.0,-9.0
2026-07-21,OPT,JUN27,2.20,-,687.0,-7619.0,-78.0
2026-07-21,OPT,JUL27,0.00,-,72.0,-447.0,72.0
2026-07-21,OPT,AUG27,0.21,-,23.0,-23.0,15.0
2026-07-21,OPT,SEP27,0.02,-,129.0,2693.0,69.0
2026-07-21,OPT,DEC27,6.70,-,416.0,-11091.0,-233.0
2026-07-21,OPT,DEC28,47.50,-,97.0,-2371.0,-2.0
2026-07-21,OPT,DEC29,0.00,-,2.0,239.0,-1.0
2026-07-22,FUT,SEP26,7540.25, -5.50,1056769,1901236,-8047
2026-07-22,FUT,DEC26,7608.25, -5.25,2862,30958,1101
2026-07-22,FUT,MAR27,7685.00, -6.75,0,148,0
2026-07-22,FUT,JUN27,7761.75, -4.50,0,102,0
2026-07-22,FUT,DEC27,7913.75, -2.50,0,83,0
2026-07-22,FUT,DEC28,8223.25, -1.25,0,20,0
2026-07-22,OPT,JUL26,1.69,-,656327.0,-570053.0,-54805.0
2026-07-22,OPT,AUG26,2.26,-,82328.0,-278465.0,-47511.0
2026-07-22,OPT,SEP26,1.60,-,24456.0,-170238.0,-2111.0
2026-07-22,OPT,OCT26,2.36,-,4074.0,-75678.0,-758.0
2026-07-22,OPT,NOV26,1.66,-,2638.0,-45549.0,-55.0
2026-07-22,OPT,DEC26,1.84,-,9240.0,-127677.0,-399.0
2026-07-22,OPT,JAN27,2.46,-,1369.0,-35119.0,-152.0
2026-07-22,OPT,FEB27,5.38,-,1998.0,-25027.0,-958.0
2026-07-22,OPT,MAR27,21.18,-,3926.0,-18182.0,-1338.0
2026-07-22,OPT,APR27,1.10,-,128.0,2094.0,1.0
2026-07-22,OPT,MAY27,9.63,-,797.0,730.0,-622.0
2026-07-22,OPT,JUN27,9.67,-,1184.0,-8456.0,-837.0
2026-07-22,OPT,JUL27,1.44,-,66.0,-460.0,-13.0
2026-07-22,OPT,AUG27,0.39,-,71.0,8.0,31.0
2026-07-22,OPT,SEP27,7.37,-,251.0,2533.0,-160.0
2026-07-22,OPT,DEC27,0.12,-,56.0,-11037.0,54.0
2026-07-22,OPT,MAR28,0.20,-,6.0,31.0,-5.0
2026-07-22,OPT,JUN28,0.00,-,15.0,-67.0,15.0
2026-07-22,OPT,DEC28,0.81,-,232.0,-2340.0,31.0
2026-07-22,OPT,DEC29,0.00,-,2.0,241.0,2.0
2026-07-23,FUT,SEP26,7445.00,-95.25,1650704,1886106,-12674
2026-07-23,FUT,DEC26,7511.75,-96.50,2787,31707,749
2026-07-23,FUT,MAR27,7588.75,-96.25,6,150,2
2026-07-23,FUT,JUN27,7664.00,-97.75,0,102,0
2026-07-23,FUT,DEC27,7816.75,-97.00,0,83,0
2026-07-23,FUT,DEC28,8128.00,-95.25,0,20,0
2026-07-23,OPT,JUL26,1.73,-,803043.0,-594907.0,-25018.0
2026-07-23,OPT,AUG26,1.81,-,153630.0,-292354.0,-13889.0
2026-07-23,OPT,SEP26,1.19,-,57985.0,-174676.0,-4438.0
2026-07-23,OPT,OCT26,2.45,-,9561.0,-75537.0,141.0
2026-07-23,OPT,NOV26,1.82,-,4479.0,-45319.0,230.0
2026-07-23,OPT,DEC26,4.50,-,32976.0,-129165.0,-1488.0
2026-07-23,OPT,JAN27,4.00,-,3118.0,-34756.0,363.0
2026-07-23,OPT,FEB27,0.21,-,515.0,-24761.0,266.0
2026-07-23,OPT,MAR27,0.75,-,2348.0,-18417.0,-235.0
2026-07-23,OPT,APR27,0.09,-,61.0,2091.0,-3.0
2026-07-23,OPT,MAY27,0.56,-,999.0,475.0,-255.0
2026-07-23,OPT,JUN27,1.05,-,1622.0,-8657.0,-201.0
2026-07-23,OPT,JUL27,0.13,-,169.0,-328.0,132.0
2026-07-23,OPT,AUG27,0.91,-,44.0,10.0,2.0
2026-07-23,OPT,SEP27,0.43,-,624.0,2723.0,190.0
2026-07-23,OPT,DEC27,1.73,-,183.0,-11056.0,-19.0
2026-07-23,OPT,MAR28,0.00,-,14.0,28.0,-3.0
2026-07-23,OPT,JUN28,0.00,-,25.0,-42.0,25.0
2026-07-23,OPT,DEC28,2.00,-,3.0,-2341.0,-1.0
2026-07-24,FUT,SEP26,7447.50, +2.50,1450023,1904864,21852
2026-07-24,FUT,DEC26,7514.25, +2.50,2133,31888,181
2026-07-24,FUT,MAR27,7591.00, +2.25,1,150,0
2026-07-24,FUT,JUN27,7665.25, +1.25,0,102,0
2026-07-24,FUT,DEC27,7813.75, -3.00,0,83,0
2026-07-24,FUT,DEC28,8123.75, -4.25,0,20,0
2026-07-24,OPT,JUL26,1.97,-,884031.0,-511414.0,81565.0
2026-07-24,OPT,AUG26,1.82,-,155150.0,-318896.0,-26936.0
2026-07-24,OPT,SEP26,2.34,-,38688.0,-174477.0,189.0
2026-07-24,OPT,OCT26,2.24,-,9920.0,-75128.0,409.0
2026-07-24,OPT,NOV26,1.74,-,2554.0,-45390.0,-71.0
2026-07-24,OPT,DEC26,2.03,-,18130.0,-130302.0,-1137.0
2026-07-24,OPT,JAN27,0.86,-,299.0,-34790.0,-34.0
2026-07-24,OPT,FEB27,0.24,-,297.0,-24771.0,-10.0
2026-07-24,OPT,MAR27,6.06,-,2703.0,-20366.0,-1949.0
2026-07-24,OPT,APR27,0.00,-,64.0,2126.0,35.0
2026-07-24,OPT,MAY27,0.53,-,162.0,368.0,-107.0
2026-07-24,OPT,JUN27,2.12,-,771.0,-9013.0,-356.0
2026-07-24,OPT,JUL27,13.33,-,43.0,-364.0,-36.0
2026-07-24,OPT,SEP27,0.59,-,520.0,2852.0,129.0
2026-07-24,OPT,DEC27,3.98,-,319.0,-11232.0,-176.0
2026-07-24,OPT,MAR28,0.00,-,8.0,22.0,-6.0
2026-07-27,FUT,SEP26,7448.25, +0.75,1468720,1920855,19128
2026-07-27,FUT,DEC26,7515.00, +0.75,2760,31869,-19
2026-07-27,FUT,MAR27,7591.25, +0.25,2,151,1
2026-07-27,FUT,JUN27,7665.50, +0.25,0,102,0
2026-07-27,FUT,DEC27,7812.75, -1.00,0,83,0
2026-07-27,FUT,DEC28,8118.50, -5.25,0,20,0
2026-07-27,OPT,JUL26,1.43,-,639114.0,-440250.0,71023.0
2026-07-27,OPT,AUG26,1.51,-,173347.0,-335167.0,-16271.0
2026-07-27,OPT,SEP26,1.35,-,31346.0,-175843.0,-1364.0
2026-07-27,OPT,OCT26,1.98,-,10628.0,-76965.0,-1837.0
2026-07-27,OPT,NOV26,2.43,-,5369.0,-46386.0,-996.0
2026-07-27,OPT,DEC26,4.05,-,11483.0,-134655.0,-4353.0
2026-07-27,OPT,JAN27,1.76,-,785.0,-35126.0,-336.0
2026-07-27,OPT,FEB27,4.01,-,566.0,-25162.0,-391.0
2026-07-27,OPT,MAR27,0.37,-,751.0,-20295.0,71.0
2026-07-27,OPT,APR27,0.01,-,404.0,2014.0,-112.0
2026-07-27,OPT,MAY27,2.33,-,290.0,248.0,-120.0
2026-07-27,OPT,JUN27,1.94,-,2421.0,-10552.0,-1539.0
2026-07-27,OPT,JUL27,0.67,-,5.0,-364.0,0.0
2026-07-27,OPT,SEP27,0.98,-,586.0,2845.0,-7.0
2026-07-27,OPT,DEC27,0.31,-,21.0,-11223.0,9.0
2026-07-27,OPT,MAR28,57.00,-,58.0,-34.0,-56.0
2026-07-27,OPT,DEC28,0.00,-,2.0,-2339.0,2.0
2026-07-28,FUT,SEP26,7465.25,+17.00,1389750,1955719,37335
2026-07-28,FUT,DEC26,7532.00,+17.00,1387,31852,-17
2026-07-28,FUT,MAR27,7607.75,+16.50,2,150,-1
2026-07-28,FUT,JUN27,7682.75,+17.25,0,102,0
2026-07-28,FUT,DEC27,7830.00,+17.25,0,83,0
2026-07-28,FUT,DEC28,8130.50,+12.00,0,20,0
2026-07-28,OPT,JUL26,1.74,-,542207.0,-346249.0,93998.0
2026-07-28,OPT,AUG26,2.08,-,180313.0,-377971.0,-42808.0
2026-07-28,OPT,SEP26,1.41,-,31334.0,-178360.0,-2433.0
2026-07-28,OPT,OCT26,1.76,-,6625.0,-77361.0,-396.0
2026-07-28,OPT,NOV26,1.02,-,3331.0,-46737.0,-351.0
2026-07-28,OPT,DEC26,0.48,-,22216.0,-141572.0,-6917.0
2026-07-28,OPT,JAN27,2.80,-,852.0,-35252.0,-126.0
2026-07-28,OPT,FEB27,0.31,-,76.0,-25212.0,-50.0
2026-07-28,OPT,MAR27,1.52,-,1377.0,-20671.0,-376.0
2026-07-28,OPT,APR27,0.13,-,119.0,2110.0,96.0
2026-07-28,OPT,MAY27,40.50,-,249.0,57.0,-191.0
2026-07-28,OPT,JUN27,1.39,-,728.0,-10596.0,-44.0
2026-07-28,OPT,JUL27,0.00,-,411.0,-772.0,-408.0
2026-07-28,OPT,AUG27,0.00,-,12.0,4.0,-6.0
2026-07-28,OPT,SEP27,0.10,-,240.0,3003.0,158.0
2026-07-28,OPT,DEC27,1.29,-,160.0,-11236.0,-13.0
2026-07-28,OPT,MAR28,0.00,-,26.0,-43.0,-9.0
2026-07-28,OPT,JUN28,0.00,-,25.0,-17.0,25.0
2026-07-28,OPT,DEC28,0.00,-,5.0,-2341.0,-2.0
2026-07-29,FUT,SEP26,7351.25,-114.00,2067427,2012250,60049
2026-07-29,FUT,DEC26,7415.25,-116.75,5428,32292,440
2026-07-29,FUT,MAR27,7489.50,-118.25,6,154,4
2026-07-29,FUT,JUN27,7561.25,-121.50,0,102,0
2026-07-29,FUT,DEC27,7704.75,-125.25,0,83,0
2026-07-29,FUT,DEC28,8002.50,-128.00,0,20,0
2026-07-29,OPT,JUL26,1.64,-,714287.0,-313551.0,32622.0
2026-07-29,OPT,AUG26,2.10,-,336178.0,-436869.0,-58941.0
2026-07-29,OPT,SEP26,1.73,-,68728.0,-182095.0,-3735.0
2026-07-29,OPT,OCT26,1.93,-,11731.0,-79265.0,-1904.0
2026-07-29,OPT,NOV26,5.09,-,3306.0,-47561.0,-824.0
2026-07-29,OPT,DEC26,1.29,-,17829.0,-139857.0,1715.0
2026-07-29,OPT,JAN27,85.56,-,9002.0,-31761.0,3491.0
2026-07-29,OPT,FEB27,2.02,-,175.0,-25176.0,36.0
2026-07-29,OPT,MAR27,8.43,-,1169.0,-21462.0,-791.0
2026-07-29,OPT,APR27,0.00,-,5.0,2110.0,0.0
2026-07-29,OPT,MAY27,0.70,-,56.0,33.0,-24.0
2026-07-29,OPT,JUN27,3.31,-,965.0,-11313.0,-717.0
2026-07-29,OPT,JUL27,1.13,-,190.0,-784.0,-12.0
2026-07-29,OPT,AUG27,0.35,-,128.0,66.0,62.0
2026-07-29,OPT,SEP27,107.20,-,541.0,2590.0,-413.0
2026-07-29,OPT,DEC27,0.52,-,44.0,-11216.0,20.0
2026-07-29,OPT,MAR28,3.85,-,63.0,-80.0,-37.0
2026-07-30,FUT,SEP26,7472.50,+121.25,1739568,2027370,17527
2026-07-30,FUT,DEC26,7537.25,+122.00,2726,32455,164
2026-07-30,FUT,MAR27,7612.25,+122.75,2,155,1
2026-07-30,FUT,JUN27,7686.50,+125.25,0,102,0
2026-07-30,FUT,DEC27,7833.50,+128.75,0,83,0
2026-07-30,FUT,DEC28,8136.50,+134.00,0,20,0
2026-07-30,OPT,JUL26,1.24,-,527602.0,-219776.0,93661.0
2026-07-30,OPT,AUG26,1.82,-,392019.0,-589416.0,-152744.0
2026-07-30,OPT,SEP26,1.50,-,49243.0,-191503.0,-9281.0
2026-07-30,OPT,OCT26,1.67,-,10356.0,-78061.0,1204.0
2026-07-30,OPT,NOV26,3.26,-,2042.0,-47481.0,80.0
2026-07-30,OPT,DEC26,1.29,-,10943.0,-140245.0,-388.0
2026-07-30,OPT,JAN27,3.71,-,994.0,-32207.0,-446.0
2026-07-30,OPT,FEB27,0.74,-,207.0,-25177.0,-1.0
2026-07-30,OPT,MAR27,19.93,-,5840.0,-26028.0,-4566.0
2026-07-30,OPT,APR27,1.39,-,467.0,2299.0,189.0
2026-07-30,OPT,MAY27,5.71,-,188.0,-137.0,-170.0
2026-07-30,OPT,JUN27,0.26,-,830.0,-11080.0,233.0
2026-07-30,OPT,JUL27,0.22,-,217.0,-615.0,169.0
2026-07-30,OPT,AUG27,1.47,-,324.0,16.0,-50.0
2026-07-30,OPT,SEP27,0.76,-,2749.0,2722.0,132.0
2026-07-30,OPT,DEC27,0.18,-,1546.0,-11238.0,-22.0
2026-07-30,OPT,DEC28,1.20,-,11.0,-2345.0,-4.0
2026-07-31,FUT,SEP26,7519.25,+46.75,1831952,2021173,-4235
2026-07-31,FUT,DEC26,7585.25,+48.00,2259,32488,33
2026-07-31,FUT,MAR27,7661.75,+49.50,6,155,0
2026-07-31,FUT,JUN27,7736.50,+50.00,380,482,380
2026-07-31,FUT,DEC27,7888.50,+55.00,0,83,0
2026-07-31,FUT,DEC28,8199.00,+62.50,0,20,0
2026-07-31,OPT,JUL26,1.21,-,401641.0,0.0,219425.0
2026-07-31,OPT,AUG26,1.92,-,778874.0,-737030.0,-147949.0
2026-07-31,OPT,SEP26,1.10,-,59077.0,-191742.0,-155.0
2026-07-31,OPT,OCT26,2.12,-,12414.0,-74110.0,3951.0
2026-07-31,OPT,NOV26,1.38,-,3230.0,-47267.0,214.0
2026-07-31,OPT,DEC26,1.32,-,10501.0,-140464.0,-219.0
2026-07-31,OPT,JAN27,0.61,-,1688.0,-32598.0,-391.0
2026-07-31,OPT,FEB27,31.78,-,295.0,-25436.0,-259.0
2026-07-31,OPT,MAR27,15.59,-,3500.0,-27238.0,-1210.0
2026-07-31,OPT,APR27,0.01,-,4049.0,12196.0,9897.0
2026-07-31,OPT,MAY27,0.31,-,113.0,-83.0,54.0
2026-07-31,OPT,JUN27,0.60,-,530.0,-11117.0,-37.0
2026-07-31,OPT,JUL27,0.82,-,803.0,-510.0,105.0
2026-07-31,OPT,AUG27,0.81,-,407.0,63.0,47.0
2026-07-31,OPT,SEP27,0.93,-,366.0,2854.0,132.0
2026-07-31,OPT,DEC27,0.23,-,261.0,-11276.0,-38.0
2026-07-31,OPT,MAR28,0.08,-,42.0,-44.0,36.0
2026-07-31,OPT,DEC28,1.00,-,18.0,-2343.0,2.0
2026-08-03,FUT,SEP26,7628.25,+109.00,1457022,2071395,50565
2026-08-03,FUT,DEC26,7695.75,+110.50,2032,33416,928
2026-08-03,FUT,MAR27,7773.00,+111.25,11,155,0
2026-08-03,FUT,JUN27,7849.25,+112.75,1,482,0
2026-08-03,FUT,SEP27,7926.25, +0.00,2,2,2
2026-08-03,FUT,DEC27,8001.00,+112.50,0,83,0
2026-08-03,FUT,DEC28,8316.25,+117.25,0,20,0
2026-08-03,OPT,AUG26,1.63,-,1104178.0,-770486.0,-34215.0
2026-08-03,OPT,SEP26,0.74,-,103827.0,-182765.0,8980.0
2026-08-03,OPT,OCT26,1.57,-,17717.0,-76693.0,-2583.0
2026-08-03,OPT,NOV26,2.47,-,8620.0,-50141.0,-2874.0
2026-08-03,OPT,DEC26,2.18,-,31749.0,-141124.0,-660.0
2026-08-03,OPT,JAN27,1.92,-,1956.0,-32794.0,-196.0
2026-08-03,OPT,FEB27,5.36,-,2571.0,-26130.0,-694.0
2026-08-03,OPT,MAR27,0.66,-,11921.0,-22459.0,4779.0
2026-08-03,OPT,APR27,9.28,-,473.0,11982.0,-214.0
2026-08-03,OPT,MAY27,1.15,-,1148.0,-59.0,24.0
2026-08-03,OPT,JUN27,0.48,-,3369.0,-11331.0,-214.0
2026-08-03,OPT,JUL27,1.19,-,1753.0,-735.0,-225.0
2026-08-03,OPT,AUG27,0.44,-,1364.0,607.0,544.0
2026-08-03,OPT,SEP27,0.27,-,3125.0,3860.0,1006.0
2026-08-03,OPT,DEC27,0.05,-,870.0,-10887.0,389.0
2026-08-03,OPT,MAR28,0.03,-,33.0,-42.0,2.0
2026-08-03,OPT,JUN28,0.19,-,25.0,2.0,19.0
2026-08-03,OPT,DEC28,0.00,-,21.0,-2363.0,-20.0
2026-08-03,OPT,DEC29,0.00,-,4.0,242.0,1.0
2026-08-03,OPT,DEC30,6.00,-,14.0,-176.0,0.0
2026-08-04,FUT,SEP26,7765.50,+137.25,1724914,2083970,14915
2026-08-04,FUT,DEC26,7834.75,+139.00,6408,36182,2768
2026-08-04,FUT,MAR27,7911.75,+138.75,857,1007,852
2026-08-04,FUT,JUN27,7988.50,+139.25,1,482,0
2026-08-04,FUT,SEP27,8064.25,+138.00,0,2,0
2026-08-04,FUT,DEC27,8142.50,+141.50,0,83,0
2026-08-04,FUT,DEC28,8462.75,+146.50,0,20,0
2026-08-04,OPT,AUG26,0.84,-,1423620.0,-650127.0,119979.0
2026-08-04,OPT,SEP26,0.69,-,148034.0,-198583.0,-15818.0
2026-08-04,OPT,OCT26,2.56,-,22568.0,-82837.0,-6144.0
2026-08-04,OPT,NOV26,2.20,-,13201.0,-52092.0,-1951.0
2026-08-04,OPT,DEC26,1.08,-,61072.0,-133737.0,7387.0
2026-08-04,OPT,JAN27,1.43,-,3511.0,-25574.0,7220.0
2026-08-04,OPT,FEB27,2.88,-,4436.0,-27546.0,-1416.0
2026-08-04,OPT,MAR27,1.82,-,22865.0,-14930.0,7529.0
2026-08-04,OPT,APR27,21.80,-,2280.0,10095.0,-1887.0
2026-08-04,OPT,MAY27,0.39,-,846.0,206.0,265.0
2026-08-04,OPT,JUN27,0.52,-,1669.0,-11884.0,-553.0
2026-08-04,OPT,JUL27,0.82,-,556.0,-853.0,-118.0
2026-08-04,OPT,AUG27,1.65,-,540.0,476.0,-131.0
2026-08-04,OPT,SEP27,0.31,-,2207.0,4404.0,544.0
2026-08-04,OPT,DEC27,1.74,-,1109.0,-11333.0,-446.0
2026-08-04,OPT,MAR28,4.60,-,56.0,-77.0,-35.0
2026-08-04,OPT,DEC28,10.67,-,35.0,-2337.0,26.0
2026-08-04,OPT,DEC30,0.00,-,4.0,-172.0,4.0
2026-08-05,FUT,SEP26,7749.50,-16.00,1500673,2097690,19389
2026-08-05,FUT,DEC26,7818.25,-16.50,3697,37421,1237
2026-08-05,FUT,MAR27,7894.75,-17.00,10,1005,-2
2026-08-05,FUT,JUN27,7972.50,-16.00,0,482,0
2026-08-05,FUT,SEP27,8048.50,-15.75,0,2,0
2026-08-05,FUT,DEC27,8121.25,-21.25,0,83,0
2026-08-05,FUT,DEC28,8446.50,-16.25,0,20,0
2026-08-05,OPT,AUG26,0.93,-,992091.0,-680171.0,-31403.0
2026-08-05,OPT,SEP26,0.73,-,111409.0,-206352.0,-7766.0
2026-08-05,OPT,OCT26,0.83,-,24610.0,-83643.0,-806.0
2026-08-05,OPT,NOV26,2.10,-,6952.0,-52276.0,-184.0
2026-08-05,OPT,DEC26,0.90,-,38503.0,-136541.0,-1804.0
2026-08-05,OPT,JAN27,4.91,-,3747.0,-27381.0,-1807.0
2026-08-05,OPT,FEB27,2.09,-,822.0,-27519.0,27.0
2026-08-05,OPT,MAR27,2.86,-,9334.0,-19495.0,-4565.0
2026-08-05,OPT,APR27,1.28,-,274.0,10159.0,64.0
2026-08-05,OPT,MAY27,1.23,-,372.0,157.0,-49.0
2026-08-05,OPT,JUN27,1.20,-,3695.0,-12185.0,-301.0
2026-08-05,OPT,JUL27,0.59,-,579.0,-691.0,162.0
2026-08-05,OPT,AUG27,0.51,-,535.0,522.0,46.0
2026-08-05,OPT,SEP27,0.15,-,945.0,4733.0,329.0
2026-08-05,OPT,DEC27,0.09,-,693.0,-10803.0,530.0
2026-08-05,OPT,MAR28,2.75,-,229.0,-224.0,-147.0
2026-08-05,OPT,JUN28,0.65,-,86.0,25.0,23.0
2026-08-05,OPT,DEC28,0.00,-,2.0,-2339.0,-2.0
